Orange = regional copyright,Red = gone,,,,,
,Keep in mind for submissions that it should be the most relevant ~30 seconds,,,,,
Youtube/Song Link,Source Game(s),Song Name,Artist,,,
https://www.youtube.com/watch?v=n-Dh3ftkRAs,I wanna be the Ocean Princess,Flight of the Silverbird,Two Steps From Hell,,,
https://www.youtube.com/watch?v=Busq3he5U6U,I Wanna Ponder,Its Raining On The Moon,StarSystems,,,
https://www.youtube.com/watch?v=kTE9UibRhnA&t=2m,I Wanna QoQoQo 300,Icarus,Ivan Torrent,,,
https://www.youtube.com/watch?v=Y7yMt-9uFCQ,I wanna be the Farewell;The Farewell Medley,Rilo's End,Joakim Sandberg,,,
https://www.youtube.com/watch?v=2UQAhhWO6dg,I Wanna Fill In The Blanks,Bergen Village,Deniz Akbulut,,,
https://youtu.be/_jzBNljHr8c?t=20,I Wanna Get Cultured 2,StarDrive,Geoplex,,,
https://www.youtube.com/watch?v=NJdYxqOOjjI,I wanna kill the Guy;I Wanna Kill the Sacred C3 2,Infernoplex,Dimrain47,,,
https://www.youtube.com/watch?v=KLYyoIlXjS8,I Wanna Take the Timemachine 2,Desire to Fight,Miki Fujii,,,
https://www.youtube.com/watch?v=eLnUrjqoK20&t=20s,Domu,Chaos of Mind,Phyrnna,,,
https://www.youtube.com/watch?v=IDf9Iux_lGA,I Wanna be the Micromedley;I Wanna Try a Collab 2,No Party Like a Mojang Party (_ensnare_ Remix),Big Giant Circles,,,
https://www.youtube.com/watch?v=by4chqbj3_I,I wanna be the Crimson;I Wanna be the Daburyu;I Wanna Be the Picture,Black Rose Apostle,Zeami,,,
https://youtu.be/7xMVN8AA0RI?t=38,Not Another Magic Tower Game;Pandemonistic Tower,Cantarella -grace edition-,Nero,,,
https://youtu.be/8Z629dsJnns?t=92,I wanna Classic,Shining Collection,Iceman,,,
https://www.youtube.com/watch?v=mCJtd8hQmXc,I wanna kill the Guy,Summer Solace,durn,,,
https://youtu.be/LLPIekgMbTE?t=65,I wanna be the Hamster!;Ich möchte deine Flucht vor der Wirklichkeit nähren,Right on Time,Ryu☆,,,
https://youtu.be/vUoliqQxOnU?t=4,I Wanna be the Block;I Wanna Go THE TIME;I Wanna Kill the 2doku,degelock,Popira 2,,,
https://youtu.be/S66dYJMM0Wk?t=58,I Wanna be the Bingo,Bingo,Turtle,,,
https://youtu.be/arsMbPjAO8E?t=276,I Wanna be the Noesis;I Wanna Say NO to Literature;I Wanna be the First TIS;I Wanna Break the Last Z;The Farewell Medley,destruction,SENTIVE,,,
https://youtu.be/EHAlYdarG4c?t=161,I wanna call me it;I Wanna be the TT,my little room 404,arai tasuku,,,
https://youtu.be/sropon-wsRQ?t=41,I Wanna be the S,Juggler's Madness,Lite Show Magic,,,
https://youtu.be/z0zdqeivGaU?t=124,I Wanna Break the Series Z 3,United We Stand - Divided We Fall,Two Steps From Hell,,,
https://youtu.be/xFoLHtZ3YuQ?t=249,Soulless;I Wanna Kill the 3sweepor;RNG Dungeon,Soulless 4,Exilelord,,,
https://youtu.be/TcQRWzkSRW4?t=44,I wanna break Things into Pieces,Mono wo Parapara Kowasu,Kikuo,,,
https://youtu.be/b4tzH8OvEHI?t=2,I wanna be the Justice;I Wanna Get Cultured 2,Himiko [8-bit mix],threvanz,,,
https://youtu.be/OigBPoj5T84?t=1,I Wanna be the G;I Wanna be the G Another,Glucagon,EZFG,,,
https://youtu.be/gHCQdrvdpEU?t=155,I Wanna be the C/O/S/M/O,C/O/S/M/O,HAMO,,,
https://youtu.be/JDAndqqip14?t=57,I wanna be the Music2;Infernal Beings,"Electric ""Sister"" Bitch",t+pazolite,,,
https://youtu.be/haDaLQvcowQ?t=48,I Wanna be the TIS;Boshy Remastered;I wanna be the Tenchos pictures 2;The Farewell Medley,NO REMORSE,Ketsui Kizuna Jigoku Tachi,,,
https://www.youtube.com/watch?v=92i4jaMH2m8,I wanna climb the Witch's Tower,Discolor,zts,,,
https://www.youtube.com/watch?v=jSBlrc950kM,Straight Outta Compton,Sexual Healing (Mike Posner Remix),Marvin Gaye,,,
https://youtu.be/P5kgI5WahTw,Christmas Deliveries,Boss Theme,TMNT Arcade,,,
https://youtu.be/LNjyewv2Lh4?t=184,I Wanna Keep My Mental,Spiral Staircase,ぎぶそん,,,
https://youtu.be/PMGfGxUE6Ks?t=1,I Wanna be the Pastel,KIMONO♥PRINCESS,jun from DanceDanceRevolution X2,,,
https://youtu.be/pAtrbudbAps?t=67,I wanna be the Ocean Princess,The Fire Inside,Damnation Angels,,,
https://youtu.be/XadG3uefBt4?t=161,I Wanna be the Charisma Breaker,do i smile?,t+pazolite,,,
https://www.youtube.com/watch?v=KoCslenmQq8,I Wanna be the Co-op,The Ultimate Show Remix,Desoloz,,,
https://youtu.be/L61Tjo8cim4?t=26,I wanna kill the Kermit 2,Don't Let Me Be Misunderstood,The Animals,,,
https://youtu.be/GnQo1Y6i2PY?t=108,I Wanna Destroy the Needleverse;I Wanna be the Math Major,Electric Fountain (Karma),Akitaka Tohyama,,,
https://youtu.be/M06aDKSgK5o?t=153,I Wanna Be the Maze,King of Kings,Tomu Miyazaki,,,
https://www.youtube.com/watch?v=C5BTnYUDOOo,I Wanna be the Zeus;I Wanna Introspect,Lullaby of a Deserted Hell,ZUN,,,
https://youtu.be/9ZnoN5o6J7s?t=103,I Wanna Challenge Kamirin,We Have Lee but you Don't Have,SoundTeMP,,,
https://youtu.be/pNMRBTN1SGU,I Wanna Defeat the Discord Makers Kela Side;VoVoVo,Ferris' Sand Canyon,Flex,,,
https://youtu.be/fQiibdwDm0c?t=22,I Wanna Kill the Kermit 3,Camp Adventure,Delta Sleep,,,
https://www.youtube.com/watch?v=uq5Cis2oieA&t=2m20s,I wanna bye the Entrance,Entrance,ICE,,,
https://youtu.be/fdYv463r-z0?t=69,I Wanna Destroy the Needleverse,Blooming Nightshade,Noisysundae,,,
https://youtu.be/2UoICtWA1kg?t=30,I Wanna Run the Marathon,Scenic Ride,Noisysundae,,,
https://youtu.be/P8JEm4d6Wu4?t=78,Shiz Nits,Insomnia,Faithless,,,
https://www.youtube.com/watch?v=KQkv9dT01Rc,I Wanna be the Ultimatum;I Wanna be the END;I Wanna be the Popularity;I Wanna be the Tempest;I Wanna be the Butterfly;I Wanna be the Nosieesi,Solnedgang,Arachno & Jockson,,,
https://youtu.be/E-fxS_7lKPM?t=39,I Wanna be Assaulted;I wanna be the Permanence 2;I Wanna Break the Last Z,Love Together,Nona Reeves,,,
https://youtu.be/_YRXt_YQU_g,I wanna get Cultured,Universe City,EON,,,
https://youtu.be/Rh4MXsw8cxc?t=30,I wanna be the Hato,Hato,Hatsune Miku,,,
https://youtu.be/wgWRfx-QcS8?t=34,I wanna be the Fangame!;I wanna be the Crimson;I wanna Classic;I wanna go the excursion,Crumbling Castle,Soichi Terada,,,
https://www.youtube.com/watch?v=D7Nkk5MhCWQ,I wanna kill the Guy;I Wanna be the Chair;I Wanna be the Chair 2,Alcohol1201.9.5.2802crk,RL-Team,,,
https://youtu.be/xdE1Ax6FBlA,Not Another Needle Game,Paladin,EnV,,,
https://www.youtube.com/watch?v=Zp-g0_2z-JE,I wanna be the Finite,Delfino Plaza,Koji Kondo,,,
https://youtu.be/UHTFCZgm6HU?t=70,I wanna Make Better Life Choices;I Wanna Ascend the 69;I Wanna Go the Trap Way;I wanna try a Collab 2,The Happy Troll,D1ofAquavibe,,,
https://youtu.be/C6Le7luzv2Y?t=1,I Wanna be the Gay Lizard,Ganjaman,Alfons,,,
https://youtu.be/0LqYVepFx8c?t=6,I Wanna be the Orbit,ENJOYEE! (YOUR LIFETIME),NONA REEVES,,,
https://www.youtube.com/watch?v=MTA_9Dst4-Q,Crimson Needle 2,April's Song,Real Estate,,,
https://youtu.be/3LVme9RIyOI?t=24,I wanna be the Melon,Kiki 3,Torotoro Resistance,,,
https://youtu.be/MzDpeX3eJRQ?t=136,I Wanna Take the Timemachine 2;I Wanna be the Maues,cheatreal,t+pazolite,,,
https://www.youtube.com/watch?v=jEGro4NpgCg,I Wanna be the Venus;I wanna be the Crimson Needle,Aquarium Park Act 1,Sonic Colors,,,
https://www.youtube.com/watch?v=C64wDdDCLbE,Not Another Magic Tower Game,Erebus,Memme,,,
https://youtu.be/rU4UBnDdEME?t=76,I wanna tear it,F.K.S,Nizikawa,,,
https://youtu.be/jluCdMqiadM?t=85,I Wanna Potato 2,watch it flow,goreshit,,,
https://youtu.be/TUOGygAYBG8,I wanna see the Moon,Stage 10,Kirby's Block Ball,,,
https://www.youtube.com/watch?v=T4TKu66qedE,I Wanna Nostalgia,Dreamland Offensive,DJ The S,,,
https://youtu.be/TaV1r341wYk?t=13,I wanna be the Off Party 2,Ghostbusters,Ray Parker Jr.,,,
https://youtu.be/D2WaT7-CZHY?t=39,I wanna Qubism,Qubism,Hate vs Brilliance,,,
https://youtu.be/iDWzmN-Olnc?t=22,I Wanna Uhuhu Spike,THE MEDLEY M@STER,ツナマヨ,,,
https://www.youtube.com/watch?v=ut3YtyMLXk8,I Wanna Kill The Weston Douglas Jones;I Wanna Get Rekt;I Wanna Kill the Sudoku;The Farewell Medley,Sea of Love(Hixxy Remix),Frisco,,,
https://youtu.be/Xj90Vcq2Kic?t=210,Not Another Magic Tower Game,Fighting of the Spirit Rock-Metal Remix,S.S.H,,,
https://youtu.be/B88mv0dhYwc?t=47,I Wanna Stop the Meltdown;I Wanna Kill the Blue Mage 2,Emergency,Pegboard Nerds,,,
https://www.youtube.com/watch?v=0zgfLjykE9E,I wanna Classic;I wanna Become the Vegetable,Graveyard,Kazumi Totaka,,,
https://youtu.be/33IR1eUUC08?t=29,I Wanna Go Across the Rainbow;I Wanna Call me It,Seymour's Theme,Nobuo Uematsu,,,
https://www.youtube.com/watch?v=XeqwWhX0ddY,I Wanna Classic;I Wanna Find A Cure,Winning Come Back!,The Pillows,,,
https://youtu.be/vRpbtf8_7XM?t=94,Invincible Alien,Alien Alien,NayutanalieN,,,
https://youtu.be/wj3Oi3455Yg?t=185,if(I wanna get the good luck){with(kakki){destroy! kill! genocide!}}柿デスver,Rengoku Paranoia,mint*,,,
https://www.youtube.com/watch?v=QLv9KP2jpXo,I wanna be the Destination,Demon Tale Sonata,dBu,,,
https://www.youtube.com/watch?v=ma0q7YlkBRw,I wanna be the Crimson,Red Bee,Manabu Namiki,,,
https://youtu.be/si81bIoZRJQ?t=6,I Wanna be Minimal,Divinity,Porter Robinson,,,
https://youtu.be/Hltx4jQ4444?t=1,I wanna come to the conclusion,Discussion -Heat Up- (8-bit),Masafumi Takada,,,
https://www.youtube.com/watch?v=gyQ9UHPwW4g,I Wanna be the GGM;I Wanna be the Poireau,Artifcial Intelligence Bomb,Naruto,,,
https://youtu.be/L54q_24LvY8?t=2,I Wanna Ponder,Asian Dancer,Fox Capture Plan,,,
https://youtu.be/WoU4_JW2fyU?t=152,I Wanna Ponder,Interlude,Prototyperaptor,,,
https://www.youtube.com/watch?v=ErDS4KMu71w,I Wanna Gaze at the Horizon,dark Engel,ISAo,,,
https://youtu.be/rWymcg63xy4?t=716,I Wanna Appreciate Meteor Stream,Ryuuseigun Chaos,2daime,,,
https://www.youtube.com/watch?v=MsLVi6T46AM,I Wanna Kill the Lovegood,Guess What?,Evil Activities & DV8 Rocks!,,,
https://youtu.be/qFfybn_W8Ak?t=141,I Wanna Elecspike,Roller Mobster,Carpenter Brut,,,
https://youtu.be/PB9xkXuHquo?t=7,I Wanna Beat the Spikes Final: Deca Corner;I Wanna be the Locus;I Wanna Challenge the Author's Skill;I Wanna be the Onelife,A Light Illuminating the Depths,Nihon Falcom,,,
https://youtu.be/jdu_IQ6usq4?t=28,I Wanna Follow It,Damascus,Oskar Schuster,,,
https://youtu.be/wnRdfw1f8NU?t=60,I Wanna Find My Destiny,The Breach,Aleksandar Dimitrijevic,,,
https://www.youtube.com/watch?v=gvdZ4_CQt5g,I wanna Become the Vegetable;I Wanna Be the Butterfly;I wanna be the Destination;VoVoVo,Pop Star,Jun Ishikawa,,,
https://youtu.be/fFZqDmGvlRw?t=182,I Wanna Break the Series Z 3,Love Is Onomatopoeia,Pinocchio-P,,,
https://youtu.be/f3MDGKw0wdg?t=63,I Wanna be the Concentration;I wanna Scramble,Oshama Scramble,t+pazolite,,,
https://www.youtube.com/watch?v=h8CmfRgxvVQ&t=60,I Wanna be the Emperor;Emperor Penguins;I Wanna Kill The Kamilia 3,The Azure Arbitrator,Falcom Sound Team jdk,,,
https://www.youtube.com/watch?v=LK16Pu4WohM,I Wanna be the Dieary,Maigo no ōkami,Yoru hime to kuma neko,,,
https://www.youtube.com/watch?v=8_kernqaOao,I Wanna Break the 3 Makers III;I Wanna Make Magic;I Wanna Keypick 100;I Wanna Lockpick,reedz,OcularNebula,,,
https://www.youtube.com/watch?v=cHYDt8m4qEQ,I Wanna Kill the Kamilia,Dialga/Palkia Battle at Spear Pillar,Takashiro Nishi,,,
www.youtube.com/watch?v=0z1YIwH3uiI,I Wanna Be the Maze;I Wanna Survive a Piano;I Wanna Kill The Kamilia 3,Circus Galop,Marc-André Hamelin,,,
https://youtu.be/QhcAJC_3heA?t=50,I wanna kill the Kermit 2,Be Nice to Me,The Front Bottoms,,,
https://www.youtube.com/watch?v=Gfbhp7CyqE8,I wanna kill the Kermit,500 Miles,The Proclaimers,,,
https://www.youtube.com/watch?v=hQo1HIcSVtg,I wanna Figure;Crimson Needle 3;VoVoVo,The Boys are Back In Town,Thin Lizzy,,,
https://youtu.be/Thg3IW2spik?t=90,if(I wanna be the GOD){with(†耐久神you†){instance_destroy()} 神デスver,Setsunal Lovers,Kohm,,,
https://www.youtube.com/watch?v=cBBlrzw2Xts,I wanna be the KSD;I Wanna Get Cultured 2,Dun Dun Tare,The HOOT,,,
https://youtu.be/IWEpkRoxK0o?t=210,I wanna call me it,Call me it. (500 Tortures),t+pazolite,,,
https://youtu.be/j2DGCJamgRM,I Wanna Be The Lucky,Sugiura Ayano's Character Song,Yuru Yuri,,,
https://www.youtube.com/watch?v=2rAuycsMeck,I wanna be the END;I Wanna be the Ultimatum,Ultra_Screen_Saver_Maker_2.0kg,ORiON,,,
https://youtu.be/Vn0uZ8Au6LY?t=171,I wanna celebrate 100;I wanna be the Revolution!!,Tōsen bō,wowaka,,,
https://www.youtube.com/watch?v=ngovaH86VVU,I Wanna Kill the Minesweepor,Double Trouble,Pokemon,,,
https://youtu.be/zSSQCzXoIVY?t=82,I Wanna Kill the Happil 2,Programmed Life,Kors K,,,
https://www.youtube.com/watch?v=1kVEXSDFolk,I Wanna be the Sorrow,Rebirth the Edge - Alice Sound Collection Ver.,Shade,,,
https://youtu.be/ZUFpeYo8GOs?t=1,I Wanna Try a Collab;I Wanna Thread the Needle,CURUS -special MIX-,D-Crew,,,
https://youtu.be/7_16vUSWlXg,I Wanna Go Across the Rainbow,The Splendid Performance,Masashi Hamauzu,,,
https://www.youtube.com/watch?v=gL3J0aVLeSA,I wanna make the Novelty;The Farewell Medley,City of the Million Dreams,MintJam,,,
https://youtu.be/GSBmrz7bwDA?t=62,I wanna be the Philosopher,Surasshu zenmondō,Kin'nikushōjo-tai,,,
https://www.youtube.com/watch?v=zJjfr5Jomu4,Jason Enjoys the Witch's Dangerous Dandies,reanimate--Black Liliana Arrange,M.Graveyard,,,
https://www.youtube.com/watch?v=IOeKDQ_T-HI,I wanna be like Brisulph,Heavenly Star,Genki Rockets,,,
https://www.youtube.com/watch?v=97A3AwkmzV4,I Wanna be the Ultimatum,Paradox #3,Dubmood,,,
https://youtu.be/AULG4MoYxQk?t=26,I Wanna Qowulu;I wanna call me it;I Wanna Deviate,Flower Dance,DJ Okawari,,,
https://www.youtube.com/watch?v=bsee7bgwnhs,I Wanna be the Genius;ReloadedKs-Godot-Fangame-Engine,Ulf's Vibrator,Edzes and Loonie,,,
https://youtu.be/feAdwt_O6a8?t=47,I wanna be the Animus;I Wanna be the GR,Gulug Volcano,Nobuo Uematsu,,,
https://youtu.be/P4ZLtMi4fkw?t=75,I wanna try a Collab 2;I Wanna be the MusicGames,Sumidagawa Karenka,seiya-murai feat. ALT,,,
https://youtu.be/ryHySHVychM?t=72,I wanna call me it;I Wanna be the Capacity,Abyss,take,,,
https://youtu.be/2c5ZPQc6XT4,I Wanna Kill Originality,Take Off And Land,Kitsune²,,,
https://www.youtube.com/watch?v=86IxmklUgEM,I wanna be the Best Guy;I Wanna be the Best Guy 2,Tor's Theme,HyperDuck,,,
https://www.youtube.com/watch?v=eTvXxOEPkyI,I Wanna Shiver,euclase,qurter,,,
https://youtu.be/XyOCakLOvsY?si=RQi1fhbmWZ-XzSp4&t=37,I wanna see the まゆむしチャンネル;I Wanna Kill the 3sweepor;I Wanna Stop the Simulation,Amazing!!,ﾌﾞﾙｽｺﾌｧｰ薺; まゆむし; Jinmenusagi; FUNKY髭HANK,,,
https://www.youtube.com/watch?v=Fg6VtW2s85Q,I Wanna Break the Series Z 3,Armored in Green (stage 2),Ketsuipachi Arrange,,,
https://youtu.be/4tjU6vK-0nQ?t=45,I Wanna Orion;I Wanna be the Saturn;I wanna be the LoveAE-RYRC;I wanna be the Agent;I Wanna Quaint,Welcome to the Moon Tour,Rin,,,
https://youtu.be/9pWexzNMcv8?t=23,I wanna be the SkyNeedle,Onaji Hoshi ni Umarete,Shinobu,,,
https://youtu.be/pdHSc_qCBhU?t=115,I Wanna Shiver,Transformation,The Cinematic Orchestra,,,
https://youtu.be/UymXRxJPOQo?t=23,I Wanna Kill the Kermit 3,Electric Blue,Arcade Fire,,,
https://www.youtube.com/watch?v=ZsmpP--NX7E,I Wanna Feed Your Escapism 2,Who's Theme,Nujabes,,,
https://youtu.be/KJNLOSRLQpQ?t=1,I Wanna Breathing,Kokiyu,ATOLS,,,
https://youtu.be/rDvCI1BhpfY?t=11,I Wanna Potato 2;I Wanna Save My Boy,Ancient Scapes,Durandal,,,
https://youtu.be/3jt_YCPVm24?t=273,Domu,SAYONARA HUMAN,Pinocchio-P,,,
https://www.youtube.com/watch?v=Vrc5lv0O8yo,I Wanna Fill In The Blanks,Impossible,Darren Korb,,,
https://youtu.be/WOJlJd0nAMI?t=150,I Wanna be the Humantic;I wanna be the Planet Doku,Hitoribocchi no UFO,Pinocchio-P,,,
https://www.youtube.com/watch?v=ePnLvuy36fw&t=35s,I Wanna be the Best Guy;I Wanna Kill the Happil;I Wanna be the MSR,Teni no Theme (Sanbika),Ikki Tousen DD,,,
https://youtu.be/7wSJdUiKgXk,なにかいいことないかな,I wonder if anything good will happen,-K-,,,
https://www.youtube.com/watch?v=d-PzAyB5rAY,I Wanna be the Platinum;I Wanna Go the Make Magic,Magician's Theme,House of the Dead 2 OST,,,
https://www.youtube.com/watch?v=fTNMGDqq0AE,I wanna H4,Skype call theme,skype probably,,,
https://www.youtube.com/watch?v=9F6qyJ8QHjE,I wanna be the Galaxy,風変わりな街,FICUSEL,,,
https://youtu.be/dhNfddJRulQ?t=39,I Wanna Go to the Otherside,Funky Duck,Vulfpeck,,,
https://youtu.be/URYKVlZVSJ0?t=57,I Wanna Kill the Guy;I wanna escape the rainbow trap,Midnight,cornandbeans,,,
https://youtu.be/5UPj1dMVZ7g?t=93,I wanna get Rekt;I Wanna Kill the Blue Mage,Elements (Style & Breeze Remix),Neo Cortex,,,
https://www.youtube.com/watch?v=Nmsdvzq8z0o,I Wanna Kill The Kamilia 2,Taillight Phantom,StaticSphere,,,
https://youtu.be/EAjE4RAGweQ?t=19,I Wanna be the Hero-Again;I Wanna Go the Run,Be Gone Mr. Gawne ,Bossfight,,,
https://youtu.be/ZHG-BhwSsvg,I Wanna Record My Jumps;I Wanna Descend the 69;Everhood Colonel;I Wanna Keep My Roulette Streak,March Handyman ,Haru,,,
https://youtu.be/oj9vqiWiVHc?t=3,I Wanna Take the TimeMachine,Schranz Chase,Booty Bronx,,,
https://www.youtube.com/watch?v=NLuAu88GVTM,I Wanna Dorito 3,One Chili (Mouth on Fire),Max Sauer,,,
https://youtu.be/R1xSivnapio,I Wanna Clear 50 Neon Floors;I Wanna be the M 2,RPM,EnV,,,
https://youtu.be/xjA8hhLA-pw?t=2,I Wanna be the Donald 2,Rondo Alla Turca ver Ronald McDonald,Mozart,,,
https://www.youtube.com/watch?v=pjTLGd5UQXs,I wanna be the IF,Liligue City,Grandia 2,,,
https://www.youtube.com/watch?v=k7WyJ8CQl9I,I wanna get Rekt,Three Hundred CC,The Flashbulb,,,
https://youtu.be/K2gANNkeKgE?t=10,I Wanna Kill the Happil 2;I Wanna Break the Title Card,Catadioptric,Jerico's Law,,,
https://youtu.be/0pCS44qrJkY?t=13,II wwaannnnaa SShhaakkee;I Wanna be the Dieary,KirigiriKirigiri JingJing,someone,,,
https://youtu.be/IqLQIYo7BEg?t=23,I wanna be the Diverse;I Wanna be the Lime;I Wanna Break the Series Z 3,Still Blastin',NemesisTheory,,,
https://www.youtube.com/watch?v=zMTDvj-CBW4,I wanna be the Diverse,Engima,NemesisTheory,,,
https://www.youtube.com/watch?v=5fNhD_lP1F4&t=80s,I wanna be the Ocean Princess,Selenium Forest,Plini,,,
https://www.youtube.com/watch?v=0cz1NxGg1QY,I Wanna be the Last TIS,Requiem of the Sky,Manabu Namiki,,,
https://www.youtube.com/watch?v=hjWyvuDNOcU,I wanna be the Hibachi,Tenshi,Manabu Namiki,,,
https://youtu.be/VJP1QM9jieA,I Wanna Spook Jam,Happy Halloween (Off Vocal),Chiho,,,
https://www.youtube.com/watch?v=h17_m1hJ2wg,I Wanna be the Overlord;I Wanna Be the FE,Deadly Temptation,Takahiro Unisuga,,,
https://youtu.be/fNP0gbDPdn4?t=265,I Wanna Defeat the Discord Makers CN Side,Enter the Void,Betwixt & Between,,,
https://youtu.be/pIZOtrxNZQk?t=51,I Wanna Make the Avoidance,On the FM,C-Show,,,
https://www.youtube.com/watch?v=sbptRUyK8Rc,I wanna be the rainbow MIKU;I Wanna be the Durability,What Do You Mean?!,くちばしP,,,
https://www.youtube.com/watch?v=xtvaKdqVFPg,Not Another Needle Game,Fallen Angel,Mitsunori Ikeda feat. Aimee-B,,,
https://www.youtube.com/watch?v=XLaFLztnL84,divisive game,Holland 1945,Neutral Milk Hotel,,,
https://www.youtube.com/watch?v=FOwXlANwerI,I Wanna be the Beach,What Shall we do with the Drunken Sailor?,Okko Bekker,,,
https://www.youtube.com/watch?v=IQGoRqrRY1k,I Wanna Travel the Night,Vs Nightmare GaMetal Remix,GaMetal,,,
https://youtu.be/c9POFKtttAo?t=15,I Wanna Bread,Tear Rain,cYsmix,,,
https://youtu.be/kUQQZhl2Hmg?t=10,I wanna avoid the desperation,恋愛部活動記録,Kuchibashi-P,,,
https://www.youtube.com/watch?v=TWSOu4UcoCA,I Wanna Go the Jungle Adventure,White Knuckle River Floor,John Guscott; Matt Black; Gerard Gourley,,,
https://www.youtube.com/watch?v=mCK6mXlLo5Y,I Wanna Kill The Kamilia 3;I Wanna be the M 2,Joker,DJ N.E.R.O.,,,
https://youtu.be/AILuztTRUdc?t=70,I Wanna Spook Jam,Ashley's Song,Sasaki Tomoko,,,
https://www.youtube.com/watch?v=eFmcOzB6GNk,I Wanna be the Gangsta,Pensamento Típico de Esquerda Caviar,Maffalda,,,
https://www.youtube.com/watch?v=b2rlLC4N9u4,I Wanna be the Scapegoat,Freya's Theme,Nobuo Uematsu,,,
https://www.youtube.com/watch?v=0c1BhJpkbhU,I Wanna be the Hurtful Pain,Hurting for a Very Hurtful Pain,EZFG,,,
https://youtu.be/TKqBTF4hSvI?t=214,I Wanna be the Semantic compositions on death and its meaning,o'er the flood,goreshit,,,
https://youtu.be/BfIjIVLmhAI?t=73,I wanna Figure,Blast,Clams Casino,,,
https://www.youtube.com/watch?v=_jqhMuu8cH4,I wanna be the UZ,UZ,daniwell,,,
https://youtu.be/BZ0Yk3sOoKE?t=71,I Wanna Kill the Blue Mage 2,Turquoise Paradise - For Foliage Furnace Act 1,Mr. Lange,,,
https://youtu.be/aNMx3KlmZJs?t=69,i wanna go the jack world,Red Chromozone,lol,,,
https://www.youtube.com/watch?v=ePVJdev77Gw&t=2m34s,I Wanna Kill The Kamilia 2,深愛,水樹奈々,,,
https://youtu.be/rw9ovXWWRVY?t=7,I Wanna Defeat the Discord Makers JP Side,765×346 MEDLEY COLL@BORATION,taiyo,,,
https://youtu.be/VJHuvV0aZ6w?t=3,I Wanna Enjoy the Electrified Butterscotch Dandy,Kake Nukeru Anime Medley III,M.Iz,,,
https://youtu.be/qnX2CdOBcDI?t=3,I Wanna be the Donut Hole,Donut Hole,Hachi,,,
https://youtu.be/TrVG44BqVgI?t=40,I Wanna Kill The Kamilia 2;I wanna SlimeTrap,Blaze,Cornandbeans,,,
https://youtu.be/Serz1gvI4gA?t=64,I wanna be the Permanence 2,Kyun! Vampire Girl,Hibiki Ganaha; Takane Shijou; Miki Hoshii,,,
https://youtu.be/mOFAKsnQMmE?t=21,I Wanna Kill The Kamilia 3,動畫〈四月是你的謊言〉ED2 7!! - オレンジ,MICHIRU(7!!),,,
https://youtu.be/_KSqWLQf3A4?t=19,I wanna kill the Kermit 2,Windows,Donnie Trumpet & The Social Experiment,,,
https://www.youtube.com/watch?v=G44xTr8D_bw&t=15,I Wanna be the My Heart Goes On;I Wanna Graduate from DT;I Wanna Make a Sandwich,My Heart Will Go On,Celine Dion,,,
https://youtu.be/gpjNnFMOHY0?t=83,I wanna be the Ocean Princess,Ursa Major,Widek,,,
https://youtu.be/3f7mdjVMC3E?t=17,End of Year Endurance Tournament 2015;I Want,Rebel's Theme,Flux Pavilion,,,
https://youtu.be/hHc6glik1Mw?t=6,I wanna be the Name;I Wanna be the Metamorphosis;I Wanna be the M 2;I Wanna Kill the 3sweepor,Imperial March,Kuricorder Quartet,,,
https://www.youtube.com/watch?v=rY-FJvRqK0E,I Wanna Find My Butthole;Designer L's Wacky Randventure!,Flamingo,Kero Kero Bonito,,,
https://youtu.be/BRosMyUkQ3g?t=283,I wanna be the Justice Guy,Blue Skies (Infinity Remix),Ace Combat Infinity,,,
https://youtu.be/fS4FFw8zGrE?t=106,I Wanna Kill the Needer Games;I Wanna be the Needle Hell,Far east nightbird,Nekomata Master,,,
https://www.youtube.com/watch?v=VQVKSbCuYwc,I Wanna Paradoxx,Paradoxx,Slam & Nato,,,
https://www.youtube.com/watch?v=vJEu8N1z128,I Wanna Black Hexagon,Ｂａｄ Ｈｅｘａｇｏｎ！！,RedScreen,,,
https://youtu.be/OmWkLOku8pQ?t=101,I wanna touch the Makers,Reanimate,Warak,,,
https://youtu.be/q7A_QliXvp8?t=39,I Wanna Get Cultured 2;I wanna get Cultured,Rose {Remastered],Cornandbeans,,,
https://www.youtube.com/watch?v=9l6XpkD33js,I Wanna Get Cultured 2;I Wanna be the Music2;I Wanna Kill The Lovegood,BLACK or WHITE?,BlackYooh & Siromaru,,,
https://www.youtube.com/watch?v=JVMFrFnax-o,Chill Needle;I Wanna Believe the Outside is Dangerous,Antares,Koloto,,,
https://youtu.be/poiqPQpiTN0?t=82,I wanna be the Justice;I Wanna Get Cultured 2;I Wanna Reach Heaven;Amaranth Needle;I Wanna be the Moster,Primal Dialga Remix,PokeRemixStudio,,,
https://youtu.be/IvYD-HLAl8E,I Wanna Be The Bored 2;I Wanna Go Frantic,Sonic Blaster,F-777,,,
https://www.youtube.com/watch?v=ALSwcuFBokA,I Wanna be the Sudtrick Doodles;I Wanna Kill the 3sweepor,Hatsune Miku no Voiceper,competor,,,
https://www.youtube.com/watch?v=lsGMtFBYxzE,I Wanna be the SAN,食い逃げ,スエノブ,,,
https://www.youtube.com/watch?v=y03qy3J_5iU,I Wanna Escape The Funny Red Miku,The Frozen Eternal Capital,平茸,,,
https://youtu.be/rJAH8JB4eRw,I Wanna Feed Your Escapism,Crank Angle,JD senuTi,,,
https://youtu.be/tBn7Jpq3jew?t=63,I Wanna be the Whoknows,Sorry for Being an Ordinary Magical Girl,Mikito-P,,,
https://www.youtube.com/watch?v=8-quoMd3R84,I Wanna be the Gel,Lunatic Rough Party,Camellia,,,
https://youtu.be/qjwdex6HPbI?t=34,I Wanna be the Good Hentai 3,Click Bait,S3RL feat. Gl!tch,,,
https://www.youtube.com/watch?v=-zHm77FkW3U,I Wanna be the Good Hentai 2,MTC,S3RL,,,
https://youtu.be/YgJIQ2MaELA?t=38,I Wanna be the Good Hentai,Hentai,S3RL,,,
https://www.youtube.com/watch?v=duTcQcu8qYE,I wanna try a Collab 2,Running in the 90's,Alan Ford,,,
https://www.youtube.com/watch?v=kZrNHq0NmRk,I wanna be the White Dot,It Went,S3RL feat. Tamika,,,
https://www.youtube.com/watch?v=bE0TC_ibP6s,I wanna be the White Dot,Out of Love,Shirobon,,,
https://www.youtube.com/watch?v=GjxTx-xPrds,I Wanna Victory Royale Sans Fortnite,uuu u u uuuuuuuu uuuuuuuuuuu,sans,,,
https://youtu.be/spx_FOCO9ko?t=49,I wanna break the はかりん trap,Overdrive,IOSYS,,,
https://youtu.be/fnniEABuxnY?t=60,I Wanna be the Salt;I Wanna Feel Alive,OXYGENIUM TYPE-2,Various Artists,,,
https://www.youtube.com/watch?v=LMeZAyPaRsU,I Wanna Outbreak,Thé à la Menthe,La Caution,,,
https://youtu.be/srXAKN0wAJw?t=22,I Wanna Wonderful Rush,Wonderful Rush,μ's,,,
https://youtu.be/3zhG05LlROg?t=1,I Wanna be the Calamity Fortune;Not Another Magic Tower Game,Calamity Fortune,LeaF,,,
https://www.youtube.com/watch?v=3RoAOwAQz9c,I Wanna Sing the Song,Someone Who Sings Songs,PowaPowaP,,,
https://youtu.be/BWdmHFqv3Eo,I wanna kill the Maker;I Wanna be the Lizardmanmaster 9,The Beginning Of Time,Dj-Nate,,,
https://youtu.be/Z5RufkDHsdM,Not Another Magic Tower Game,Blast Processing,Waterflame,,,
https://www.youtube.com/watch?v=JZT4JJd9yVU,I Dun Wanna be Anything 2,Train Tower,Jun Chikuma; Hirohiko Fukuda,,,
https://www.youtube.com/watch?v=xkOIK1hQMrk,I wanna Classic,Onett,Hirokazu Tanaka; Keiichi Suzuki; Hiroshi Kanazu,,,
https://www.youtube.com/watch?v=2SYht7Tdfqw,I Dun Wanna be Anything,Iceberg Map,Kirby's Dream Land 3,,,
https://www.youtube.com/watch?v=9G3xoK3ivgc,I Dun Wanna be Anything 2,Gloucester the Commercial District,Paladin's Quest 2,,,
https://www.youtube.com/watch?v=TF5IETKtvGg&t=25s,I Wanna be the Chair 2,Vindicate Me,Big Giant Circle,,,
https://www.youtube.com/watch?v=yVcAyEMM4Cc,I Wanna Find My Butthole,Floor Corn,Neil Cicierega,,,
https://www.youtube.com/watch?v=niiEQZqKrh8,I Dun Wanna be Anything,D-1000 (Intro Boss),Mega Man X6,,,
https://youtu.be/xpDfUh1JVfw?t=86,I Wanna be GENKI with You;I Wanna Get Cultured 2,The Maze in Dream,Cyber-Rainforce,,,
https://youtu.be/ycQ2QIyE-Uw?t=11,I Wanna be the Steak Temple;I Wanna be a Loser,Heads Will Roll,JVH-C,,,
https://youtu.be/L_WiM5YmQr8?t=9,I wanna come to the conclusion,Error Code,C-Show,,,
https://youtu.be/2uQWrJfjy5U?t=59,I Wanna Call me It;I Wanna be the TT;I Wanna Enjoy the Panic Festival,Panic Holic,C-Show,,,
https://youtu.be/nCaqf9WhqOY?t=210,I Wanna be the Catastrophe;I Wanna Break the Series Z 3,白い雪のプリンセスは,のぼる↑P,,,
https://www.youtube.com/watch?v=SQ7rUXN2FrI,I wanna CaptivAte the Medley,Capitvate Compliation,DJ YOSHITAKA,,,
https://youtu.be/BV28YP3c5Ng?t=30,I Wanna Kill the Sudoku,Whats Hannenin',Soulja Boy,,,
https://youtu.be/sC0cvwnG0Ik?t=1,I Wanna Kill the 2doku,Crazy Bus ,Tom Scripts,,,
https://www.youtube.com/watch?v=ZI-ol25RFws,I Wanna be the Black,Super Mario World Western Show,Hyadain,,,
https://www.youtube.com/watch?v=mPvz_-oLwd4,I Wanna be the TsuTaMao,Tower of Saints,Beridzebeth,,,
https://www.youtube.com/watch?v=bAnKOqNK-mQ,I wanna kill the Needle Games 2,Orbital Frequencies,ajkora (ak+q),,,
https://youtu.be/arg-mKO6pv8?t=168,I Wanna be the Forehead,In this Star...,Camellia,,,
https://youtu.be/KXr5X2s8lAc?t=61,I wanna be the Palladium,Scheveningen,Pinocchio-P,,,
https://www.youtube.com/watch?v=B1TxDkWDfMs,I Wanna be your Banana Pudding,Don't Stop,Scraton,,,
https://youtu.be/EzXdvze0pME?t=60,Not Another Falling Game;I Wanna be the Simple Needle,Frozen World,MuryokuP,,,
https://youtu.be/gFhW_9xpnq4?t=15,I Wanna Meet the TETO;I Wanna Beat The Random Numbers;I wanna get Rekt,FIRST,niki; cillia,,,
https://youtu.be/p-o_bMkzOW0?t=1,I Wanna Know the Love Laboratory,LUVORATORRRRRY!,Giga-P,,,
https://www.youtube.com/watch?v=QwdbFNGCkLw,I Wanna Devastate the Miku Concert,Nightcore - Ievan Polkka (VSNS Remix),Syrex,,,
https://www.youtube.com/watch?v=yQo1xhciBdk,Crimson Needle 2,Far Fowls,Nujabes,,,
https://www.youtube.com/watch?v=cuoIvNFUY7I&t=40s,I wanna kill the Kermit 2,Floridada,Animal Collective,,,
https://youtu.be/0Is4-83zEKE?t=26,Crimson Needle 2;Crimson Needle 3;I Wanna Kill the Nogard,Spy vs Spy Remix,FZN,,,
https://youtu.be/VXSnEvuz7_s?t=160,Crimson Needle 2,Intimate,Crystal Castles,,,
https://youtu.be/NQoHHmFS640?t=39,I Wanna be the Neon,Dead Logic,JEBBAL,,,
https://youtu.be/ib5XHTKndfs?t=26,I Wanna Thank to Daburyu;I Wanna Destroy the Yeezy,to Luv me I *** for u.,t+pazolite,,,
https://www.youtube.com/watch?v=BF1B1dlHEow,I Wanna Defeat January;I wanna be the Dot;I wanna be the Ocean Princess;I Wanna be the Chameleon,Jump!,Two Steps From Hell,,,
https://youtu.be/dzfxOxKNdsk?t=11,I wanna be the Micromedley,ABXY,Popskyy ft. AdhesiveWombat,,,
https://youtu.be/NY8IS0ssnXQ?t=7,I Wanna be Friends,Chamber of Reflection,Mac DeMarco,,,
https://youtu.be/t61SszWFcx0?t=49,I Wanna Magician's Operation,magician's operation,EZFG,,,
https://youtu.be/l3_iWeURvfw?t=47,I wanna get Rekt,Astral Walker,Station Earth,,,
https://youtu.be/IkGorPtFjKY?t=149,I Wanna be the Krypton,Lonely Pretender,Vospi,,,
https://www.youtube.com/watch?v=8W1sfnn2_30,I Wanna Kill the Blue Mage 2;I Wanna Take the Timemachine 2;I'm Bored 2: The Game,Beastial Beats,Manabu Namiki,,,
https://www.youtube.com/watch?v=mxk63BqT2bI,I Wanna Kill the Blue Mage,snow storm -euphoria-,Yooh,,,
https://www.youtube.com/watch?v=8MugO4LL-aY,I wanna make the Novelty 2;I Wanna Get Cultured 2,Tedorigawa,Kenji Nakajo,,,
https://www.youtube.com/watch?v=b4S-O1vXoZ0,I Wanna ECH Like JonTron,Ech Circulation,ajkora (ak+q),,,
https://youtu.be/KOJTK0W1CzA?t=147,I Wanna Be The Rubik's Cube,Rubik's Cube,MONACA,,,
https://youtu.be/kGEg2NVNiWE,I Wanna Roll Around,Diamondus Remix,Jazz Jackrabbit 2,,,
https://youtu.be/chF-xPTRqM8?t=127,I Wanna Ponder,to the sun and all the cities in between,City of the Sun,,,
https://www.youtube.com/watch?v=vpKc1h7sA-Q,I wanna be the Diverse,Chaos Angel Zone - Act 1 (Orchestrated),DarkOverord,,,
https://youtu.be/0aWePk65aFQ?t=116,I Wanna Progress Without Purpose,Pangea,Professor Kliq,,,
https://youtu.be/9i7Zrn1wajI?t=3,I Wanna be the Device;I Wanna be the Vector;I Wanna Be The Contrary,Halcyon,xi,,,
https://www.youtube.com/watch?v=Wrc0NLKvM5c,I Wanna Kill the Needle Games;I Wanna Break the Series Z 2,2008 AD Tokyo,Manabu Namiki,,,
https://youtu.be/vrPf0YmYfOs?t=57,I wanna celebrate 100,Hazakura Ni Natte Mo,TAM Music Factory,,,
https://youtu.be/e8TZbze72Bc?t=2,I wanna be the Animus,Back to the Future,Alan Silvestri,,,
https://www.youtube.com/watch?v=xQsvF-L0WYg,I wanna get Cultured,Revolutions,Dimrain47,,,
https://youtu.be/14FOPsSCIPs?t=4,I Wanna be the KR02,Platinum Disco,Yuka Iguchi,,,
https://youtu.be/9FSljW0e-90?t=73,I wanna see the Moon,The Closing Encounter,Eriko Imura,,,
https://www.youtube.com/watch?v=Ra_pZKqby40,I wanna see the Moon;I wanna be the Agent,Aerial Fortress Kabula,Jun Ishikawa; Hirokazu Ando,,,
https://www.youtube.com/watch?v=68Q_78rzvv0,I Wanna Find My Destiny,Elrios' Forgotten Duels,Elsword Sound Team,,,
https://youtu.be/Ji5YExbaf1Y?t=196,I Wanna Crush It;I Wanna be the SAN,物凄い狂っとるフランちゃんが物凄いうた,Halozy feat. ななひら,,,
https://www.youtube.com/watch?v=BT6_VRhLzNY,I wanna be the Micromedley,Break the Targets!,Hirokazu Ando; Shogo Sakai; Tadashi Ikegami,,,
https://youtu.be/e_a7FGe_hxY?t=211,I Wanna be the Immature Life,Kodomo no Shikumi,Pinocchio-P,,,
https://youtu.be/UAWEknbr_C8?t=110,I Wanna Grand of the Perfect Bear,Perfect Seimei,NayutanalieN,,,
https://youtu.be/FJLPbHBDmog?t=48,Christmas Deliveries;I wanna be Myself,Clanker's Cavern,Grant Kirkhope,,,
https://youtu.be/2qla5phsDEQ?t=1,I Wanna be Getting Higher and Higher,Getting Higher and Higher,40mP,,,
https://www.youtube.com/watch?v=ggkRMKbb89A,I Wanna be Getting Faster and Faster,Getting Faster and Faster,40mP,,,
https://youtu.be/ZSuie0zNYYs?t=107,I Wanna be the Neurosis,Tokyo Streets (Revisited),Inon Zur,,,
https://youtu.be/qMAwANRNX4w?t=130,I Wanna be the Hidden;I Wanna be the Hidden+;I Wanna be the Hidden++,/hidden,デッドボールP,,,
https://youtu.be/D-SQqppuGvc?t=7,I Wanna Take the Timemachine 2,Let Me Hear,Fear and Loathing in Las Vegas,,,
https://youtu.be/1EXGjYk_xXk?t=44,I Wanna be the Reincarnation,Reincarnation,KEMU VOXX,,,
https://youtu.be/PWYTJm-8kEc?t=1,I Wanna be the Cataclysm,Heisei Cataclysm,zips,,,
https://www.youtube.com/watch?v=wHtP4pj9qjM,I Wanna Break the Last Z;I Wanna Try a Collab;I Wanna Kill the Needer Games,Vega,RoVeR,,,
https://youtu.be/JiQ8qDIhlec?t=22,I Wanna Be the Butterfly;I Wanna Break the Last Z,大輪の花,hinayukki,,,
https://youtu.be/Eo56HTijkQ0?t=14,I Wanna Go the Ocean Wetventure,Space Magic,meganeko,,,
https://youtu.be/vE2ETqUGj6Q?t=13,I Wanna Go the Ocean Wetventure,"SpongeBob Trap Remix ""Krusty Krab""",Eugene the Dream,,,
https://youtu.be/QSx5ZYrH-70?t=43,I Wanna Escape the Gothic Castle,Gothic and Loneliness,なるしまたかし,,,
https://www.youtube.com/watch?v=V0pfQ9EVRCk,I Wanna be the PS,Bubble Bath Aftermath,Jake Kaufman,,,
https://www.youtube.com/watch?v=0fAQhSRLQnM,I Wanna Go to the Otherside,Sultans of Swing,Dire Straits,,,
https://youtu.be/P8ByFVkDPjA?t=217,I Wanna be the Semantic compositions on death and its meaning,looming shadow of a tree long gone,goreshit,,,
https://youtu.be/shNgOFTla-c?t=41,I wanna get Rekt,There's Supposed to be a Cheat Code for Happiness,Utata-P,,,
https://youtu.be/HqcVN56kZAs?t=189,I Wanna Kill The Kamilia 3;I Wanna Go the DotKid!;I Wanna be the 500,初音ミクの激唱,cosMo＠暴走P,,,
https://www.youtube.com/watch?v=OBb_AdUUxpg,I Wanna Kill The Kamilia 2,Dust Thins Out,Keiichi Okabe,,,
https://youtu.be/2W0fSLUSg7U?t=5,I Wanna Uhuhu Spike 2,My Favorite Vocaloid Song Medley,M.lz,,,
https://www.youtube.com/watch?v=DsTQJLqYotI,I Wanna Uhuhu Spike 3;I wanna be the Permanence 2,The iDOLM@STER 2 Precious Stage Medley,Onitan; Zel,,,
https://www.youtube.com/watch?v=OUrV3OHd6-c,I Wanna Sunspike;I Wanna Make a Sandwich;I wanna kill the Maker,Infiltration,ParagonX9,,,
https://youtu.be/PEmRKSfIxKc?t=65,I Wanna be the MHC,Metro Hadron Collider,lumo,,,
https://youtu.be/Wyf_-Zffyjg?t=59,I Wanna be the Denparadigm,Electric Paradigm,lumo,,,
https://youtu.be/BHQrRQV2nKo?t=4,I Wanna be the はろくり,Halloween Ghost and Christmas Pumpkin,lumo,,,
https://youtu.be/ssWhHzRjpdo?t=122,I Wanna Kill the Blue Mage,S.A.T.O.R.A.R.E,Halozy,,,
https://www.youtube.com/watch?v=DlKXJ906pd8,I Wanna Kill the Blue Mage,Throwing Fire,Ronald Jenkees,,,
https://www.youtube.com/watch?v=Aca3f9OYcXs&t=30s,I Wanna Break the Series Z 3,Fires of Hokkai,ZUN,,,
https://www.youtube.com/watch?v=vS_a8Edde8k,I wanna kill the Guy;I Wanna Take the TimeMachine,Night of Nights,COOL&CREATE,,,
https://youtu.be/iMH49ieL4es?t=49,I wanna try a Collab 2;Designer L's Wacky Randventure!,Katamari on the Rocks,Yuu Miyake,,,
https://youtu.be/-XgNFLo5WOI?t=9,I Wanna Go to El Sonidito,El Sonidito,Hechizeros Band,,,
https://youtu.be/5DdABvSTA0I?t=36,I Wanna Try a Collab,Get Down,B4-4,,,
https://youtu.be/OMHNZ9U5jlQ?t=48,I Wanna Dorito 3,"""Doritos"" Rap Song (feat. Starrkeisha)",RandomStructureTV,,,
https://www.youtube.com/watch?v=Ctm09xJWV48,I wanna try a Collab 2,Flavor Slam (Instrumental),John Pringles,,,
https://www.youtube.com/watch?v=vZ1CgKBWDDs,I Wanna be the Purple Zone,Awakening of the Earth Spirits,CYTOKINE,,,
https://www.youtube.com/watch?v=H4_FpP7h9rI,I Wanna Break Break,Voile the Magic Library,Dark PHOENiX,,,
https://www.youtube.com/watch?v=S50LdhvKYGo,I Wanna Take the TimeMachine,Fire Aura,Kid2Will,,,
https://youtu.be/Z4acDzeR564?t=66,I Wanna Get Better with Avoidances;I Wanna Take the TimeMachine,God Knows... (8-bit),idk,,,
https://youtu.be/rKaNUZdXJvo?t=149,I wanna kill the Needle Games 2,Smile of Split,Nekomata Master,,,
https://www.youtube.com/watch?v=bTb05A154ZM,I wanna kill the Needle Games 2,Lunatic Sky,M2U,,,
https://www.youtube.com/watch?v=mDqFioCGjYE,I Wanna be the Color,concon,S-C-U,,,
https://youtu.be/ukCy0KonFV8?t=16,I Wanna be the Color,Scar in the Earth,Nekomata Master,,,
https://www.youtube.com/watch?v=mdF6a1bh1-Y,I Wanna Reach the Moon,Moon Lord,Terraria Soundtrack,,,
https://www.youtube.com/watch?v=yJCRSoaTdM0&t=44s,I Wanna Get Crimsoned 2,Secret of the Forest (bGevko Remix),bGevko,,,
https://youtu.be/VYPMzHAYSRc?t=126,I wanna jump the Shark 2,Flare,Homestuck,,,
https://www.youtube.com/watch?v=hTnA6c8WwDc,I Wanna Find My Destiny,Heart of Fire (Hard Rock Remix),M&K Company,,,
https://www.youtube.com/watch?v=vNhjE3g_ObI,I Wanna Make Magic,Aumetra the Witch,cYsmix,,,
https://www.youtube.com/watch?v=Gq681aDM53U&t=55s,I Wanna Go Across the Crimson Rainbow,So Long Lonesome,Explosions in the Sky,,,
https://youtu.be/wJ80my0y2kY?t=48,I Wanna be the Bingo;I Wanna be the Vandal;VoVoVo;I Wanna be the Neon 3,The Most Expensive Girl In The World,Lou Bega,,,
https://www.youtube.com/watch?v=bXfHKEaDg4s&t=60,Endless Mirage,In the Mirror,Lena Raine,,,
https://www.youtube.com/watch?v=mgXLNvw89ik,I wanna be the Graverobber,Hot Limit,TM Revolution,,,
https://www.youtube.com/watch?v=9SBNCYkSceU,The Day Thereafter,Hand Covers Bruise,Trent Reznor; Atticus Ross,,,
https://www.youtube.com/watch?v=3Enx94QmQm0,I Wanna Transition Into the Ghost Realm,osho.,nohidea.,,,
https://www.youtube.com/watch?v=xrMmGBaLdMQ,I Wanna Fall the Stool;The Farewell Medley,With Great Power,Immediate Music,,,
https://youtu.be/GiMekaKhDnQ?t=201,I Wanna Transition Into the Ghost Realm,Glass Museum,Tortoise,,,
https://youtu.be/FTQbiNvZqaY?t=3,I Wanna Go the Jungle Adventure,Africa,Toto,,,
https://www.youtube.com/watch?v=3Iuvj4BnGH4,I wanna kill the Kermit 2,MGMT vs. Daft Punk vs. Passion Pit vs. Gorillaz vs. Bob Marley,Sim Gretina,,,
https://youtu.be/PqW4GCmQSt4?t=114,I wanna kill the Kermit,House of the Rising Sun,The Animals,,,
https://youtu.be/Jdve08cG3pE?t=63,I wanna Figure,My Body is a Cage,Arcade Fire,,,
https://youtu.be/5BBBLcELmng?t=131,I Wanna Kill the Kermit 3,Here Comes the Night Time II,Arcade Fire,,,
https://www.youtube.com/watch?v=j6kB78-pk1A,I Wanna Stop the Meltdown;I Wanna Assimilate the Needle,Fox Tales,Koloto,,,
https://www.youtube.com/watch?v=qeMFqkcPYcg,I Wanna Stop the Meltdown,Sweet Dreams,Eurythmics,,,
https://www.youtube.com/watch?v=v6AhUYpQ9oU,divisive game,Brains!,Voltaire,,,
https://youtu.be/XfR9iY5y94s?t=50,I wanna kill the Kermit 2,Down Under,Men At Work,,,
https://www.youtube.com/watch?v=bY3g7Rt8R0U,I Wanna Escape The Funny Red Miku,High Pitch Tongue Twister Vocal Range Speak Speed Test,木村わいP,,,
https://www.youtube.com/watch?v=rQNXjcJ-DBA,I Wanna Kill The Kamilia 2;I Wanna Defeat the Nader Makers: Chill Side;Chill Needle 2,Pushing Onwards,TechnoClassic,,,
https://www.youtube.com/watch?v=42kI2lT0x6U,I Wanna REDACTED the REDACTED;Hearty Jewel,ASGORE,Toby Fox,,,
https://youtu.be/ABajjBefQzw?t=33,I Wanna Destroy the Needleverse,Hooley Gun,Garlagan,,,
https://www.youtube.com/watch?v=AD0S2EjDEk4,I Wanna Kill the Blue Mage;I Wanna Kill the Bric;I Wanna See the Sunrise,Nebula,SENTIVE,,,
https://youtu.be/2hqr5ykpdVU?t=247,I wanna be the Locus;I Wanna Kill The Kamilia 2,Aoi Kiseki,Kanako Kotera & Falcom sound team jdk,,,
https://youtu.be/gHktqGLhIc8?t=66,I Wanna Afflict the Mashikaku,散桜,J-Rokudou,,,
https://youtu.be/Vb_FnHPpHCA?t=2,I Wanna be the Noesis,Scenery Spring,NOeSIS,,,
https://youtu.be/zZG5Uf6JTDE?t=54,I Wanna Defeat the Robot,Egg Reverie,Tee Lopes,,,
https://youtu.be/QLyLSdr3dHk?t=53,I Wanna be the Tetoro,テトロドトキサイザ2,Gumi,,,
https://youtu.be/mkMDmaghbkA?t=154,I Wanna Weave Through the Witch's Needle;Not Another Needle Contest 2,Lastendconductor,zts,,,
https://youtu.be/f6BS7kXyfOk?t=150,Summer Feast Needle Bliss,Sakamichi,Yowamushi Pedal,,,
https://www.youtube.com/watch?v=yzXwutv0yy8,I Wanna Enjoy the Stimulated Strawberry Lollipop Dandy;I wanna be the Boshy;I Wanna Run the Marathon;I Wanna Defeat The Second Family Members,Boss,Sonic the Hedgehog 2,,,
https://www.youtube.com/watch?v=VWHOcHzLQzs,I Wanna be the Cat,World 1,Maxo,,,
https://youtu.be/ikr59Iplnlo?t=94,I Wanna be the Sugar,Altale,Sakuzyo,,,
https://youtu.be/o1iz4L-5zkQ?t=109,I Wanna be the Whimsical Mercy,Whimsical Mercy,Hachioji-P,,,
https://www.youtube.com/watch?v=KF32DRg9opA,I wanna be the Guy,The Moon Theme,Yoshihiro Sakaguchi,,,
https://www.youtube.com/watch?v=9NFmgQqLmSo,I wanna be the Boshy,The Underworld,Terranigma,,,
https://youtu.be/B1X0ZgAEmKg?t=147,I Wanna be the Noesis;I Wanna be the RIOT!,Change & Chance,Noble Works,,,
https://www.youtube.com/watch?v=8xRVLyRoupw,I Wanna be the SAN;I Wanna Kill the 3sweepor,World's End,Noah,,,
https://www.youtube.com/watch?v=pmtT2xXOW2U,I wanna be the Farewell,Sorry I'm Leaving Now,Antihoney,,,
https://www.youtube.com/watch?v=HiJSGIiAWHc,I wanna celebrate 100,Dining Room,Ib,,,
https://www.youtube.com/watch?v=ja6hIEi8iZo,I Wanna be the Weegee,From Within,Darangen,,,
https://www.youtube.com/watch?v=S32awXrU2RA,I Wanna be the Lizardmanmaster 7,Rising Sun,NemesisTheory,,,
https://www.youtube.com/watch?v=4PQ6oeaQ9Y4,I Wanna Take the Timemachine 2,Advance On (V2),Shade,,,
https://www.youtube.com/watch?v=bkWUJfIotfU,Fangame: The Game,Toxic Caves,Howard Drossin,,,
https://www.youtube.com/watch?v=oAg4yjEmerU,I Wanna Kill the Kamilia,Science Can Be Fun,Mike Morasky,,,
https://www.youtube.com/watch?v=UeWWSvDbT4c,I wanna be Myself,The Tallest Tower,GIRakaCheezer,,,
https://youtu.be/lbhz0O0dAyk?t=103,I wanna be Myself,Battle for Everyone's Souls,Shoji Meguro,,,
https://www.youtube.com/watch?v=pBygBkCmE9o,I Wanna Dream;I Wanna Warp the Worlds;Not Another Needle Contest 2;skeleton game 2,Boss 1,Scott Lloyd Shelly,,,
https://youtu.be/E8x1DlLTdUQ?t=6,I Wanna be the Hydlium,BABEL,ATOLS,,,
https://www.youtube.com/watch?v=Dp9nGccaPNE,I Wanna Reach Heaven,Last Cave,Daisuke Amaya,,,
https://youtu.be/JQGu6RKuZeY?t=40,I wanna qoqoqo 2,White Avenue,re:plus,,,
https://youtu.be/ot58V1McCFM?t=9,I Wanna be the Agnosia,Agnosia,Vitamin Aniki♂,,,
https://www.youtube.com/watch?v=JnYeu8HYxZ0,I Wanna Break the Neon Miku,Fukiyose City,Shota Kageyama; Go Ichinose; Hitomi Sato; Junichi Masuda; Minako Adachi,,,
https://youtu.be/Z9iiQq6J4yk?t=28,I Wanna be the Stilette,Acid Rain,Sound Prison,,,
https://youtu.be/a7mRXyeTV4c?t=7,The Mage's Lair,Party of Ghost,God Melospi,,,
https://www.youtube.com/watch?v=Ylwad2Q7fsM,I Wanna Repent,Sky Island Town,Triodust,,,
https://www.youtube.com/watch?v=XJQOY1OC36I,I Wanna Fly Far Bounce,Fly Far Bounce,Nekomata Master,,,
https://www.youtube.com/watch?v=s_-temqMBfc,I Wanna be the DAREJAR,Yoshi Star Galaxy,Koji Kondo,,,
https://youtu.be/6ViP0MihCA4?t=15,I wanna be the Music2,Ninur,Savant,,,
https://youtu.be/0f4iZi7IIa0?t=42,I Wanna Thread the Needle,Cyber Mower,APZX,,,
https://youtu.be/WhRBeW8IOgs?t=6,I Wanna be the Incarnation,Reincarnation Ascensation,Kikuo,,,
https://youtu.be/32NTX4AZgQY?t=21,I Wanna be the Pacemaker,Pacemaker,The Quick Brown Fox,,,
https://youtu.be/HtCPMhyBzNU?t=30,I Wanna Break the Series Z 3,Super Nuko World,Mafumafu,,,
https://youtu.be/2bpVv3EyCAY?t=55,I Wanna Traverse the Neon Rainbow;The Avoidance Complex,Into the Galaxy,Yumisekai,,,
https://youtu.be/kGyTL7uOT9g?t=81,The Cardinal House,The Beast of Braildorn,Night of the Hunt,,,
https://www.youtube.com/watch?v=I_Uax2jCUGo?t=33,I Wanna 1.2;I Wanna Eat the ER,1 2 Fanclub,mikito-P,,,
https://youtu.be/qY3Pdujy4us?t=155,I wanna be the Destination,Hi Rai Shin,Yuuyu-P,,,
https://youtu.be/MsMF3k59xeQ?t=10,I Wanna be the Airexa,Axeria,AcuticNotes,,,
https://youtu.be/WKnVaDwUg5s?t=101,I Wanna be Abducted;Find My Answer,Space Lion,Cowboy Bebop,,,
https://www.youtube.com/watch?v=IMNLy67ihY4,I wanna break Things into Pieces,Megalovania - Metal Cover,RichaadEB,,,
https://youtu.be/Dz4QQN191LE?t=12,I Wanna Break the Series Z 2;I Wanna Break the Last Z,Happy Lucky Unholiday Monday,ERAN,,,
https://youtu.be/E0q7B1W6ANs?t=50,I Wanna Elecspike,Outer Science,Jin,,,
https://youtu.be/YGqkvneoTcU?t=67,I Wanna Reach the Moon,Ancient Constructs,Ashton Morris,,,
https://youtu.be/PrQQ5_4Wl1I?t=10,I Wanna Kill the Troll King,See You Again,Ys I & II PCE,,,
https://youtu.be/clDmDzFt3V0?t=194,I Wanna be the Science,Artemisia's Imaginary Dance Science,Akibawota-P,,,
https://youtu.be/xQKc1U_vElo?t=59,I Wanna be the Pendulum,Love Rap,Tsunku♂,,,
https://www.youtube.com/watch?v=rKqSVuv0hHg,Not Another Needle Game,Afro Ninja Theme Song,KTRECORDS,,,
https://youtu.be/WYk3jum1Xcg?t=42,I wanna escape the rainbow trap,Divine Madness,Phyrnna,,,
https://youtu.be/zzPuPQKGtEU?t=46,I Wanna be the Force,No Remorse,Ketsuipachi Arrange,,,
https://www.youtube.com/watch?v=wbjbNGgL8p8,I Wanna be the Scapegoat,The Gensokyo the Gods Loved,ZUN,,,
https://youtu.be/pb-IecRyJ0Q?t=25,I Wanna be the Force;I Wanna AA BlackY Mix;I Wanna Join the AA,AA BlackY mix,BlackY,,,
https://youtu.be/5leVql3RVnA?t=43,I Wanna Know the Everlasting Stories,Everlasting Message,penoreri,,,
https://www.youtube.com/watch?v=Cxhk5Fi7G_s,I Wanna Kill the Minesweepor,Underwater Sun,The Bird Brains,,,
https://www.youtube.com/watch?v=mdMDdAFW7d4,I Wanna be the Ultimatum;I Wanna be the Hero-Again,Unreal Superhero 3,Rez and Kenet,,,
https://youtu.be/-yzU9UshRd0?t=14,I Wanna Try a Collab,Missing You,Trash80,,,
https://youtu.be/zDPJuAxZaOo?t=201,I Can't Speak Loanwords!;I Wanna be the Not World;I Wanna Climb the Witch's Tower;Alphazetica;Not Another Needle Contest 2,dreamenddischarger,zts,,,
https://youtu.be/mYHJPb9PuUM?t=14,All I Need are Things I Like,All I Need are Things I Like,PinocchioP,,,
https://youtu.be/hmwew-jHnv0?t=54,I Wanna be Myself,Rigid Paradise,Sound Sepher,,,
https://www.youtube.com/watch?v=QYODx3mXlPc,I Wanna be the PS,Scarlet Rose,Sound Sepher,,,
https://www.youtube.com/watch?v=IOSRTILzl1s,I Wanna be the Not World;I Wanna Reach Heaven;I Wanna Best the Needle 3,Point of No Return,Yosuke Yasui,,,
https://youtu.be/XVCwzwxdHuA?t=56,I Wanna Anaconda Box,Brain Diver,May'n,,,
https://youtu.be/leSiAiTitKQ&t=27,I Wanna be the Best Guy 3;I Wanna Kill the Happil 2;I Wanna Break the Series Z 3,Setsuna,Ryu Umemoto,,,
https://youtu.be/xdbFxTisQyY?t=45,I Wanna be the Continuity,Monody (No Vocals),TheFatRat,,,
https://youtu.be/LnAVW1gf2H8?t=178,I Wanna Kill the Blue Mage,Serpent Eating the Ground,Revo,,,
https://youtu.be/SC6J-HCSTwk?t=52,I Wanna Revenge the Creeper,Derezzed,Daft Punk,,,
https://www.youtube.com/watch?v=33jk7MXZJeU,I wanna be the Fangame!;I Wanna be the Fangame,4000 Degrees Kelvin,Mike Morasky,,,
https://www.youtube.com/watch?v=wb_kpKRwgDI,I Wanna be the Torture;I Wanna Go the Make Magic,some gamemaker 8 song,YoYo Games,,,
https://www.youtube.com/watch?v=Zslg5hVtsbk&t=20s,I Wanna Beat the Anhedonia,凛,a_hisa,,,
https://youtu.be/ml6257KUeIA?t=45,I Wanna See the Moon;I Wanna be the Sorrow,Mining Melancholy,David Wise,,,
https://www.youtube.com/watch?v=5l0y0hOEflQ,I Wanna Feed Your Escapism 2,City Ruins (Shade),Keiichi Okabe,,,
https://www.youtube.com/watch?v=emxwcjdTJVs,I Wanna be the Hanamogeta,音楽素材MusMus,小さな決意,,,
https://youtu.be/xMV6l2y67rk?t=66,I Wanna Thank You Thenewgeezer;I Wanna be the Phantom Needle IV,Intro,The XX,,,
https://youtu.be/_x2RksGrzyE?t=26,I Wanna Find My Butthole,XY Cell Llif3,Julien Turner,,,
https://youtu.be/Mg-r5YUhJb4?t=1,I wanna be the 32,逆さまな笹かま,Umetora,,,
https://www.youtube.com/watch?v=-Bgz_W00_-o,I Wanna Kill the Troll King,Dragon Roost Island,Kenta Nagata,,,
https://www.youtube.com/watch?v=O0adGUTA4W0,I Wanna See the Moon;I Wanna be the RP,Barren Valley,Arata Iiyoshi; Hideki Sakamoto; Keisuke Ito; Ryoma Nakamura; Kenichi Saito,,,
https://www.youtube.com/watch?v=VhgOy27Zjk8&t=3s,I Wanna Reach Heaven,Flying Away,F-777,,,
https://www.youtube.com/watch?v=tMCXMg8p9sc,I Wanna be the Tribute;I Wanna be the Lunatic,Pokey Means Business,Hirokazu Tanaka,,,
https://youtu.be/R2ZjuWlTKjM?t=24,I Wanna be the New,Brobot L-Type Battle,Naoko Mitome; Chika Sekigawa; Yasuhisa Baba,,,
https://www.youtube.com/watch?v=dAPMnKO3Q5A,I Wanna Kill the Blue Mage,Sanctum (Battle),Hideaki Kobayashi,,,
https://www.youtube.com/watch?v=1vxkGfKc_80,I Wanna Call me It;Crimson Needle 2,Challenge,Masashi Hamauzu,,,
https://youtu.be/of5Mb0_1rGM?t=5,I Wanna be the Weegee,Soul Ablaze,DarKsidE555; Zero-Resurrected,,,
https://youtu.be/_kilv56DvHc?t=10,I wanna be Myself;I Wanna be the Permanence Zero,It's Showtime,Naoko Mitome; Chika Sekigawa; Yasuhisa Baba,,,
https://www.youtube.com/watch?v=azXqqfaU4cE,I wanna be the Diverse;I wanna kill the Maker,Armed With Courage,NemesisTheory,,,
https://youtu.be/aZg72Bqhwg4?t=195,Summer Feast Needle Bliss,蘭,Feryquitous,,,
https://youtu.be/cA7NdYGvKx4,I wanna kill the Guy,Clubbed Baby VVVVVVeal,Danny Baranowsky,,,
https://youtu.be/-V2MEgqQVl4?t=5,Not Another Needle Contest,imp,Sakuzyo,,,
https://youtu.be/i_42Sighttk,I wanna Figure,Lion in a Coma,Animal Collective,,,
https://youtu.be/ifkxQcUTMLI?t=4,I wanna be the Destination,idk the name but its the SUKI SUKI song,さんじょ,,,
https://www.youtube.com/watch?v=hrew1qwH2oU,I wanna kill the Guy;I Wanna Take the TimeMachine;I wanna escape the Space;I Wanna be the Biotope;I Wanna be the Gang Starr,ukigumo,ヒゲドライバー,,,
https://youtu.be/r12UvGrdKyM?t=227,I wanna kill the Guy,Operation Evolution,Dimrain47,,,
https://www.youtube.com/watch?v=Gu2pVPWGYMQ,I wanna kill the Kermit,Have you ever seen the rain?,Creedence Clearwater Revival,,,
https://youtu.be/tmozGmGoJuw?t=68,I Wanna Kill the Kermit 3,When You Die,MGMT,,,
https://youtu.be/DzOpGMg8g5M?t=19,I Wanna Kill the Kermit 3,Hallucinating,Elohim,,,
https://youtu.be/BU87tkc5Nak?t=50,Straight Outta Compton;I Wanna Kill the 3sweepor;I Wanna Try a Collab;Boshy Remastered,We Tigers,Animal Collective,,,
https://www.youtube.com/watch?v=FP4duz43t_A,I Wanna Feed Your Escapism 2,Kainé [Salvation],Keiichi Okabe,,,
https://www.youtube.com/watch?v=g-7XBVXo5eI,I Wanna Destroy the Needleverse,Obsolete Sky,Ocular Nebula,,,
https://www.youtube.com/watch?v=dQKdkicRqgQ,I Wanna Destroy the Needleverse,Autumn Crystals,Ocular Nebula,,,
https://youtu.be/uMy0Szlmz8k?t=7,I Wanna Destroy the Needleverse,Mint,Dunderpatrullen,,,
https://www.youtube.com/watch?v=lGt8uU4MpX0,I Wanna Destroy the Needleverse,Escapism,cYsmix,,,
https://www.youtube.com/watch?v=mvTE2zwpe9Y,I Wanna Destroy the Needleverse,Stop the Watch!,Edzes,,,
https://youtu.be/CcrMsJy-bxQ?t=9,I Wanna Find a Cure,World Map,Rayman OST,,,
https://youtu.be/UcnRrAa19Xk,I Wanna Find a Cure,Love is the Cure,Zalza,,,
https://youtu.be/tRCZ8l4pAk4,I Wanna Find a Cure,Caroline in neon hot pants,Joule and Ko0x,,,
https://youtu.be/0uAsD6lQV1I?t=154,I Wanna Find a Cure,Bombs for Throwing at You,Portal 2,,,
https://www.youtube.com/watch?v=M1w2wgRNO4I,I Wanna be the Capacity;The Mage's Lair Returns,Battle with Freudia,AM3,,,
https://youtu.be/CgXchYClfrY?t=41,I Wanna Feed Your Escapism,Bite Your Lips,Andrew Applepie,,,
https://youtu.be/qQzdAsjWGPg?t=105,I Wanna Kill the Kermit 3,My Way,Frank Sinatra,,,
https://youtu.be/gAjR4_CbPpQ?t=114,I wanna kill the Kermit 2,Harder Better Faster,Daft Punk,,,
https://www.youtube.com/watch?v=hm39uUAVEEM,I Wanna Goreshit,slavik goblins,goreshit,,,
https://www.youtube.com/watch?v=ebJxb_ftj3g,I Wanna Try a Collab,Invasion A.D.,Carpenter Brut,,,
https://youtu.be/uH_nGpTWVPc?t=58,I wanna touch the Makers,Xhroria,AcuticNotes,,,
https://youtu.be/wPyZLuy6S7M,Not Another Needle Game,Fallen Hero,Lemonxreaper,,,
https://youtu.be/JJ76zxbRKp0?t=90,I Wanna be the Double Baka,Burn This Moment Into The Retina Of My Eye,goreshit,,,
https://youtube.com/watch?v=rxdPeOgy5r8&t=11s,I wanna be the just trap 2,Black Out Zone,Jerico's Law,,,
https://youtu.be/xCowWCdc-nc?t=140,I Wanna be the TsuTaMao;I wanna be the Permanence;Not Another Needle Contest;I Wanna Defeat the Discord Makers 2,Hyperion,Rin,,,
https://youtu.be/XHtQO0aLEKI?t=57,I wanna touch the Makers,B.B.K.K.B.K.K,nora2r,,,
https://youtube.com/watch?v=sR2vxH_LUtM&t=56s,I wanna be the scarlet,Scarlet Epic,TFON_Scarlet,,,
https://youtu.be/inHbha2nyPs?t=27,I wanna φ,Dragons,Caravan Palace,,,
https://youtu.be/UkD_zK69p8E?t=56,I Wanna be the Double Baka,Krieg,F.O.O.L,,,
https://youtu.be/eV7rLbDQiLE?t=11,i wanna ə,Quicksand,Berserk+Haste,,,
https://youtu.be/5NRTGcOB5o4,I Wanna Defeat the Discord Makers 2,Astronaut instrumental,omoon,,,
https://youtu.be/o4tLeTOZLcs?t=58,I Wanna be the DP;I Don't Wanna Lose my Sanity;I Wanna Go THE TIME,Kamui,sasakureUK,,,
https://youtu.be/OI3C9qQlb1U?t=100,I Wanna be the DP 3;I Wanna DiVE it so fast;I Wanna be the Name,FREEDOM DiVE,xi,,,
https://www.youtube.com/watch?v=OtFS_DCPFpY,I Wanna be the Cherry,Kaze no Kioku,Yellow Zebra,,,
https://youtu.be/hzHMUJN9m-I?t=113,I Wanna be the Ocean Princess,Laughing with Such Abandon,Outrun the Sunlight,,,
https://youtu.be/n_AusGqbcAI?t=134,I Wanna be the Durability;I Wanna Get Better with Avoidances;I wanna Dodge Everything!,Carnival,otetsu,,,
https://youtu.be/tPWOd207TA0?t=4,I Wanna be the XX,Whole Lotta No's,Pinocchio-P,,,
https://youtu.be/t_AivyLnqgw?t=70,I Wanna be the Catastrophe,Memories Call,Taka,,,
https://youtu.be/RiixxwO71GI?t=32,I Wanna be the Flower of Sorrow;I Wanna Kill the Lovegood,flower of sorrow,OSTER-project,,,
https://www.youtube.com/watch?v=eIGOLy8qkoI,I Wanna Get the Math PhD,Adok Bomb,idk,,,
https://www.youtube.com/watch?v=rK-19lEHO60,I Wanna Get the Math PhD,Lilith,Varien,,,
https://youtu.be/XaqZgwOt88s?t=17,I Wanna be the GCM,Tsumiki no Ningyou,wowaka,,,
https://youtu.be/Aq3NFW-BZlY?t=17,I Wanna Sing a Hanage,Hanageuta,mathru,,,
https://youtu.be/5kNcWhjWrJQ?t=115,I Wanna Shiver,Heal Within,Auvic,,,
https://www.youtube.com/watch?v=Zp_ID-7q3ts,I Wanna be the Neon;I Wanna be the Neon 3,rainState,Alloud,,,
https://youtu.be/QqaylAsBlGE?t=29,I wanna ride the Wave,Pneumatic Tokyo,EnV,,,
https://youtu.be/UfiU6b8LZb0?t=41,I Wanna Dropout the Angel,Gabriel Dropkick,Miyu Tomita; Saori Oonishi; Naomi Ohzora; Kana Hanazawa,,,
https://youtu.be/lRkKfMsNS9Q?t=47,Unicorn tail Dustboxxxx RMX,Unicorn tail Dustboxxxx RMX,Dustboxxxx,,,
https://youtu.be/ETVKw9bdjYQ?t=3,I wanna be the 椅子から転げ落ちる,japanese guy talks and falls from chair,the japanese guy,,,
https://youtu.be/Z9BKRDEScLs?t=15,I Wanna be the Lovegood 2,Do Da Oliphant,Skrillex,,,
https://youtu.be/MPj1UTETlTQ?t=26,I Wanna be the 2006,Imperishable Night 2006,篠螺悠那 feat. 鯛の小骨,,,
https://youtu.be/R_hlY-9Dh0M?t=21,I Wanna be the Last TIS;I Wanna Kill the 2sweepor;I Wanna be the Cute Duck,Ascension,BlackY,,,
https://youtu.be/Xg-qfsKN2_E?t=18,I Wanna Loki,Roki,mikito-P,,,
https://youtu.be/DzXDrTqK_l8?t=10,Happy Fantazma,はんぶんこ花火,Dream Hackers,,,
https://youtu.be/zegW1ak7q_g?t=13,I wanna be the Revolution!!,Yawaraka Tank,idk,,,
https://www.youtube.com/watch?v=AkUAP3O-kOQ,I Wanna Augment the Loon's Noodle,Cloud Ruins Remix,Plasma3Music,,,
https://www.youtube.com/watch?v=Nx5c_JZIM6M,I Wanna Ponder,Presto (Summer),Antonio Vivaldi,,,
https://www.youtube.com/watch?v=tpJlKcYJCGY,I Wanna be the Noodle Loon 3,Gill's Theme,jelehu,,,
https://youtu.be/GmeJCsYk1JQ?t=67,I wanna be the Permanence zero,DJ! DJ!,Nona Reeves,,,
https://www.youtube.com/watch?v=DRo6Nq7CDH8,divisive game,Canadian Girls,Hala,,,
https://youtu.be/kxZsc_uO4qI?t=41,I wanna be the LoveTrap,Bad Apple,nomico,,,
https://youtu.be/EJTNMaHCgiM?t=24,Not Another Needle Game,Bad Apple,Flandre-SDM,,,
https://youtu.be/FZA_NmudsgU?t=252,I Wanna ヌルヌル,Air Raid,夜孔,,,
https://www.youtube.com/watch?v=4b3TCpykcw0,I wanna call me it,IROHA,Ocelot,,,
https://youtu.be/wdIQsmax-FE?t=1,I Wanna Play the Endurance 2,Harvest,HAL,,,
https://youtu.be/iJ_Efx3G7bU?t=86,I wanna be Myself,ENOLA,P-Model,,,
https://youtu.be/PARCgURBOOI?t=77,I Wanna Kill the Mokuteki 2;I wanna be the Beginners king;I Wanna be the Forehead;Avoidance Ability Test;I Wanna be a Charr;I Wanna be the Interaction,smooooch・∀・,Kors K,,,
https://youtu.be/jOzGrutpIe4?t=30,I Wanna Try a Collab,PONPONPON De Floor,JAKAZid,,,
https://youtu.be/2fcvHGXq1xM?t=22,I Wanna Get Cultured 2,Blue Velvet,Djjaner & Eshio,,,
https://youtu.be/LgcWdvgRzdg?t=15,I Wanna Melanzana,Dance of Venus,NayutanalieN,,,
https://youtu.be/WTE9Or5vqi4?t=62,I Wanna Get Cultured 2,Jupiter the Magnificent,DJ Airecho,,,
https://youtu.be/2SaB-05BpKw?t=17,I Wanna Kill the Mauri;I Wanna Kill the Lovegood,Spectrum + KDrew Remix (Launchpad Cover),SoNevable,,,
https://youtu.be/HD7i3RObECc?t=41,I Wanna Kill the Lovegood,Sound Guy,Roman Aloy & Jordan Rivera,,,
https://youtu.be/bo9rdocLAAo?t=24,I Wanna Get Cultured 2;Amaranth Needle,Vain Star,Cycerin,,,
https://www.youtube.com/watch?v=lo2LXOYJ-EU,Not Another Magic Tower Game,Ice Cap,XInfinityZero,,,
https://youtu.be/ICjD3f-8SXE?t=85,I Wanna Try a Collab;I Wanna Elecspike,Run,iamthekidyouknowwhatimean,,,
https://www.youtube.com/watch?v=Wufz_8FOMzE,I Wanna be the Poireau;I Wanna be the Very Best,Viridian Forest,Junichi Masuda,,,
https://www.youtube.com/watch?v=gdmcXhXUJjs,I Wanna Go the Parallel World,Ruins of Alph,Junichi Masuda,,,
https://youtu.be/_WPVxmn4nEM?t=5,I Wanna Create a Sonic Rainboom,Rainbowlicious,PhonyBrony,,,
https://www.youtube.com/watch?v=3tqHWATJ1k8,I Wanna be the Platinum,Supreme Logician,Yoshito Hirano,,,
https://youtu.be/64LEECvdlyU?t=33,I Wanna be the Platinum,Bonechill Battle,Naoko Mitome; Chika Sekigawa,,,
https://youtu.be/fu0Y89kturc?t=48,I wanna be Myself,The Frozen Journey,Phyrnna,,,
https://youtu.be/h1pSSrmdEtw?t=63,I Wanna Kill Originality,Apple dot com,Pinocchio-P,,,
https://youtu.be/wk-Kx3XyZ4Q?t=68,I Wanna Kill the Shadowlink,Force of Flames,ajkora,,,
https://youtu.be/SYkMV4vt3Iw?t=58,I Wanna be the ↓→↑,↓→↑,tata,,,
https://youtu.be/XGNZGHZgmrw?t=28,I Wanna be the Xepher,Xepher,Tatsh,,,
https://youtu.be/NL2VS0mG8bw?t=4,I Wanna Love Utopia,蒸熱♨ユートピア,Harukawa Akari; Karen; Koharu Meu,,,
https://youtu.be/B_9PNis-CI8?t=26,I Wanna be the GINTAMAN,Dondake! Gintaman!,Audio Highs,,,
https://youtu.be/Lq2ANOkfsIA?t=155,I wanna be the Ocean Princess,Skyworld,Two Steps From Hell,,,
https://youtu.be/3CdKrA3viNw?t=12,I Wanna be the Sunflower Fairy;I wanna get Cultured,Croatian Rhapsody,Maksim Mrvica,,,
https://www.youtube.com/watch?v=sNvWC_lTP38,I Wanna be the Ditch Mouth Mutant;I Wanna Kill the Sudoku;I Wanna Try a Collab;I Wanna be the PYF;I Wanna Kill the 3sweepor,Passionate Rhythm,Kenji Ito,,,
https://youtu.be/zXK2s9vVuEw?t=92,I Wanna be the Keyboard,Dance of the Zinger,virt,,,
https://www.youtube.com/watch?v=sT_A-bpBgBQ,I Wanna Go the Jumple Refrenture,Planetarium / Outpost Theme,Starbound,,,
https://www.youtube.com/watch?v=dWFkzPEKqXg,Not Another Needle Contest;No one can hear you turn in space ,Rogueport Sewers,Yoshito Hirano; Yuka Tsujiyoko,,,
https://www.youtube.com/watch?v=iDVM9KED46Q,I wanna be the Ocean Princess,Reach for the Summit,Lena Raine,,,
https://youtu.be/5_7aWgFN0s8?t=26,I wanna be the Finite,Purple Coins,Super Mario Galaxy,,,
https://www.youtube.com/watch?v=LS18kZR1X5I&t=30s,I Wanna QoQoQo 300,Adventure Time,Philter,,,
https://www.youtube.com/watch?v=IuwxZSIS__4,I Wanna Wake Up,Electric Avenue,Eddy Grant,,,
https://www.youtube.com/watch?v=UmUWtWMNZ8M,I Wanna be the Gay Wizard;I Wanna Get Cultured 2;I Wanna Get Crimsoned 2,Brinstar,Super Smash Bros. Melee,,,
https://www.youtube.com/watch?v=JrQn_PMgUvM,I Wanna Be the FE,Volcano Island,Croc - Legend of the Gobbos,,,
https://www.youtube.com/watch?v=ip_OP30IVX4,I Wanna Reach Heaven,Blancland,Matt Thorson,,,
https://www.youtube.com/watch?v=DaPTOc1OgXw,I Wanna Warp the Worlds,Underground,Terraria,,,
https://www.youtube.com/watch?v=anw6cFmR9hM,I Wanna Kill the Sacred C3 2;I Wanna Kill Originality,Whoa I'm In Space Cuba,virt,,,
https://www.youtube.com/watch?v=Tw5xxdjfYBY,I Dun Wanna be Anything 2,Dungeon Exploring,Wild Arms 2,,,
https://www.youtube.com/watch?v=QPJUzunUJVc,I Wanna be the Simple Needle;I wanna kill the Needle Games 2;I wanna try a Collab 2,Exothermic,virt,,,
https://www.youtube.com/watch?v=2_xe4yuR9gA,I Wanna be the Conscience,And You Will Know the Truth,Mega Man Battle Network 2,,,
https://youtu.be/kFaVDHVkrUI?t=58,I Wanna be the D;I Wanna Break the Series Z 3,LegenD.,Yooh,,,
https://www.youtube.com/watch?v=6Kr2gApsjsA,I Wanna be the Explorer,.#Saki extracting,Ar Tonelico 3,,,
https://youtu.be/tQGRvFJKlyA?t=72,I Wanna Gaze at the Horizon,Outrun!,Waterflame,,,
https://www.youtube.com/watch?v=deh16-OC7S4,I wanna get my daily recommended amount of fiber,Wario's Gold Mine,Mario Kart Wii,,,
https://www.youtube.com/watch?v=0QClthT2EZo,I Wanna Scrape my Face,Remix 4,Tsunku♂,,,
https://www.youtube.com/watch?v=iU-GbhOc16A,I wanna be Myself,Joker,Tsuyoshi Kaneko,,,
https://www.youtube.com/watch?v=mKkLjJHwRec,I Wanna be the Platinum,Computer Error Song,Windows,,,
https://youtu.be/sCyrxrPelhk?t=5,I Wanna Get Thug Life,I Love You Baby,Daito Music,,,
https://youtu.be/FBnpP40yLPU?t=39,I Wanna be the Steak Temple,Ancient Memory,Sun3,,,
https://youtu.be/4VbHwyTfgPw?t=141,I Wanna Count 0,Count down 321,t+pazolite,,,
https://www.youtube.com/watch?v=gBI3eFORzns,I Wanna be the Hereditary Baldness 2;I Wanna be the SIG,Two Lips,The Residents,,,
https://youtu.be/NVGRjZRgrsM?t=1,I wanna be the Sublime;I Wanna Kill the 3sweepor,On the Way to Oklahoma,The Residents,,,
https://www.youtube.com/watch?v=GZjys6_qA9Y,I Wanna be the Scapegoat,It Ends,Super Meat Boy,,,
https://www.youtube.com/watch?v=u-M7e_7tAEk,I Wanna Bread;I wanna be the Sugar,Vs. Yin-Yarn,Kirby's Epic Yarn,,,
https://www.youtube.com/watch?v=JUGAXeYAtf4,I Wanna Make a Sandwich,Egyptian Groove,The Lost Vikings,,,
https://www.youtube.com/watch?v=H1dOreGykiM,We Live Under the Stairs,Weile Weile Waila,The Dubliners,,,
https://youtu.be/H2aMKdS3dgc?t=45,I Wanna Get Cultured 2,Gear Getaway,Kenji Yamamoto,,,
https://www.youtube.com/watch?v=l4UjSxzQ86A,I Wanna Go to Extreme Depths,Cobalt Blue,Lifeformed,,,
https://www.youtube.com/watch?v=QJQNLpzJJDA,I Wanna be the Drunk 2,Piklopedia,Pikmin 2,,,
https://youtu.be/4L1OTVHirO8?t=58,I Wanna Float in Disco,Float in Disco,Yuugou-P,,,
https://www.youtube.com/watch?v=ZIfSaDNVjXI,I Wanna Super F - Variety Stream Package,Chip Da Ripper Freestyle,King Chip,,,
https://youtu.be/e7vFHEEL2fU?t=10,I Wanna be the Forsenbaj,Easy Street,The Collapsable Hearts Club,,,
https://youtu.be/T-izqJr-3i0?t=6,I wanna be the Device,Tsukihane,Sei,,,
https://www.youtube.com/watch?v=w71agCHuSEo,I Wanna Shiver,The Beginning,Cytus,,,
https://youtu.be/9-bLRFOTVQM?t=51,I wanna be the Name,End Time,Cres,,,
https://www.youtube.com/watch?v=aS9yR5S0lis,I Wanna be the Blue Core,Pray for Japan,Murohashi Takuya,,,
https://youtu.be/GBrMULVQVNU?t=20,I Wanna be the Monochrome Perception,Monochrome Perception,a_hisa,,,
https://www.youtube.com/watch?v=UgKyGJ3Tdts,I Wanna Fall into the Snow,Fall into the Snow,aran,,,
https://www.youtube.com/watch?v=phUg2vPnadQ,I Wanna Defeat the Robot,Cannon Ball - Remix,KokiRemix,,,
https://youtu.be/O-MQC_G9jTU?t=24,I Wanna be the New;I wanna be the Fuckerball,Shooting Stars,Bag Raiders,,,
https://youtu.be/sWvZfwY8beg?t=1,I Wanna be the Torinokawa,Delusion Tax,DECO*27,,,
https://www.youtube.com/watch?v=CBApK8JiP50,I Wanna be the Dieary,Working...Please wait...,Kikiyama,,,
https://youtu.be/gOwQGrYGko8?t=97,I Wanna be the Bingo,Mambo Mambo,Lou Bega,,,
https://www.youtube.com/watch?v=AUTdqAm5OZc,I Wanna be the Forehead;I Wanna Get Cultured 2,Poniko's House,Kikiyama,,,
https://www.youtube.com/watch?v=vpfPb_dDDpc,I wanna be the Destination;I wanna be the Luster,Eight Melodies (Piano),Shima,,,
https://www.youtube.com/watch?v=GoxM-QT4xsc,I wanna be the Crimson;VoVoVo;I wanna be the Crimson Needle;Crimson Needle 2;Crimson Needle 3;I Wanna Go Across the Crimson Rainbow;I Wanna Defeat the Discord Makers FM Side;Alphazetica,Hellish Hum,Kikiyama,,,
https://youtu.be/lydv7MTyyiA?t=32,I Wanna Summer Party,Summer is Short So Let's Fall in Love Boys,KONY,,,
https://www.youtube.com/watch?v=blA7epJJaR4,I Wanna Destroy the Needleverse,Higher,Tobu,,,
https://youtu.be/18ObVdcCkdI?t=3,I Wanna be the Dieary,Tenshi no Fureta yo,K-On!,,,
https://youtu.be/8oBV3jPTW4s?t=64,I Wanna Lost One,Lost One's Weeping,Neru,,,
https://youtu.be/sEHkFRIe_8U?t=77,Tits or get the fuck out!!,Tits or get the fuck out!!,Morimori Atsuhi,,,
https://www.youtube.com/watch?v=uvtjbAJyTr8,I wanna be Myself,The Night of Eternity,Kissing the Mirror,,,
https://youtu.be/EopzPx_EKJ4?t=83,divisive game,Hwa Heda,Cheb Wasila,,,
https://www.youtube.com/watch?v=cKtGAtkZxKQ,I wanna be the Farewell,Protect the Espers!,Nobuo Uematsu,,,
https://www.youtube.com/watch?v=YvWg0f1Zib4,I Wanna be the Pastel,Over the Frail Dream,Phantasma,,,
https://youtu.be/Wsi36xSl8yM?t=42,I Wanna Kill the Shadowlink;I Wanna be the Interval,Talent Shredder,Fujuniseikouyuu-P,,,
https://youtu.be/qYAmduGAwBQ?t=22,I Wanna Avoid the OS,Childish War,Giga-P,,,
https://youtu.be/ARt2fVT33Lw?t=1,I Wanna be the Forehead 2;I Wanna be the SLOo MOoTION;I Wanna Break the Series Z 3,SLoWMoTIoN,Pinocchio-P,,,
https://youtu.be/-t3gg6NH_kA?t=150,I Wanna be the Signore;I Wanna Break the Series Z 3,Sorezore ni Jinsei ga Aru,Pinocchio-P,,,
https://www.youtube.com/watch?v=lAI-vfPRRkE,I Wanna be the Pastel;I Wanna Go Across the Rainbow,Finder Keepers,xi,,,
https://youtu.be/kcdXLG62bj8?t=1,I Wanna be the Chargrilled Dish of Resurrection,じゅーじゅー♥焼肉の火からフェニックス！？～再誕の†炭火焼き～,Camellia feat. Nanahira,,,
https://youtu.be/_TYP3Zp2x24?t=73,Not Another Magic Tower Game,Wish,S.S.H,,,
https://youtu.be/A4Xee4wA624?t=107,I Wanna be the SSR2,Carnival,12 Girls Band,,,
https://www.youtube.com/watch?v=L0HVTx0gVho,I wanna jump the Shark 2,Invitation of a Crazed Moon,Castlevania: Portrait of Ruin,,,
https://www.youtube.com/watch?v=EGW35qInfAU,I wanna jump the Shark 2,One Who Gets in Our Way,Xenoblade Chronicles,,,
https://www.youtube.com/watch?v=2zwZ3XaKfkM,I wanna Classic,Beat From Melty Blood,Melty Blood Actress Again,,,
https://www.youtube.com/watch?v=m5Qhk-OYQsI,I Wanna Happy to the XXX,Embarassed,Nanashi-P,,,
https://youtu.be/cpMYlz52GFM?t=57,I Wanna be the R.O.C.K.E.T.,R.O.C.K.E.T.,SymaG,,,
https://youtu.be/WdAy_55dxqA?t=39,I Wannyaaaaaaaaaa;I Wanna Get Rekt;I Wanna be the Marvelous,Online Game Addicts Sprechchor,Tenkomori,,,
https://youtu.be/rFYtCi5T9ok?t=207,I Wanna be the Emperor,Hatsune Miku's Rampage,Hatsune Miku,,,
https://youtu.be/4A_SUmYbUCQ?t=55,I Wanna be the Revival,Shiny Kung-Fu Revival,t+pazolite,,,
https://youtu.be/gU8eFDmKBcM?t=58,I Wanna Chaton,EBONY & IVORY,OSTER project,,,
https://youtu.be/xsXv_7LYv2A?t=1,I Wanna be the Interaction,Shocking Party,A-RISE,,,
https://youtu.be/Q4HNZJvG6mc?t=72,I Wanna be the Rotten,UR Way,Rotteen,,,
https://youtu.be/6KTu7NFr2zo?t=147,I Wanna Bye the Bye,Weekly Shonen BYE-BYE,Pinocchio-P,,,
https://youtu.be/eDVxWeOr64w?t=3,I Wanna be the Bridge;I Wanna be the Music2,C18H27NO3,Team Grimoire,,,
https://youtu.be/dAnGKybCdlo?t=252,I Wanna be the Microheaven,Microheaven,チトセ,,,
https://www.youtube.com/watch?v=dNZDnZQ7lWg,I wanna be the 8bit,Nightmare Battle,Hirokazu Ando,,,
https://youtu.be/H4yuxqhVrlU?t=1,I Wanna be the Balloon,BALLOON,Tiara ft. Hatsune Miku,,,
https://youtu.be/RAxmjZVb_HQ?t=15,I Wanna Go the Parallel World,Vamo Alla Flamenco,Nobuo Uematsu,,,
https://www.youtube.com/watch?v=gEb0KnTLoTg,I Wanna be the Capacity;I Wanna Kill the Happil 2,At the Speed of Light,Dimrain47,,,
https://youtu.be/grlPEkzJbU4?t=35,I Wanna be the Chair 2,ROCKMAN 3 NON-STOP TECHNO REMiX,oniBD,,,
https://youtu.be/YXlE8ZESSEI?t=156,I Wanna Go the Parallel World,You're Not Alone - Orchestral Ver,Final Fantasy IX,,,
https://youtu.be/vBikyFuUqkg?t=23,I Wanna be the Chair 2;I Wanna be the M 2,Electroman Adventures V2,Waterflame,,,
https://youtu.be/pAkvF7HkFEY?t=22,Jason Enjoys the Witch's Dangerous Dandies,Birth of a New Witch (instrumental),Umineko no Naku Koro ni,,,
https://www.youtube.com/watch?v=L1CcW_W5nnI,I wanna be Myself;I Wanna be the Forehead,Step Subspace Ver.3,Takahiro Nishi,,,
https://youtu.be/RqSCLbmoHPg?t=153,I Wanna Get Crimsoned 2,Time Chill,Xavier 'mv' Dang,,,
https://youtu.be/VcWoJ5bDl3E?t=37,I Wanna Put Out the Cigarette,disappointing life,waiting to die,,,
https://youtu.be/7ydkYqTH1rM?t=12,I Wanna be the Chair;I Wanna Maker,Pixelspace,Waterflame,,,
https://www.youtube.com/watch?v=J86Sus2Qk2M,I Wanna be the Chair,Revenge of Meta Knight,iR2-X,,,
https://www.youtube.com/watch?v=ldr8ggTNzwk,I Wanna Exit from Here,Final Boss,AeronMusic,,,
https://www.youtube.com/watch?v=nhHa7ph5GLg,I'm Bored 2: The Game,Aquatic Ruin Zone,Masato Nakamura,,,
https://youtu.be/gFIgtkrgJTE?t=39,That Fucking Game 2,Brianstorm,Arctic Monkeys,,,
https://youtu.be/qmE0EAwo-wE?t=45,I Wanna be the Dotarakotara,Zero Nightmare Resurrection,Multiple Artists,,,
https://youtu.be/F_TV4vZRSE8?t=13,Bottomless Abyss;I Wanna Kill The Kamilia 2 WARPED,Lunar Abyss,Lchavasse,,,
https://www.youtube.com/watch?v=lWY8RhN2y0Q,I Wanna Go to El Sonidito,roppongi EVOLVED ver. A,TAG underground,,,
https://youtu.be/IXpQJkUj9-w?t=8,わっしょい;I Wanna be the Bonus,Dodonpachi Dai-ondo,Natsuko Naitou,,,
https://youtu.be/SKe56U8QJjA?t=53,I Wanna Paradission,Paradission,BlackY,,,
https://youtu.be/I4MQd751wgM?t=16,I Wanna Visit Hawaii;I Wanna be the Jumble,Garakuta Doll Play,t+pazolite,,,
https://youtu.be/4edaPoIGQpU?t=44,I Wanna be the !!!ChaosTime!!!,!!!カオスタイム!!!,t+pazolite,,,
https://youtu.be/g_8ikcL6ieY?t=104,I Wanna be the Archfoe,Svartalfheim,Deadball-P,,,
https://youtu.be/y66ZthFNI8Y?t=325,I wanna be the Palladium,Super Deadball Beat,Deadball-P,,,
https://youtu.be/6B-VFOSYiiM?t=85,I Wanna be the 3200min,FLOWER -SPRING ver.-,DJ Yoshitaka,,,
https://youtu.be/g0_1XDEUtbU?t=15,I Wanna Thread the Needle,Leviathan,Eguchi Takahiro,,,
https://youtu.be/M0XNLeU0nRk?t=28,I Wanna be the GC Needle,Cropduster,Waterflame,,,
https://youtu.be/xPrgimuOZnU?t=28,I Wanna be the Magnificent Stumble,Magnificent Stumble v2,Venetian Snares,,,
https://www.youtube.com/watch?v=sB-CDQZw2NU,I Wanna Rewrite,Shadows,Lindsey Stirling,,,
https://youtu.be/76GnOwHorn0?t=19,I Wanna Descend the 69,Adventure,Disasterpeace,,,
https://youtu.be/x0XxqOxcTBg?t=28,I Wanna Reach the Moon,Qwark's Hideout (Thran Asteroid),David Bergeaud,,,
https://youtu.be/yatFj5Zk1KI?t=137,I wanna call me it,Reverse,Unknown Animal,,,
https://youtu.be/QDet3AiXVV8?t=13,I Wanna be the Plasma,Plasma Gun,Memme,,,
https://www.youtube.com/watch?v=EnbhV3zuTj8,I Wanna Tickle,Love Everlasting,DDRKirby,,,
https://youtu.be/QkRyYnBzvV4?t=181,I Wanna Make It Breaking Out,Because Princess Inada is Scolding Me,Rin,,,
https://youtu.be/4PN3lMWrvY8?t=31,I Wanna be the Mirrorball Airride,Mirrorball Airride,Yamajet,,,
https://youtu.be/Veu3bBueVqw?t=67,I Wanna be the Dark Blue,Dear -music box ver.-,Pokkari,,,
https://youtu.be/91ugkta6LJQ?t=40,I Wanna Escape the Hell,Dear You (destructive),dai,,,
https://youtu.be/84V9jENTd_E?t=53,I Wanna be the Esperanto,Esperanto,Yamajet,,,
https://youtu.be/k81RsPBCf-k?t=47,I wanna beat the Spikes,Sennen Gensoukyou - History of the Moon,ZUN,,,
https://youtu.be/J9bJ66ccTyI,I wanna beat the Spikes 2,Spirit Theme,Torotoro Resistance,,,
https://youtu.be/j6sY5Z1yCLY?t=95,I wanna beat the Spikes 4,Septette for the Dead Princess,UI-70,,,
https://youtu.be/_H8mULP0XDc?t=6,I wanna beat the Spikes 5,The Road of the Apotropaic God - Dark Road,ZUN,,,
https://youtu.be/iPx8bMDyo9M?t=14,I wanna beat the Spikes 6,Fighting Granberia,Torotoro Resistance / Burnie,,,
https://www.youtube.com/watch?v=k6p1Ck0ab80,You're the Kid Now Charlie Brown!,charlie brown's teacher talking for 5 minutes,charlie brown's teacher,,,
https://youtu.be/z53CTHJkDSY?t=54,I Wanna Kill the Rukito;Irkara Needle,Fire Strike,Junk,,,
https://youtu.be/FyNmKwodPHs?t=103,I Wanna be the Scapegoat,Unused Impulse,164,,,
https://www.youtube.com/watch?v=NDxYOlNbfW8,I Wanna be the MMM;I Wanna be the Scribble;Scribble Notes,Boss Battle,魔王物語物語,,,
https://youtu.be/CoXEyhcLq1g?t=60,I Wanna be the MMM,Forest of Idols [B],Motoi Sakuraba,,,
https://youtu.be/PG-Xo9LGmog?t=21,I Wanna be the Co-op,Sonic 3 Final Boss (LimeNode Remix),LimeNode,,,
https://youtu.be/IpXQYRc0LOg?t=10,I Wanna GACHIMUCHI,How Do You Octagon!?,RazQ,,,
https://youtu.be/-R3tN27ShYs?t=7,I Wanna Skim the Milk,The Milk Song,Robert Benfer,,,
https://youtu.be/ZvFLycfVjKM?t=29,I wanna come to the conclusion,Backstab,Simon Viklund,,,
https://www.youtube.com/watch?v=7aZsUrcb0Cw,I Wanna End My Growth,The Hollows,Ridiculon,,,
https://youtu.be/P_XlM_rXfws?t=1,I Wanna Exit from Here,Verminest,Gryzor87,,,
https://youtu.be/CRfwX_UdomA?t=10,I Wanna Explore a Cave,Outset Island (Acapella),Smooth McGroove,,,
https://www.youtube.com/watch?v=GQ4EnPbciTU,I Wanna Grow Up,[0CC-FamiTracker] Hartmann's Youkai Girl,HertzDevil,,,
https://www.youtube.com/watch?v=9KBque-Lrak,I Wanna Go the Spook House,Ghost House,Koji Kondo,,,
https://youtu.be/BhRU8-NxPc4?t=46,I Wanna be Assaulted,Orange Genome,Mezame-P,,,
https://youtu.be/Jrtv4Xee7_A,I Wanna Kill The Kamilia 3,Eschatology,Muryoku-P,,,
https://youtu.be/-3vdk1Qf4mI?t=9,I Wanna Defeat the Discord Makers,China-P,徐梦圆,,,
https://youtu.be/TkU0ERRXCCs?t=49,I wanna see the Moon,Apple Woods,Arata Iiyoshi; Hideki Sakamoto; Keisuke Ito; Ryoma Nakamura; Kenichi Saito,,,
https://youtu.be/_3Lbj-eGHOw?t=8,I Wanna Beat the Hurtful Pain Tower,Dream Demon,Diarays,,,
https://www.youtube.com/watch?v=jy1scistRy0,I Wanna be the Unknown,Stairway to Revelation,FlashyGoodness,,,
https://youtu.be/QSwLzl2-c08?t=8,I Wanna Do Escapism,Sakura,nakano4,,,
https://youtu.be/U9LdeSCpeLA?t=64,I Wanna be the SkyHigh;I wanna avoid the desperation,Sky High,nakano4,,,
https://youtu.be/ARAj0aAMfxc?t=55,I Wanna Touch the Captain;I Wanna be the Emperor,Captain Jack (Grandale Remix),Captain Jack,,,
https://youtu.be/P4dhSf8pEeE?t=127,I Wanna Clear the Easy Miku 2,Raspberry Monster,HoneyWorks,,,
https://youtu.be/h9Sr0iWw8D0?t=42,I wanna try a Collab 2,Yellow Splash!!,P*Light,,,
https://youtu.be/SXYSJhAECKo?t=53,I Wanna be the Renegade Fruits,Renegade Fruits,t+pazolite,,,
https://youtu.be/iBsjEXsMM78?t=8,I wanna be the Permanence,paranoia,Mezame-P,,,
https://youtu.be/1zCAHSIB27k?t=66,I Wanna be the Promin,Nostalgia,Junky,,,
https://youtu.be/lvPRs_HC7Wg?t=142,I Wanna Rose Gear;アイワナ力診断テスト;Revolving Lantern,ANTI THE∞HOLiC,cosMo＠暴走P,,,
https://youtu.be/KFhLi81HeM8?t=3,I Wanna End the Blood Festival,Matryoshka (8-bit style),ぱるぷんちょ,,,
https://www.youtube.com/watch?v=5NV6Rdv1a3I,I Wanna be the Earth Temple,Get Lucky,Daft Punk feat. Pharrell Williams and Nile Rodgers,,,
https://www.youtube.com/watch?v=ok1hpjJimGo,I Wanna be the Hereditary Baldness,Lunatic Pandora,Nobuo Uematsu,,,
https://youtu.be/04F4xlWSFh0?t=10,I Wanna be the Steak Temple;ChatGPT Needle,Bodies,Drowning Pool,,,
https://youtu.be/hq3COfYuf5o?t=43,Domu;I Wanna Put Out the Cigarette,cease,waiting to die,,,
https://www.youtube.com/watch?v=verUNMCtDIw,I Wanna Kill the Lovegood,Toriningen Beat,Kikiyama,,,
https://youtu.be/mxuMcu5dUVo?t=104,I wanna beat the wannabes,The Genesis Armada,NemesisTheory,,,
https://youtu.be/9qRMdhLJnqQ?t=1,I Wanna be the Computer 2,Native Faith (Remix),idk,,,
https://www.youtube.com/watch?v=F37ZeulEWik,I Wanna be the Steak Temple,Triangle Square,Terry Scott Taylor,,,
https://www.youtube.com/watch?v=6g8UyGGsNbQ,I'm Bored 2: The Game,Column Dive,Morihiko Akiyama,,,
https://www.youtube.com/watch?v=U9dEu29RY44,I'm Bored: The Game,Otherworld,Nobuo Uematsu,,,
https://youtu.be/qvcXc6R4GBU?t=18,I'm Bored: The Game;I wanna be the Justice,Bowser,Koji Kondo,,,
https://youtu.be/jGhcsuqNIOc?t=2,I Wanna be the Mindweaver,Glass Onion,The Beatles,,,
https://www.youtube.com/watch?v=1Wytn-_MSBo,Purdy Adventures,Rainbow Trololol,EnigmaEvocative,,,
https://www.youtube.com/watch?v=Z9G1Mf6TZRs,I Wanna be the Zorman,Gotta Go Fast,Sonic X,,,
https://youtu.be/Y9j3heYZAk8?t=2,I Wanna Find My Butthole,peter falls and hurts his knee,Seth McFarlane,,,
https://youtu.be/bSOpCCTiQyQ?t=55,I Wanna TRIGGER★HAPPY,TRIGGER★HAPPY,P*Light,,,
https://youtu.be/DzXC7eyj314?t=100,Drunk Crunk Franken,Drunk Crunk Franken,t+pazolite,,,
https://youtu.be/4lLWbAlY2aU?t=59,I wanna love the Miku,Tsuki Kage Mai Ka,Gingahoumen-P,,,
https://youtu.be/BFHK5lnVPk0?t=1,I Wanna be the 373,373,idk,,,
https://youtu.be/XEg9bL3eiNM?t=55,I Wanna Gelize,croiX,Team Grimoire + あま猫,,,
https://youtu.be/4vb4A7anz88?t=79,I Wanna Be The ・ｑ・ｐ・;I Wanna Gelize,Gott,Hommarju,,,
https://youtu.be/f75NcWnr_Vo?t=29,I Wanna Be The ・ｑ・ｐ・;I Wanna be the Libertine,Kagome Kagome,sakuramodki,,,
https://youtu.be/nqN78hrJST4?t=52,I Wanna be the Solitary;I Wanna Make Magic,Make Magic,Lite Show Magic,,,
https://youtu.be/NwcpFC5j9X0?t=61,I wanna be the P→P→P, パ→ピ→プ→Yeah!,ヒゲドライバー join. shully & Nimo,,,
https://youtu.be/ikDRHdBaL_E?t=63,I Wanna Gorilla the Afoth;Avoidance Collab 4,INFINITY OVERDRIVE,DecisionS(kanone + nora2r),,,
https://www.youtube.com/watch?v=39JYengjS6E,I wanna be the Guy,Home Sweet Grave,Daisuke Ishiwatari,,,
https://youtu.be/EWmmPMuBgjA?t=32,I Wanna be the YAO,Stupid MF,Mindless Self Indulgence,,,
https://youtu.be/r2rvS8rM5Fc?t=136,I Wanna be the Ultimate Gravity,グレイスちゃんの超～絶！！グラビティ講座ｗ,Sota Fujimori,,,
https://youtu.be/RqxnjgFj1HU?t=60,I Wanna be the Campaign,Reversible Campaign,DECO*27,,,
https://youtu.be/v8I0XNK-AR8?si=uF4IwP7ALa1fygiM&t=37,I Wanna be the Fish,Mist in Hell,LUNA,,,
https://www.youtube.com/watch?v=hQhgTN7bNH8,I Wanna See You Suffer,Normal Battle,Shoji Meguro,,,
https://youtu.be/E6hVEAWR3A8?t=7,I Wanna See You Suffer;I Wanna Look Inside,Life is Beautiful,Takuya Kobayashi,,,
https://youtu.be/Ssh71hePR8Q?t=23,I Wanna be the Shrine Maiden,M.C.ドナルドはダンスに夢中なのか？,Mikuru,,,
https://youtu.be/Mqps4anhz0Q?t=56,I Wanna be the Cool Guy,One Thousand Cherry Trees,Kurousa-P,,,
https://youtu.be/6vQ71voOb-Q?t=51,I Wanna Go the Jumple Refrenture,Radio: Lucky Channel/Game Corner,SiIvaGunner,,,
https://www.youtube.com/watch?v=Z77ZLwZY2Ao,I Wanna be the Ayp,Venari Strigas,Yuki Kajiura,,,
https://www.youtube.com/watch?v=GfSK72YJBhg&t=19,I Wanna Kill the Matthew Samson Diogo,You Be Illin',Run DMC,,,
https://www.youtube.com/watch?v=sO5ls1C4MC4,I Wanna Kill the Maxson Li Jew,Yahhh!,Soulja Boy,,,
https://www.youtube.com/watch?v=tQViJlxNLSw,I Wanna Scroll my Mousewheel Downwards 3,Bãtutã la Clarinet,Fanfare Vagabontu,,,
https://youtu.be/M4r8eFGJNOk?t=48,I Wanna RIZ,U.N.Owen X-Fanatical Mix,くっちー,,,
https://www.youtube.com/watch?v=zmAdcHGX0ZM,I Wanna Get the Yellow Star,Shirohana,Deep-Sea Prisoner,,,
https://www.youtube.com/watch?v=qi9yQIMQKRY,I wanna be the Justice Guy;I Wanna Spook Jam,A Banquet of Blood and Madness Stained with Lovely Voices,Manabu Namiki,,,
https://youtu.be/7CJcWz4Ckxg?t=71,I Wanna Gaze at the Horizon,Summer Rave,Waterflame,,,
https://youtu.be/VEAvDQ6AriU?t=32,I Wanna be the Forsenbaj,Gentleman ft. PogChamp,RatedRion,,,
https://youtu.be/saZ0ZKE8sdo?t=90,I Wanna Dedicate the Requiem to the Ghost,Ruse of An Ooze,Kris Maddigan,,,
https://youtu.be/o2dG53Vtqhc?t=110,I Wanna be the Tribute,Severing the Chains of Fate,Manabu Namiki,,,
https://www.youtube.com/watch?v=hsrjhl8_m_Q,I Wanna be Soupreme,The Show,Waterflame,,,
https://youtu.be/3eLsOTq8Dmg?t=31,I Wanna be the Kirwy,White-Hot!,Hirokazu Ando; Jun Ishikawa,,,
https://youtu.be/j12Mgcs2LPE?t=17,I Wanna Kill the Shadowlink,oboro,Hige Driver,,,
https://www.youtube.com/watch?v=xggPV2WRBnA,I Wanna be the Tribute,Zombie Panic,Joe McDermott,,,
https://www.youtube.com/watch?v=jljA1JhBigM,I Wanna be the Tribute,Cinderella Cage - Kagome Kagome (MIDI Ver.),ZUN,,,
https://www.youtube.com/watch?v=qyFLuTZnXpI,I wanna be the Guy: Gaiden,Power Plant,Simon Viklund,,,
https://youtu.be/NOvN9rX-gOI?t=70,I wanna be the Guy: Gaiden;I wanna try a Collab 2,Punch-Out Main Theme,Mike Peacock; Darren Radtke; Chad York,,,
https://www.youtube.com/watch?v=kQuBZcO0m7A,i wanna go the jack world;I Wanna be the Churatch,J-E-N-O-V-A,Nobuo Uematsu,,,
https://youtu.be/PKfD8d3XJok?t=3,I Wanna be Friends,We're Going to be Friends,Jack White,,,
https://youtu.be/AJQHA72qCdQ?t=1,I Wanna be the Biotope;100 Floor Medley,M.S.S.Planet (offvocal),FB777,,,
https://youtu.be/_jpVrwJc0FA?t=74,I Wanna Eat the Planet,M.S.S.Planet,FB777,,,
https://youtu.be/t8JXBtezzOc?t=2,I Wanna be the Citrus,CITRUS,Orangestar,,,
https://youtu.be/omYEruBpSM8?t=112,I Wanna be Purple;I Wanna Get Better With Avoidances,Purple,scop,,,
https://www.youtube.com/watch?v=PDJLvF1dUek,I Wanna be the Addiction;Not Another Magic Tower Game;I Wanna be the Kunugidama;Designer L's Wacky Randventure!;I Want to Fit In,Caramelldansen,Caramell,,,
https://www.youtube.com/watch?v=6gg1ehnDoY8,I Wanna 大仏;I Wanna be the TETO;I Wanna Get Better with Avoidances,Fukkireta,Gojimaji-P,,,
https://youtu.be/GNeyqFfXf7k?t=4,I wanna be the LoveTrap;I Wanna be the Roman;I Wanna be the Not World;I Wanna be the Strongest Fairy,Cirno's Perfect Math Class,IOSYS,,,
https://youtu.be/3ohSuLtrl8c?t=37,I Wanna Macaron,MACARON,ATOLS,,,
https://youtu.be/12UdIg_wIGQ?t=34,I Wanna Get Better with Avoidances,Honey,Nanameue All☆Stars,,,
https://youtu.be/DKHtd7VV1-I?t=46,I Wanna Defeat the Robot,Chaos Angel Classic Remix,Dr. Reverbnik,,,
https://youtu.be/IucF0hZQELE?t=171,I Wanna be the Noesis,Love Bomb,Noble Works,,,
https://www.youtube.com/watch?v=XU1EXyMhLm4,I Wanna be the Noesis,Faint in Pain,NOeSIS,,,
https://youtu.be/GQEUPgOsFcs?t=29,I Wanna Climb the Witch's Tower,Bran Bal; The Village Without Souls,Nobuo Uematsu,,,
https://youtu.be/NyCZH13QDEY?t=31,I Wanna be the Sorrow,Am Battle Theme,Rance Quest,,,
https://youtu.be/QiFBgtgUtfw?t=1,I Wanna Defeat the Discord Makers Kela Side,Tri Poloski,Davay,,,
https://www.youtube.com/watch?v=BQ7DedZjb3s?t=73,I wanna be Myself;I wanna be the Justice;I Wanna be the Co-op,Castle Bleck,Naoko Mitome; Chika Sekigawa; Yasuhisa Baba,,,
https://youtu.be/_GEEA3pOIYk?t=66,I Wanna be the Dog,Zenjinrui Inuka Seikaku,黒魔 音源,,,
https://youtu.be/DEIJarGEG08,I wanna be the Justice,Kalimba,Jim_Machine,,,
https://www.youtube.com/watch?v=8CN49Feexb8,I wanna be Myself,Control Elevator,Grant Kirkhope,,,
https://www.youtube.com/watch?v=39CTG2wS6Kg,I Wanna be the 256,Toxic Dash,Crash Bash,,,
https://youtu.be/xfeys7Jfnx8?t=8,I wanna get Rekt,Nice Guys,Chester See,,,
https://www.youtube.com/watch?v=rvKq4fuR8ao,I Wanna Rewrite,Journey,Rewrite,,,
https://www.youtube.com/watch?v=VAaicBn89vU,I Wanna Weave Through the Witch's Needle,Morning Glory,Rewrite,,,
https://youtu.be/pdYrlRbPIK4?t=208,I Wanna Enjoy the Galvanized Peppermint Dandy,Kake Nukeru Anime Song Medley IV,M.Iz,,,
https://www.youtube.com/watch?v=P72vtLAkx1s,I Wanna Go to the Quantum World,Resurrected,Cream Pipe,,,
https://youtu.be/vEtqU17kRyA?t=53,Not Another Needle Game,UltraEdit-32_12.10kg,ICU,,,
https://www.youtube.com/watch?v=UOU0KBITxck,I Wanna Fly the Far Away;I Wanna be the Decadence;I Wanna Formula,Silence,No one,,,
https://www.youtube.com/watch?v=fxI5rpPj6eI,I Wanna be the MusicGames,Miracle Medicine,上野圭市 feat. SATOE,,,
https://youtu.be/X3oDvz4YauE?t=4,I Wanna Damn the Daniel,Damn Daniel,Daniel,,,
https://www.youtube.com/watch?v=XULDfFGUZHw,I Wanna be the Airexa,RecollectioN,Ujico*,,,
https://youtu.be/fWW6ov_DM8E?t=3,I Wanna be the MusicGames,Wuv U,Kors K,,,
https://youtu.be/kU5iIp5xISg?t=5,I Wanna be the Pastel,緑ドン,のART中,,,
https://www.youtube.com/watch?v=F1266ZuiGj8,I Dun Wanna be Anything 2,Bird,Sparkster,,,
https://youtu.be/KsjOoxu5gNY?t=35,I Wanna Keypick 100,Wishful Wish,OcularNebula,,,
https://www.youtube.com/watch?v=2noPnEYqJhE,I Dun Wanna be Anything 2,Imperial Palace,Jun Ishikawa,,,
https://www.youtube.com/watch?v=cdBwiK5TsOY,I Wanna be the Metamorphosis,Just Be Friends (8-bit),ぱるぷんちょ。,,,
https://youtu.be/V9EmdKv2RYg?t=20,I Wanna be the Pastel,Samurai Beat,Hige Driver,,,
https://youtu.be/bZNxquzgr6I?t=586,I Wanna Enjoy the Stimulated Strawberry Lollipop Dandy,Kake Nukeru Anime Song Medley V,M.lz,,,
https://youtu.be/qme9hlDR9WE?t=154,Not Another Magic Tower Game,Yaranaika,Yaranaika,,,
https://youtu.be/YziBSsHfQUA?t=101,Crimson Needle 2,Fixed Income,DJ Shadow,,,
https://youtu.be/rEMWQbt_xaU?t=98,I Wanna Kill the Creator;I Don't Wanna Lose my Sanity,Cosmic Flower,ShibayanRecords,,,
https://youtu.be/2jbSlhAXseI?t=152,I Wanna Decisive Taisa,Decisive Battle Ver. 2,S.S.H,,,
https://youtu.be/fUCXEoMGjrM?t=118,I Don't Wanna Lose my Sanity,Eyes of Deep Crimson,ShibayanRecords,,,
https://youtu.be/otkreWrZyKs?t=37,I Wanna Break the Series Z 3;I Wanna Break the Title Card,Ginseng,EnV,,,
https://youtu.be/O9gP8JEBLLM?t=37,I Don't Wanna Lose my Sanity;I Wanna Inherit the Spike Sanity,The Wind Blowing Across the Bridge,ShibayanRecords,,,
https://youtu.be/mjY6awCr2_c?t=301,I Wanna Break the Last Z;I wanna be the Best Guy 4,The Unsung War,Ace Combat 5,,,
https://youtu.be/NIkjSDIZIQo?t=69,I Wanna be the PS,Hell's Cycle of Pain,ShibayanRecords,,,
https://www.youtube.com/watch?v=DFOxVeyoSWI,I Wanna be the Barrage,VANESSA,Suzaku,,,
https://www.youtube.com/watch?v=S9mL0PasBkw,I Wanna Kill the Potana;I Wanna Get Cultured 2,Unfathomed Force,Takahiro Unisuga,,,
https://www.youtube.com/watch?v=K-PZixk0UgQ,I WANNA BE THE EXPLOSIVE,YO-KAI Disco (Mamorukun Curse!),Yousuke Yasui,,,
https://www.youtube.com/watch?v=0aEP3u9bK8k,I Wanna Play the Endurance;I wanna have a accident;I Wanna be the TETO,Dream Girl,lylick,,,
https://youtu.be/WI8UKTrJV3M?t=81,I Wanna Be The ・ｑ・ｐ・,The Grave of the Scarlet Dragon,Deadball-P,,,
https://www.youtube.com/watch?v=AZAmG0mfQB0,I wanna be the Revolution!!,Bust Uranai no Uta,Kawai Cats! Wao!!,,,
https://www.youtube.com/watch?v=q4HOgkLWcPc,I Wanna be the PYF,Grass,Hirokazu Ando; Shogo Sakai; Tadashi Ikegami; Jun Ishikawa,,,
https://youtu.be/ULrxa1KVzZU?t=31,I Wanna Defeat the Discord Makers Kela Side,HEJ DÅ PAPPA HA DET BRA!,Dunderpatrullen Ft. Malvin Studios,,,
https://youtu.be/dfoRxp7YNS4?t=26,I wanna be the Revolution!!,Usatei,COOL&CREATE,,,
https://youtu.be/xTfjrjxN2k0?t=98,I wanna be the Revolution!!,PANDA HERO,Hachi-P,,,
https://youtu.be/oFIO1ljsdrI?t=58,I Wanna be the Scapegoat,Crossing Those Hills,Nobuo Uematsu,,,
https://youtu.be/Bvx7ylKGRY4?t=54,I Wanna be the Scapegoat,Heartfelt Fancy,ZUN,,,
https://www.youtube.com/watch?v=GC5ORlgOfkc,I Wanna Kill The Kamilia 2,SCAFFOLD,Manabu Namiki,,,
https://youtu.be/DXDa8EL93hE?t=1,I Wanna Randrandrand;Not Another Needle Game,Complications,Tomas Danko,,,
https://youtu.be/cmKLOe2fsU4?t=31,I Wanna be the SAN,Gateway Galaxy - Main,Mahito Yokota; Koji Kondo,,,
https://www.youtube.com/watch?v=Rc_9ALIGews,I wanna be the Agent,Evil (Final Boss),Morihiro Iwamoto,,,
https://youtu.be/Efpi4L-a4tc?t=109,The Mage's Lair,26,AM3,,,
https://youtu.be/jbWsP_JjinY?t=45,Werewolf Howls,werewolf howls.,Camellia,,,
https://www.youtube.com/watch?v=1hbHgZDB95o,I Wanna be a Charr,Fun Fun Fun Dayo,Satoru Kousaki,,,
https://youtu.be/ImEjyhUXzKM?t=62,I wanna be the Locus;I wanna get Cultured;I Wanna be the RO,Central Tower (Axis Pillar),Wataru Ishibashi,,,
https://youtu.be/3_d-8q_gvcc?t=19,I Wanna be the Detective;I wanna be the One two three,Beach-Side-Bunny,DJ Mass MAD Izm*,,,
https://youtu.be/ZxLLYhL6pEc?t=30,I Wanted to Continue,Last Continue,Pinocchio-P,,,
https://youtu.be/wyOwOuDV1Wo?t=60,I Wanna Take the Timemachine 2;I Wanna Kill the Blue Mage 2;I wanna be the Justice Guy,Into the Crystal Cage,DJ Uraken,,,
https://www.youtube.com/watch?v=ea767nn67Ck,I Wanna Take the Timemachine 2,Customize Screen,Hideyuki Fukasawa,,,
https://youtu.be/gT47xlDK-iM?t=109,I Wanna Defeat the Discord Makers Kela Side,Your Best Nightmare (Alternative Mix),SiIvaGunner,,,
https://www.youtube.com/watch?v=xTgTUZC7Glk,I Wanna be the Emperor,Iceberg Ocean,Hirokazu Ando,,,
https://www.youtube.com/watch?v=sUZ5o4c4xqA,I Wanna Defeat the Discord Makers Kela Side 2,Bad Apple!! (Trial OPN Version),SiIvaGunner,,,
https://www.youtube.com/watch?v=AivjQpwpJdw,I Wanna Defeat the Discord Makers Kela Side 2,Heian Inferno,REDALiCE,,,
https://youtu.be/_XuS6H7HW58?t=79,I Wanna be the Fishing Temple,3000 subs + FANART! REACTION!!!,Retraction Infraction,,,
https://www.youtube.com/watch?v=8Km20uAs5Oc,I Wanna Scroll my Mousewheel Downwards 3,Where's the Caveman?,OrpheusFTW,,,
https://youtu.be/SrfFbRmtMfI?t=72,I Wanna be your Banana Pudding,Gelis,Flako,,,
https://www.youtube.com/watch?v=EjIvnm0GBH8,I wanna be the Ocean Princess,Unforgiven,Two Steps From Hell,,,
https://youtu.be/Ns494TXYknw?t=26,I Wanna be the Memory Temple,Melvyn's Repose,Renaldo & The Loaf,,,
https://youtu.be/K9_t5ZJ4Gbk?t=92,I Wanna Defeat the Discord Makers NA Side;I Wanna be the Memory Temple,Replica,Oneohtrix Point Never,,,
https://www.youtube.com/watch?v=bdCP_PvJSkw?t=43,I Wanna be the Memory Temple,Caprice,Jeremy Soule,,,
https://youtu.be/hmpJqJLsR48?t=37,I Wanna Diamond is Unbreakable,Bloody Stream,Coda,,,
https://www.youtube.com/watch?v=9jXw7p3jEWQ,Not Another Magic Tower Game,Steel of Destiny,S.S.H.,,,
https://youtu.be/401kBVODQmE,I Wanna Rewrite,Live for Hands Up!,Turk-Tech,,,
https://youtu.be/mxeEUPMG_lI?t=19,I Wanna be the Chair 2,Forest/Nature Area,BlueComet,,,
https://youtu.be/8mGwxeJOrHs?t=53,I Wanna Play the Needle Game,Satellite Café Terrace,Rin,,,
https://youtu.be/6-pUXTUXfeM?t=123,I Wanna be the Catharsis,Beacon,Ed Harrison,,,
https://youtu.be/opvuEVpl_PM?t=23,I Wanna Kill the Blue Mage 2,Universal Collapse,DM Dokuro,,,
https://youtu.be/u9ZlQsuZQIw?t=29,I Wanna Kill the Shadowlink,Neo-Connections,ajkora,,,
https://youtu.be/F8B8KnHgRW0?t=104,I Wanna Be The Glorious Fragment;Not Another Magic Tower Game,Pelagic Fish,無力P,,,
https://youtu.be/AgFeZr5ptV8?t=40,divisive game,22,Taylor Swift,,,
https://www.youtube.com/watch?v=E4clDiaNDDU,I wanna be the Crimson,Metal Police,Yasushi Asada,,,
https://youtu.be/TzyYi_62i_0?t=124,I Wanna ♮,DEDDLOKK,Anki,,,
https://youtu.be/9sEI1AUFJKw?t=10,I Wanna Get Thug Life;I Wanna be the Earth Temple,Giga Pudding,Gameplayer; DJ AD!X,,,
https://youtu.be/rzrThVNAcLI?t=136,I Wanna Crack the Candy;I Wanna Take The Curtain Call,Candy Crack Curtain Call,t+pazolite,,,
https://www.youtube.com/watch?v=07BEgT0JLS8,I wanna be the RZ,Stage 4,Kazuko Umino,,,
https://www.youtube.com/watch?v=No2IczHdUbo,I Wanna be a Charr;I Wanna be the HeavenTrap;I wanna be the HeavenTrap2;I Wanna be the iDOLM@STER,Kiramekirari,Yayoi Takatsuki,,,
https://youtu.be/b7dmM-QMkmg?t=39,I Wanna Stop the Meltdown,Nippontradamus,TheLivingTombstone,,,
https://www.youtube.com/watch?v=E9eRX_Y2IuA,I wanna be the Galaxy,The Reaper Named Phoenix,Rengoku-Teien,,,
https://youtu.be/pYnLO7MVKno?t=18,I Wanna be the Overcome,CHA-LA HEAD CHA-LA,Hironobu Kageyama,,,
https://www.youtube.com/watch?v=Hvw9DpH0fng,I Wanna be the Party;I Wanna Go THE TIME,もしも１００万あったなら,neta,,,
https://youtu.be/nxgeNYo888Q?t=15,I Wanna Discover 50 Shades of Crimson,Melbourne City Lights,Tracey Chattaway,,,
https://youtu.be/uATHR1DP8KI?t=12,I Wanna be the Noun,The Disappearance of Hatsune Miku (Cinematic Version),cosMo@暴走P,,,
https://www.youtube.com/watch?v=dx_N_rMeOwc,I Wanna be the Weegee,White Feather in the Storm,CarboHydroM,,,
https://youtu.be/LhTV7jWqTnA?t=47,I Wanna be the Weegee;Not Another Needle Contest;Michael Wanted to be the Guy,Monstrous Turtles!,zircon,,,
https://www.youtube.com/watch?v=EaaW8hI61VI,I Wanna Smile Away;Chill Needle 2,Main Theme,3R2,,,
https://www.youtube.com/watch?v=GzvGO1rr7Pk,I Wanna Poke the Dargy,State of Emergency,Nobuo Uematsu,,,
https://youtu.be/QR9fFB-JbiA?t=40,I Wanna Have Death-Flags,The Melancholy of Detective Haku Yowane,Owata-P,,,
https://youtu.be/qeDIZCc6Cyo?t=64,I Wanna DBG;I wanna go the adventure77,Death by Glamour,Toby Fox,,,
https://youtu.be/YFg48Ai1SSo?t=39,I Wanna be the Darling,Darling,MARETU,,,
https://youtu.be/I_bMwES8U2M?t=193,I Wanna Go the Parallel World;Not Another Needle Game,Lost Children,Naofumi Tsuruyama,,,
https://www.youtube.com/watch?v=UtVJdPfm0F8,I Wanna be the 耐久0,Bill Nye: The Science Guy,Mike Greene,,,
https://www.youtube.com/watch?v=ldSffG5_N1s,I Wanna be the Koi;I wanna Juggernaut Love,Activate the Love Program,Lamaze-P,,,
https://www.youtube.com/watch?v=PRXbT9Q_aMo,I Wanna Touch the Evan;I Wanna Brake the Eight Beelzebubs;I Wanna Kill the Sudoku,Evan-sama~,Billy Herrington,,,
https://www.youtube.com/watch?v=6zc25sUzr-o,I Wanna be the Weegee,Cool Mind,Dragonlord,,,
https://youtu.be/fxq_B2KPQDY?t=104,I Wanna Kill the Blue Mage;Not Another Hentai Game,It Has To Be This Way (Platinum Mix),Jamie Christophersen feat. Jimmy Gnecco,,,
https://youtu.be/FezqlB3DHhs,I Wanna Kill the Blue Mage,Castle of Tears -Bloodlines-,NemesisTheory,,,
https://youtu.be/WhUgoaSNPmQ?t=138,I Wanna Sunspike;I Wanna Kill the Sacred C3 2,Six Trillion Years and Overnight Story,kemu,,,
https://www.youtube.com/watch?v=yOwf-GdGEko,I Wanna Travel the Night,Lockjaw's Saga,David Wise; Kenji Yamamoto,,,
https://youtu.be/17IZjvr5c1I?t=114,I Wanna Go the Ocean Wetventure,1NF3S+@+!ON,DM DOKURO,,,
https://youtu.be/vNYydvw13LM?t=30,I Wanna Kill Originality,Beautiful Ruin,Masafumi Takada,,,
https://youtu.be/Ropn_kwpFDU?t=56,I Wanna be the Forsenbaj,Calcutta (TaxiTaxiTaxi),DR BOMBAY,,,
https://www.youtube.com/watch?v=YlN0_MgpOgM,I Wanna Break the Series Z 3,Destination,Tiegel,,,
https://www.youtube.com/watch?v=nbUdbYN9Ysg,I Wanna Break the Series Z 3,Our Belief,Junk,,,
https://www.youtube.com/watch?v=2zWHPLDHFhE,I Wanna be Soupreme;I Wanna Get Cultured 2,Momentum Mori,Danny Baranowsky,,,
https://youtu.be/eRyR27l7vks?t=43,I Wanna be the Cute Duck,Love You Love You Love,Jake Kaufman,,,
https://youtu.be/XoLouT7TqZY?t=17,I Wanna Dedicate the Requiem to the Ghost,Press Start,MDK,,,
https://www.youtube.com/watch?v=zIFV8UUs1-c,I Wanna Hear the Angel Beats,My Soul; Your Beats!,Lia,,,
https://youtu.be/NhYUfHvz0So?t=69,Decession,Delay Order,Syrufit,,,
https://www.youtube.com/watch?v=jPNPIFUgK40,I Wanna Kill the 2doku,WEEKENDER GIRL,Hachiouji-P,,,
https://www.youtube.com/watch?v=P4n1KwiMoaQ,I Wanna be the Equivocal,Progress,RuariMH,,,
https://www.youtube.com/watch?v=9BHGxgBpN0s,I Wanna Change My Fate,Resonant World,Matsunaga Maho,,,
https://www.youtube.com/watch?v=ihgrM14jrFY,I Wanna Aira,Aira,nabuna,,,
https://youtu.be/ezUwg3Q2ZdE?t=5,Hearty Jewel,Giant Contraband Robot,Anamanaguchi,,,
https://youtu.be/boLyEX8DzZ8?t=3,I Wanna Chron,Chronostasis,Kurokotei,,,
https://www.youtube.com/watch?v=d6mGHwHMB5s,I Wanna Find Escapism in a Haystack,Bound to Fall in Love,The Ponderosa Twins Plus One,,,
https://youtu.be/11FmFZ1fdz8?t=41,Barrage Festival vol.1,爆なな☆てすとロイヤー,IOSYS,,,
https://youtu.be/noec_er8vNQ?t=28,I Wanna Nabla 2,Native Faith,FENNEL SEED,,,
https://youtu.be/zRar5r3TieE?t=47,I Wanna Break the Series Z 3;I Wanna be the Waste of Time Final;I Wanna Sin;I Wanna Get Better with Avoidances,Milk Crown on Sonnetica,yuzy,,,
https://www.youtube.com/watch?v=iTpL0CqvxjI,I Wanna Go to the Cosmos,Tetris (Techno Remix),DJVI,,,
https://www.youtube.com/watch?v=A7-g6tHymH0,I wanna be parTed I-side Trap,choux à la crème,kamome sano,,,
https://youtu.be/UC_qla6FQwM?t=3,Barrage Festival vol.1,Hibikase,Giga-P feat. REOL,,,
https://youtu.be/gCYcHz2k5x0?t=76,I wanna get Rekt,Animals,Martin Garrix,,,
https://youtu.be/8rTJSjSKn0g?t=80,I Wanna Cuddle the Braixen,too young to love,goreshit,,,
https://youtu.be/IcxQznDe4u8,I Wanna be the Weegee;I Wanna Get Cultured 2;I Wanna Take the Timemachine 2,Gears Grinding,Vincent Rubinetti,,,
https://youtu.be/wCAIV1p6xL4?t=157,I Wanna Kill The Kamilia 3,Playing Mayhem,Jerico's Law,,,
https://www.youtube.com/watch?v=D-B7kpPyzzA&t=86s,I Wanna Kill The Kamilia 3,Boss Theme Medley,Kentaro Ishizaka,,,
https://youtu.be/MVQjrIcwyEg?t=105,I Wanna be the aq spike;I Wanna Kill The Kamilia 3;I wanna be the LoveAE-RYRC,Big Arm,Cash Cash,,,
https://youtu.be/3Hl1rMAv5ts?t=40,I wanna be the Micromedley;I Wanna Colorize the Needle,Wander of Thought,F-777,,,
https://youtu.be/JhkIRzZsZvw?t=47,I Wanna be the Impress;I wanna get my daily recommended amount of fiber;I Wanna be the Hero-Again;The Mage's Lair,Duality,Dimrain47,,,
https://youtu.be/_Mr_kaO12l0?t=71,I Wanna be the V2,V (conclusion),DJ TAKA,,,
https://youtu.be/PCArybg_Y4k?t=29,I Wanna be the Destruction State;I Wanna Defeat the Discord Makers Kela Side 3;I Wanna Break the Last Z,CENSORED!!,t+pazolite,,,
https://youtu.be/57c94il3Eng?t=19,I Wanna Get Rekt;I Wanna be the Sugar,The Maze of Mayonnaise,Bossfight,,,
https://www.youtube.com/watch?v=4W2kBanj0mw&t=25,I wanna be Myself,The Unholy Wars,Sixto Sounds & Dhsu,,,
https://youtu.be/NSJhWPtIUok?t=3,I Wanna be the Tspike,Caliburne -Story of the Legendary Sword-,Project Grimoire,,,
https://youtu.be/ATJSE-Vf__s?t=41,I Wanna Good Night Bad Luck,Good Night; Bad Luck,t+pazolite,,,
https://www.youtube.com/watch?v=5qZqqUgb1Rw,I Wanna Determination,Spider Dance,Toby Fox,,,
https://youtu.be/KrmOKzFMQAA?t=59,I Wanna End the Duo Blade;I wanna purify the Duo Blade,RE:UNION -Duo Blade Against-,ICE vs. Morimori Atsuhi,,,
https://youtu.be/Ewe1C9GxkGQ,I Wanna Drink The Tea,Gohan wa Okazu,K-ON!,,,
https://youtu.be/OMYoyrnQO0Y?t=13,I Wanna Drink The Tea,Megu Megu Fire Endless Night,Gumi,,,
https://youtu.be/iicRFufk9kQ?t=36,I wanna be the RZ,Nonbiri,RAMM; Tanaka Hidekazu,,,
https://www.youtube.com/watch?v=p-47lG5UR-k,I Wanna Try a Collab,Pomtto! -Counterstrike of Flower-Viewing Dumpling-,Saki Momiyama,,,
https://www.youtube.com/watch?v=u3QMT0x1jLI,I wanna be the Justice,Team Magma/Aqua Hideout,Go Ichinose,,,
https://youtu.be/sl_Z1AJPCdo?t=163,I Wanna End the Blood Festival,Boku-Boku D'n'T,AVTechNO!,,,
https://youtu.be/kPirc0EmIrI?t=37,I Wanna S Needle,SEED,DJ YOSHITAKA,,,
https://youtu.be/dv5rIiahw9I?t=23,I Wanna D,ALBIDA (8-bit Mix),threvanz,,,
https://youtu.be/fANtA_Vx-E0?t=45,I Wanna Sunxipu,Ordinary Disco,LuoTianyi; YanHe,,,
https://youtu.be/sS1-AAtyOpk?t=46,I Wanna Send Sins into Space;I Wanna Reach the Needle;Terrible Needle 3,Sacred,Rabpit,,,
https://youtu.be/fwS7VltJGGk?t=42,I Wanna Defeat the Discord Makers CN Side,Vision Driver,Feint,,,
https://youtu.be/uYEHWt8VaIE?t=15,I Wanna be the 0x00ff00,Laplace,Sakuzyo,,,
https://youtu.be/IxzePDN0ONA?t=39,Rainbow of a Wannaland,Lexus Cyanixs,Sakuzyo,,,
https://www.youtube.com/watch?v=TKfS5zVfGBc,I Wanna be the Darude-Sandstorm;I Wanna Catch the Clown;I Wanna KamiKamiKami,Dreamscape,009 Sound System,,,
https://youtu.be/JgJk2SvPuH4?t=119,I Wanna Destroy the 12,Marauder Tournament (Advanced Qualifier),David Bergeaud,,,
https://youtu.be/wniFdv-GiJ0?t=21,I Wanna be the Atomic,Against Gilgamesh,t+pazolite,,,
https://youtu.be/xIx_HbmRnQY?t=90,I Wanna Collapse,Thriller,Michael Jackson,,,
https://youtu.be/xzoShzMIlIM?t=64,End of Year Endurance Tournament 2015,Daydream Sky Train,Orangestar,,,
https://youtu.be/wcaizgai6_0?t=17,I Wanna Hope the,Magia,ajiponn,,,
https://www.youtube.com/watch?v=3Dl-Kg1i1VI,I Wanna be the BambooSwordGirl;Not Another Needle Contest 2,Bamboo Sword Girl,cosMo@暴走P,,,
https://www.youtube.com/watch?v=qUk1ZoCGqsA,I Wanna be the Kataomoi C,Hyadain no Kakakata☆Kataomoi-C,Hyadain,,,
https://youtu.be/90qPH54u3g4?t=145,I Wanna be the Signore,REQUIEM,Ugo-P,,,
https://youtu.be/NrgRP04dJKc?t=43,I Wanna Lo-Fi-M,Lo-Fi-M,yaseta,,,
https://youtu.be/429rfvi-srE?t=135,I Wanna Thank to Daburyu,ID,Muryoku-P,,,
https://youtu.be/nTjsXwTyKQ8?t=53,I Wanna be the Hurricane,OTENAMI Hurricane,t+pazolite,,,
https://youtu.be/j3O8vNnXFjo?t=43,Sun Flower,SUN♡FLOWER,THE iDOLM@STER,,,
https://youtu.be/sHnvEsNU1X0?t=114,I Wanna be the Secret,Rotten Heresy and Chocolate,Pinocchio-P,,,
https://www.youtube.com/watch?v=FErtdW5SEUo,I Wanna be the 3x3,Discussion -HOPE VS DESPAIR- (2nd Mix),Masafumi Takada,,,
https://youtu.be/gjVhLUeVnmY?t=161,I wanna touch the Makers;I Wanna Verre,Zombie Family,Mashisu-P,,,
https://www.youtube.com/watch?v=T4lc1culgSg,I wanna be the Music2,endleSSStation,Yuuyu,,,
https://youtu.be/Kq0S9inKZwM?t=39,I Wanna be the Singularity;I Wanna be the Forehead 2,End of Dreams,Kokuma,,,
https://youtu.be/J4vjnyG7wZw,I Wanna be the Maccho,マッチョムキムキ物語,まりたん; 秀一郎デス★,,,
https://youtu.be/VK_mZFdo-hY?t=43,I Wanna be the Blocktroid 2;Not Another Needle Contest 2,Simple Sight,RealFaction,,,
https://youtu.be/ej0YeHWPh1E?t=51,I Wanna be the Blocktroid 2;New I Wanna be the Weegee,Encounter in the Abyss,Vincent Rubinetti,,,
https://youtu.be/ez9cV6NdfrE?t=123,I wanna be Myself,Sky Tower Remix,QizionStudio,,,
https://www.youtube.com/watch?v=P-RdTjI5bmg,I wanna be Myself,Wind Fortress,Daisuke Amaya,,,
https://youtu.be/GTyvOLFxOxk?t=49,I wanna get my daily recommended amount of fiber,Main Menu,Asuka Ota; Ryo Nagamatsu,,,
https://youtu.be/59SnP1vAiXY?t=13,I wanna get my daily recommended amount of fiber;I Wanna Go the Run,Platforms & Pitfalls,FantomenK,,,
https://youtu.be/2Ytb0Dh2B4U?t=15,I wanna get my daily recommended amount of fiber,Switchblade,EnV,,,
https://youtu.be/C9RFIxutMWQ?t=46,I wanna be the 8bit,Area A,Iku Mizutani; Kouichi Yamanishi,,,
https://www.youtube.com/watch?v=cCMatrq3FV0,I Wanna Sunspike,Yoshi's Island Castle Theme NW,blackrose96,,,
https://www.youtube.com/watch?v=TWZmJKMn9Us,I wanna kill the Maker;I Wanna be the Platinum,World 1,Miroslav Malesevic,,,
https://www.youtube.com/watch?v=T1xZBHetmGI,I Wanna be the Retro;I Wanna Be The Retro!,Growing on Me,Snayk,,,
https://youtu.be/dd6iKsB4d1w?t=14,I Wanna be the Krypton,Rush! Rush! Rush!!,POPHOLIC,,,
https://youtu.be/lTlyTBP3hS0?t=102,I Wanna Defeat the Four Horsemen of Hardcore Gaming,The Concealed Four Seasons,ZUN,,,
https://www.youtube.com/watch?v=0CA1B1Ib7Bk,I Wanna be the Platinum,Welcome to Booster Tower,Yoko Shimomura,,,
https://www.youtube.com/watch?v=bdA-X8u6xEs,I Wanna be the Platinum,Star Road,Koji Kondo,,,
https://youtu.be/k9l7KS0vBEo?t=56,I Wanna be the Magnificent Stumble,You and Shayna,Venetian Snares,,,
https://youtu.be/2VB_KH7RjDE?t=109,I Don't Wanna Lose my Sanity;Not Another Falling Game,Graces of Heaven,aran,,,
https://youtu.be/Ygfh6dFUtcU?t=32,I Wanna be the Neurosis,Left Side Drive,Boards of Canada,,,
https://www.youtube.com/watch?v=5rRHCqIf9sY,I Wanna be the ねこ,時空庁時空1課 音源,Taiko no Tatsujin,,,
https://www.youtube.com/watch?v=bzQi6rtApPA,I Wanna Reach the Needle,Precipitation (Deemo ver.),ICE,,,
https://youtu.be/TS3lNhmFKk4?t=1,I Wanna be the ArioTrap 2,Light Pollution,Lifeformed,,,
https://youtu.be/8On2lQenMIQ?t=64,I Wanna be the ArioTrap 2;I Wanna be the Sun,Sunset,Alex Vourtsanis,,,
https://www.youtube.com/watch?v=2DFEKFYvrgQ,I Wanna Damn the Daniel;I Wanna Kill the 2sweepor,Blue Brass of the Beast,Hopeku,,,
https://youtu.be/_6o8Sji6E9Q?t=11,I Wanna Kill the Kermit 3,Boats and Birds,Gregory and the Hawk,,,
https://youtu.be/gyQHswTrzTQ?t=16,I Wanna Go Across the Crimson Rainbow,Parisian Goldfish,Flying Lotus,,,
https://youtu.be/zDy1DhTAXD4?t=26,I Wanna Break the Series Z 2,Mystic Core,Saki Momiyama,,,
https://www.youtube.com/watch?v=owmz69zmG8g,I Wanna be the Black;I Wanna be the Music2,Evans,DJ YOSHITAKA,,,
https://youtu.be/HW6rfTKgwYw?t=1,I Wanna Be the Maze;I Wanna be the Sakura,All Quiet on the Cherry Blossom Front,Wataru-P,,,
https://youtu.be/PyhgmSj5I2E?t=27,I Wanna be the Biotope;I Wanna be the Sorcerer 2,バンバード ～Piano Version～,mozell,,,
https://youtu.be/hRR47I88RJ8?t=19,I Wanna be the Scapegoat;I'm Bored 2: The Game,Enchanted Wood,David Wise,,,
https://youtu.be/lndBgOrTWxo?t=41,I Wanna be the Scapegoat;I wanna get Rekt;I Dun Wanna be Anything;I wanna be like Brisulph;I Wanna Take the Timemachine 2,Stickerbrush Symphony,David Wise,,,
https://youtu.be/bOR38552MJA?t=60,I wanna be like Brisulph,Blame Canada,Trey Parker; Matt Stone,,,
https://youtu.be/wZN10mb25_o?t=30,I Wanna be the Scapegoat;I Wanna be the Orbit;I Wanna be the Lizardmanmaster 2;I Wanna be the Sadist,Krook's March,David Wise,,,
https://www.youtube.com/watch?v=y9ygGm_rwpg,I Wanna Find Escapism in a Haystack,Fine Night,goreshit,,,
https://www.youtube.com/watch?v=1ZrWUKWCWSc,I Wanna be the Magnanimity;I Wanna be the Biotope;I Wanna be the Pendulum,Flower Garden,Koji Kondo,,,
https://www.youtube.com/watch?v=HVzC6WZImGY,I Wanna be the Magnanimity;I'm Bored: The Game;I Wanna be the Mercedes;I Wanna be the Scribble;Scribble Notes,Moonsong,Daisuke Amaya,,,
https://www.youtube.com/watch?v=598Q4aS67BU,I'm Bored: The Game,Naruto's Stage (Fully Armored),Hikoshi Hashimoto,,,
https://www.youtube.com/watch?v=I8IbASH4IQg,I Wanna be the Retro;I Wanna Be The Retro!,Tyr's Stage (Fully Armored),Hikoshi Hashimoto,,,
https://www.youtube.com/watch?v=Ckxy-i7Dc5U,I Wanna be the Magnanimity;I wanna celebrate 100,The Grand Finale,Yoko Shimomura,,,
https://youtu.be/F44WUATlzVg?t=20,The Mage's Lair;I Wanna be the Justice Guy,Levi=Sense,Manabu Namiki,,,
https://youtu.be/aP4hn6YWfQM?t=87,I Wanna be the Needle Master;I Wanna Thank to Daburyu;I wanna be the Tenchos pictures 2,On the Verge of Madness,Manabu Namiki,,,
https://youtu.be/aUlJn_5C23I?t=42,I Wanna Take the Timemachine 2,Deserted - Ane to Ototo to... (Monoxide Arrange),Manabu Namiki,,,
https://youtu.be/kvnIFo3xMfY?t=27,I wanna be the LoveTrap,The Disappearance of Hatsune Miku,cosMo@暴走P,,,
https://youtu.be/SXK5FEh51cA?t=48,I Wanna be the KOI=SENNO,Love is Brainwash -koi koi MIX-,kiichi,,,
https://www.youtube.com/watch?v=h6bwr0Ki7t4,I Wanna Go BANANAS!,しゅぎょうのテーマ (Perfect Version),Rhythm Heaven Gold,,,
https://youtu.be/dq_Gf76mD4k?t=9,I Wanna Go BANANAS!,Natural Killer Cyborg,Shogo Sakai,,,
https://www.youtube.com/watch?v=4_DyEhIvlEM,I wanna be the LoveTrap,みｗなｗぎｗっwてｗきｗたｗｗｗｗｗ,しましまP,,,
https://youtu.be/ALAiCWxvzK0,I Wanna be the Picture,みなぎるしましまPの音源のみでRED ZONE,funny stickman,,,
https://youtu.be/IqIuMJCay1o?t=36,I wanna be the 肉汁麺ススムってありましたよね,シロイルカふっかつのじゅもん,四季郎,,,
https://youtu.be/Qt3II2EqYMw?t=3,I Wanna be the Leave Early,Leave Early-System Negative Heaven,Yuuyu,,,
https://youtu.be/37zWqg6FaLk?t=96,I Wanna Compass,Dance Robot Dance,NayutalieN,,,
https://youtu.be/8cNvJv_UL0E?t=126,I Wanna Carbonic,Rocket Cider,NayutalieN,,,
https://youtu.be/RIA-vEJB1Aw?t=145,I Wanna be the おぴんこす///,＋♂ ,REOL; Giga-P; Matsushita,,,
https://youtu.be/usXhiWE2Uc0?t=52,I Wanna Kill the Regr3t;I Wanna Break the Title Card,Till It's Over,Tristam,,,
https://youtu.be/jU1lOCEvrTk?t=1,I wanna be the あびゃ～。,『ねこふんじゃった』を幕末志士の坂本さんの声で演奏してみた,Jirno,,,
https://youtu.be/sSYoz0JmnZo?t=129,I Wanna be the Not World;Supernal Beings,Electric Angel,Giga-P,,,
https://youtu.be/-Ri_Jw2IXOc?t=38,I Wanna Trick or Pumpkin Syndrome,Pumpkin Syndrome,PolyphonicBranch,,,
https://youtu.be/QTgMbmiOunU?t=60,I Wanna First Aniversary Kotaro-,GOODTEK,EBIMAYO,,,
https://youtu.be/n1uWhiS2qD0?t=34,I wanna be the END,Stardust Battle,Ichiro Shimakura,,,
https://youtu.be/6CqXgs-7ico?t=21,I Wanna Get Thug Life,Where the Hood At?,DMX,,,
https://youtu.be/fu3eW6HIvzE?t=121,I Wanna Marchen,Let's Meet in the Next World,WakaG; SOE,,,
https://www.youtube.com/watch?v=HMvkkqxs8m0,I wanna be the 8bit,Corneria,Hajime Hirasawa,,,
https://youtu.be/k7Ot9QdT1jY?t=46,I Wanna be the Twin Blaster,Twin Blaster,polysha; tcheb,,,
https://youtu.be/I9l87i3yYaw?t=104,I Wanna be the Phantom,Bonus Stage,Owata-P,,,
https://www.youtube.com/watch?v=KOGcNI8ARBQ,I Wanna Exit from Here,Come On!,Yoko Shimomura,,,
https://www.youtube.com/watch?v=2yJgwwDcgV8,Memes Boss;I Wanna Celebrate 100;I Wanna be the Popularity,Nyan Cat,daniwell-P,,,
https://youtu.be/VR4nPe8mN-o?t=29,I WANNA BE THE EXPLOSIVE;I Wanna See the Night Sky,StargazeR,Kotsuban-P,,,
https://youtu.be/lSgQGKZocDA?t=18,I Wanna be the King!,Blow Me Away,Breaking Benjamin,,,
https://youtu.be/A8smb_XuiSU?t=23,I wanna be the Boshy,On to Grasstown,Daisuke Amaya,,,
https://youtu.be/QuphOxBX8YI?t=6,I wanna be like Brisulph;I Wanna Kill the 3sweepor,Thunderhorse,Dethklok,,,
https://youtu.be/mmE3XpvOKTg?t=60,I Wanna be the Kelanzana,THE WORLD REVOLVING,SiIvaGunner,,,
https://youtu.be/9D1GZIhucIU?t=6,I Wanna Take the TimeMachine,Only My Railgun 8-bit,THESIGMAROCK,,,
https://youtu.be/tktcOUi-x-A?t=46,I Wanna be the Bacterial Contamination,Bacterial Contamination,mathru,,,
https://youtu.be/37QD1i-9ImM?t=41,I Wanna Go THE TIME,Hatsune Miku's Brain Exercise,hapi,,,
https://youtu.be/20qVzELCKj4?t=2,I Wanna Go THE TIME,ひとりぼっちのユーエフオー In The Woods!,Skulldude,,,
https://www.youtube.com/watch?v=arCl_d36QJ8,I Wanna Go THE TIME,Hibachi (True Last Boss),Manabu Namiki,,,
https://youtu.be/_8Bpzf5XHtY?t=42,I Wanna Go THE TIME,goretrance 3 -euromix-,goreshit,,,
https://youtu.be/Dgn-ruhkkjw?t=73,I Wanna Go THE TIME,Tekka,Sweet Trip,,,
https://youtu.be/vg2Icy2GeaE?t=25,I Wanna Go THE TIME,Dearly Beloved,Yoko Shimomura,,,
https://youtu.be/zGarzCAQcAY?t=85,I Wanna be the 69,World's End Dancehall,Hatsune Miku & Megurine Luka,,,
https://youtu.be/XscnNkfDhbA?t=46,I Wanna be the 69;I Wanna Kill Originality,Taiyou Iwaku Moeyo Chaos,Ushirokara Haiyoritai G,,,
https://youtu.be/F-nuV36fvgQ?t=63,I Wanna be the Shameless Selfpromotion;I Wanna Kill the Sudoku,Oh Yeah,Yello,,,
https://www.youtube.com/watch?v=Cduo4BWINQA,I Dun Wanna be Anything,Boss Battle,Mega Man X3,,,
https://www.youtube.com/watch?v=_wjpQG9e9xA,I Wanna be the Math Major;Not Another Magic Tower Game;I Wanna Maker,Chaoz Fantasy,ParagonX9,,,
https://www.youtube.com/watch?v=nNDMEVJzvfQ,I Wanna be the Hereditary Baldness 2,Corridor of Cupcakes,UnanimousDelivers,,,
https://youtu.be/5IsSpAOD6K8?t=20,I Wanna Kill the Elmo;I Want,Talking Heads,Once in a Lifetime,,,
https://www.youtube.com/watch?v=As-V14W8H2E,Draw My Guy FM2018 Version,BGM 1,Mario Paint,,,
https://www.youtube.com/watch?v=T4SYTwP76qM,I Wanna be the Pleasure,Kanto Gym Leader Battle,Pokemon HeartGold/SoulSilver,,,
https://www.youtube.com/watch?v=FdO8jObarxI,I Wanna be the Churatch,Dr. N Tropy Boss Music,Crash Bandicoot 3,,,
https://www.youtube.com/watch?v=9g1QcfQ7kos,I Wanna BOMB the Summer Holiday;IWANNAZONE,Red Zone,Tatsh&NAOKI,,,
https://youtu.be/clr15J9qkAg?t=21,I Wanna be the Chess Master,Chess Music,inspired by the Wu Tang Clan,,,
https://youtu.be/XF2fA1epvLE,Pickory;I wanna be the Beginner's Gocchan2;I Wanna Warp the Worlds,Athletic Theme,Super Mario World,,,
https://youtu.be/OHG77tPsw6M?t=6,I Wanna Get Crimsoned 2;The Farewell Medley,Return of the Snow Queen,Phyrnna,,,
https://youtu.be/RXnBFuLd5gk?t=5,I Wanna be a Charr;I Wanna be the HeavenTrap 2;I Wanna be a Good Guy,Go My Way,Yayoi Takatsuki,,,
https://youtu.be/jqbdjAIo15k?t=3,I Wanna be the MMM;I Wanna be the SSR;I Wanna be the SSR2;I wanna be the RZ;I Wanna be the PYF;I Wanna be the GR;I Wanna be the AAI;I Wanna be the CL;I Wanna Kill the Rukito;I Wanna be the PS;I Wanna be the 耐久0,Credits,Wario Land 3,,,
https://www.youtube.com/watch?v=PoyLvhCa0k4,I Wanna be the Overlord;I wanna be the Crimson Kid,Quatera Woods,Ys VI The Ark of Napishtim,,,
https://youtu.be/_EHA5yqdHxM?t=1,I Wanna be the Overlord,Shrine of the Lake,Alundra,,,
https://www.youtube.com/watch?v=lHG41MOgxNU,I Wanna be the Overlord,Stage Theme Human,Werewolf - The Last Warrior,,,
https://www.youtube.com/watch?v=eBSoQ1aDH2I,I Wanna be the Knight in Shining Armor,Owl Forest,Dark Cloud,,,
https://www.youtube.com/watch?v=Jo6TOmXRvms,I Wanna be the Knight in Shining Armor,Town Theme,Wild ARMs,,,
https://www.youtube.com/watch?v=sKCJZTCVwE8,I Wanna Super F - Variety Stream Package,the first note of megalovania,Toby Fox,,,
https://youtu.be/MKBzk_PViwA?t=132,I Wanna Mushroom Mother,Mushroom Mother,PinocchioP,,,
https://www.youtube.com/watch?v=dGMafTLkyN0,Not Another Needle Contest,Mars,Sengoku Rance,,,
https://www.youtube.com/watch?v=dbgGxQGd4I4,I Wanna be the King,Battle of the Holy,Shigeru Fukutake; Hidehiro Funauchi; Norio Hanzawa,,,
https://www.youtube.com/watch?v=9hdRmOuQWBo,I wanna Classic;Not Another Needle Contest,Gato's Song,Chrono Trigger,,,
https://youtu.be/a7OcOwM91eU?t=1,I Wanna be the YSG;I Wanna Kill the 2doku,Pit start,Ganbare Morikawa-kun 2,,,
https://youtu.be/WNnnmz9CnYA?t=54,I Wanna be the Mirrorball Airride,The Prince's Adventure,Yamajet,,,
https://youtu.be/0xLsf-C-m-Q?t=55,I Wanna Now or Never,Now or Never,Nano,,,
https://youtu.be/Rv7zeyo4kZc?t=27,I Wanna Enjoy the Game;I Dun Wanna be Anything,Danger!,Hiroki Kikuta,,,
https://youtu.be/2CwBFr-Eoxg?t=78,I wanna be the rainbow MIKU;I Wanna Go the DotKid!,Deep Sea Girl,ゆうゆ,,,
https://www.youtube.com/watch?v=5rFBkHb8CL8,I wanna be the rainbow MIKU,Melt,ryo,,,
https://youtu.be/2mNmP8iqQLw?t=23,I Wanna be the Competitor;I Wanna be the Cherry;I Wanna Hydrosphere,Nightmare☆Party Night,Kuchibashi-P,,,
https://youtu.be/N56yCiPnnWc?t=9,I Wanna be a Charr,Beep,Boop,,,
https://youtu.be/5Qo7vpwZ558?t=30,I Wanna Break the 3 Makers III;I Wanna Try a Collab;I Wanna Gaze at the Horizon,Azure Apex,OcularNebula,,,
https://www.youtube.com/watch?v=0ler6IQYfTs,I wanna celebrate 100,Eternal Star,Mario Party,,,
https://youtu.be/rk8cQeB4bAc?t=1,I wanna be the Permanence 2,魔法先生ネギま！]ハッピー☆マテリアル 6月ver,耳コピ,,,
https://www.youtube.com/watch?v=9JseqNzBbZk,I Wanna be the PYF,The Untrained Demon King Ultimate Legend,Puyo Pop Fever,,,
https://youtu.be/ojpCVBSqzqI?t=14,I Wanna be the Forehead 2,Neon Flower,☆24EFFECTS☆,,,
https://youtu.be/dBwwipunJcw?t=59,I Wanna NewGame,SAKURA Skip,fourfolium,,,
https://www.youtube.com/watch?v=rzfrbr3LW0U,I Wanna Be the Butterfly,Try Hard Folks!,Mario Party 4,,,
https://www.youtube.com/watch?v=Exl0SlKKGmM,I wanna be the Rukimin!7,Nyoki Nyoki Mountain,Back,,,
https://www.youtube.com/watch?v=S3yf3g_THRw,I wanna be the GB,Forest Theme ,Mole Mania,,,
https://youtu.be/jARrt0i_dUY?t=1,I Wanna be the Roman,Kake Nukeru Medley I,M.lz,,,
https://youtu.be/lhRNBpyuhXs?t=100,I Wanna be the Roman,Kake Nukeru Medley II,M.lz,,,
https://youtu.be/5YVO8zsYN88?t=443,I Wanna be the Roman,Kake Nukeru Medley III,M.lz,,,
https://youtu.be/pnJb8kgJRUA?t=205,I Wanna be the Roman,Kake Nukeru Medley IV,M.lz,,,
https://youtu.be/OvyewWHRXLY?t=52,Not Another Magic Tower Game,Stand Up Against Myself Remix,S.S.H,,,
https://youtu.be/2urq2v3HprA?t=14,Not Another Magic Tower Game,Eternal Fullmoon,Amane,,,
https://www.youtube.com/watch?v=w4NObCNpgNA,Not Another Magic Tower Game,Your Heart Keeps Burning Remix,SourPls,,,
https://youtu.be/uKk8u89oBxc?t=5,I wanna be like Brisulph,UFOPORNO!!,yonsiper,,,
https://youtu.be/cMrxTA6XRqc?t=238,I Wanna Defeat the Discord Makers CN Side,Sad Angel,Igor Krutoy,,,
https://www.youtube.com/watch?v=rB7HVU97i08,I Wanna Enjoy the Excursion,Stage 3,Excursion,,,
https://youtu.be/iEQbKEcoA_U?t=11,I Wanna Smile Away,Gouin ni Mai Yeah~,Sayonara Zetsubou Sensei,,,
https://www.youtube.com/watch?v=mqcPE103f_s,I Wanna Kill The Kamilia 3,Rings of Rainbow,Hommarju ,,,
https://www.youtube.com/watch?v=fv_H2iVEdok,I Wanna Break the 3 Makers II,Asteroid Dance,Tyrian,,,
https://www.youtube.com/watch?v=mH7O__BTtGs,I Wanna Get the OOPARTS III,Flat Zone 2,Super Smash Bros Brawl,,,
https://www.youtube.com/watch?v=MSImY9exzeQ,I wanna be the Justice,X vs Zero / Nightmare Zero,Megaman X5 / X6,,,
https://www.youtube.com/watch?v=mwwfGUKFhAk,I Wanna Make the Marathon Needle,Pipe Wrench Dubstep,Tomáš Dvořák,,,
https://www.youtube.com/watch?v=OG2eVS_fMD8,I Wanna Scrape my Face,Love Ooh Ooh Paradise,Tsunku♂,,,
https://youtu.be/9pvJjf97ovk?t=22,I Wanna Kill Originality,Scarlet Pinheel,ぺのれり,,,
https://www.youtube.com/watch?v=qWB4cLVNsak,I Wanna be a Charr,Mode Select,Super Puyo Puyo 2 Remix,,,
https://www.youtube.com/watch?v=aJjv3BL1suo,I WANNA BE THE EXPLOSIVE,Mercilessness,Yoshimi Kudo,,,
https://www.youtube.com/watch?v=El8afTHmHm4,I Wanna Get Cultured 2,Valiant,EnV,,,
https://www.youtube.com/watch?v=TUnvXrpG3n0,I Wanna Get Cultured 2,The Science Wizard,Shovel Knight,,,
https://youtu.be/BimnnYzmkVc?t=42,I Wanna be the Dieary,Keep On Lovin' You,KuRi-ZiLL,,,
https://youtu.be/XeYGdZSt5l0?t=33,The Cardinal House,Mastermind,Mick Gordon,,,
https://www.youtube.com/watch?v=OYDnTk4uAPk,I Wanna be the Battler,Strange Wobbly Inflatable Thing,DJTheS,,,
https://www.youtube.com/watch?v=Y7rMb15xhcg,I Wanna Go To Night Sky;I Wanna be the Bingo,Sai-getsu,taka.a.k.a.OTOKAZE,,,
https://www.youtube.com/watch?v=b6rkXGikuNA,I wanna be Myself,Dance of the Manwhore,SexuaLobster,,,
https://youtu.be/imWw1LXWaco?t=43,I Wanna Have a Good Time,Mad World (Reversed),Gary Jules,,,
https://youtu.be/crCxQLxwWz4?t=28,I Wanna Challenge You,SkyDrive,Geoplex,,,
https://youtu.be/bldyRH_XrOM?t=115,I Wanna be in Love with You,Little Cry of the Abyss,sasakureUK feat. Asako Toki,,,
https://www.youtube.com/watch?v=dyGaqRK43zw,I Wanna Tin Plate Dance,Tin Plate Dance,96neko,,,
https://www.youtube.com/watch?v=cfxTZ0aw6iY,I Wanna be the Ash;I Wanna Travel Alone,THE WORLD REVOLVING,Toby Fox,,,
https://youtu.be/yZHWw6ojMUw?t=34,I Wanna be the Sugar,Streetwise,Waterflame,,,
https://youtu.be/ovk58XqgFuI?t=9,I Wanna be the Rotten,Imagine Breaker (Speed Up Ver.),Helblinde,,,
https://www.youtube.com/watch?v=CRfilmB-OkM,I Wanna Gaze at the Horizon,Solid Infinity,The,,,
https://www.youtube.com/watch?v=aGfBxTtpIok,I Wanna be the New,Endless Fight Remix,RPG Maker 2003,,,
https://youtu.be/tydgmMh9dkk?t=3,I'm Bored 2: The Game;I Wanna Break the Series Z 3,Forsaken Neon,Dimrain47,,,
https://youtu.be/tXvjtwWyFvc?t=273,Hearty Jewel,CORE (Orchestral Remix),Malcolm Robinson,,,
https://youtu.be/K1TX5i7M6iY?t=41,I Wanna be the Ultimate Hero,Head Honcho Carpaccio,Kenji Hikita,,,
https://youtu.be/KagcLZSvLWo?t=3,I Wanna be the Ultimate Hero,8-Bit Boss Battle 4,EliteFerrex,,,
https://youtu.be/yrUnek6c3Zs?t=77,I Wanna be the Ultimate Hero;I Wanna Go the Make Magic;WannaFest 22,Hurry Up!,Ryoji Yoshitomi,,,
https://youtu.be/97Fg4GhBeMU?t=144,Humble Abode,Logos,King Krule,,,
https://youtu.be/LNrA2YVDmPk?t=18,Humble Abode,Roses,OutKast,,,
https://youtu.be/Z9e7K6Hx_rY?t=49,Humble Abode,Sunflower,Rex Orange County,,,
https://www.youtube.com/watch?v=47RTpiruYRw,Fangame: The Game,Delta ('97 Remix),Rob Hubbard; Chris Abbott,,,
https://www.youtube.com/watch?v=Dy4HA3vUv2c,I Wanna Be Like Zoop,Don't Fear the Reaper,Blue Öyster Cult,,,
https://youtu.be/ycieF77N2iw?t=72,I Wanna Qowulu 100;I Wanna Have Feathers 2,Next To You,Parasyte,,,
https://youtu.be/kvxPv8yrs3o?t=32,I Wanna be the Ash,Adventure's End,Yoko Shimomura,,,
https://youtu.be/7AuFtoCM5iQ?t=4,I Wanna Celebrate Halloween Like It's 2015,Happy Halloween,Sana & Hiiragi Yuka,,,
https://youtu.be/DO__ZCwtF7E?t=22,I Wanna be the Interaction,Gloam Valley,Naoko Mitome; Chika Sekigawa; Yasuhisa Baba,,,
https://www.youtube.com/watch?v=Y_ZSCcUEbcE,I wanna be the 8bit,Moment of Truth,E-Tank,,,
https://youtu.be/KsRmNnGi3-o?t=51,Purdy Adventures,Unfinished Life,Danail Getz,,,
https://youtu.be/4mXBeNF-XwQ?t=2,Purdy Adventures,Dominique,Soeur Marie,,,
https://youtu.be/5NylmdC_uEM?t=14,I Wanna be the New,WOOL,UberHaxorNova,,,
https://m.youtube.com/watch?v=I_ZtQzLYzoQ,I wanna be the One two three,Turkish March,T.M. Orchestra,,,
https://www.youtube.com/watch?v=1pDM6fQUfJs,I wanna be the Revolution!!;I Wanna Go THE TIME;I Wanna be the Epic,Marisa Stole the Precious Thing,IOSYS,,,
https://youtu.be/n2rVnRwW0h8?t=18,I Wanna Go THE TIME,Tank!,The Seatbelts,,,
https://youtu.be/F21Qz_0GMr4?t=12,I Wanna Go THE TIME,Kanojo wa Rokurokubi,NayutanalieN,,,
https://www.youtube.com/watch?v=6Kf7ycHajX4,I wanna be the Destination;I Wanna Warp the Worlds,Betus' Blues,Danny Baranowsky,,,
https://youtu.be/otf9J1B4o1s?t=99,I Wanna Ragnarok,Melty Molten Galaxy,Mahito Yokota,,,
https://youtu.be/YC9olmT89R8?t=34,I Wanna Ragnarok,Kirby 64 - Boss (Rock Arrange),ivelischpfuli,,,
https://youtu.be/9x8rGF7aGNw?t=64,I Wanna Defeat the Discord Makers CN Side,Harmonic Happiness (nui_ito Remix),gya9,,,
https://youtu.be/JXDWNhCl8Mg,I Wanna Spread my Wings;The Farewell Medley,Fertilizer,Rewrite,,,
https://youtu.be/InqHA4ESRAo?t=114,I Wanna HS;I Wanna be the Dichotomy,Hell's Sun,Nhato,,,
https://www.youtube.com/watch?v=rhN2VFGHEKk,I Wanna Be The Six Elements,Starlight Express,ginkiha,,,
https://www.youtube.com/watch?v=ZRzl_994Tj8,I Wanna Enjoy The Present With Friend,Happy! Lucky! Dochy!,Yukari Tamura; Yui Horie; Mika Kanai,,,
https://youtu.be/SteroT12eVQ?t=19,I Wanna Be The Outernet,Outernet Explorer,lumo,,,
https://www.youtube.com/watch?v=DKHyxZnFnvg,I wanna love the Miku;I Wanna Go the DotKid!,Nekomimi Switch,daniwellP,,,
https://www.youtube.com/watch?v=TXzfQ0cP1P0,I wanna love the Miku,Love Trial,40mP,,,
https://youtu.be/b6yC8j_gIpk?t=40,I Wanna Be The Exciting Cider,Cyber Thunder Cider,EZFG,,,
https://youtu.be/lNZ1C_BWEAM?t=11,I wanna ride the Wave,WAVE,niki,,,
https://youtu.be/m8-3L_e6Sd0?t=13,I Wanna Be The ・ｑ・ｐ・,さよならワンウェイハート,daniwellP,,,
https://www.youtube.com/watch?v=SKBF0eVgzPo,I wanna try a Collab 2;I Wanna Break the Series Z 3;I wanna NPM,TRICKL4SH 220,Lite Show Magic,,,
https://youtu.be/EgOWe9ByNaE?t=1,I wanna try a Collab 2,タイムマシン,40mP,,,
https://youtu.be/6QS01rBdCck?t=179,I Wanna Plant Seeds,Grief & Malice,Helblinde,,,
https://www.youtube.com/watch?v=obipqdk6tNg,I Wanna Plant Seeds,No Swimming,UtsuP,,,
https://youtu.be/y6120QOlsfU?t=31,I Wanna Plant Seeds;I wanna try a Collab 2;I Wanna be the Darude-Sandstorm;I wanna go to the cock,Sandstorm,Darude,,,
https://youtu.be/qVdBBOpSoN4?t=59,I Wanna Plant Seeds,いいね！- Iine!,BABYMETAL,,,
https://www.youtube.com/watch?v=wUfh4q9DPMM,I Wanna Plant Seeds,Coin Locker Baby,MARETU,,,
https://youtu.be/bgxmOOZu4yg?t=1,I wanna be the Palladium,Triple Baka,LamazeP,,,
https://youtu.be/WkauAVC8Py0?t=94,I Wanna Potato 2;I Wanna Weave Through the Witch's Needle,Haze,zts,,,
https://www.youtube.com/watch?v=pqvF3wp6Ytg,I Wanna Have Feathers 2,Flare,EnV,,,
https://youtu.be/uLqDlcT140Y?t=41,I Wanna Have Feathers 2,Gigantic O.T.N.,Giga-P,,,
https://www.youtube.com/watch?v=KUgGbNKghhA,I wanna be the Micromedley,Bonus Level,EnV,,,
https://www.youtube.com/watch?v=Lt7pB78SGbY,I wanna be the Micromedley,Metal Crusher,Toby Fox,,,
https://youtu.be/WyeFfNH9Upc?t=73,I wanna be the Micromedley,The Earth's Final Confession,kemu,,,
https://youtu.be/pKSg6iFLlxY?t=62,I wanna be the IF,Puzzle Plank Galaxy,Ryo Nagamatsu,,,
https://www.youtube.com/watch?v=IOXjm71Qfo8,I wanna Classic,Another Chiyo,Azumanga Daioh,,,
https://youtu.be/IveuNqqTvko?t=13,I Wanna be the Dieary;The Farewell Medley;I Wanna Game Jam 1 - Magic/Fantasy,Phantom Forest,Nobuo Uematsu,,,
https://youtu.be/5gsVxEHykNQ?t=85,A Written Challenge From Death,Moonlight,Tristam,,,
https://youtu.be/_KdOCU-qxrg?t=2,I Wanna Break the Mashikaku,Puzzle Girl,toa,,,
https://youtu.be/BpJ2w43FJ-8,I Wanna Happy World,空想ハッピーワールド,Arch,,,
https://www.youtube.com/watch?v=odvMnKBBI88,I Wanna be the Moster,Battle! Giratina,Junichi Masuda,,,
https://youtu.be/S4xF0lRy0s8?t=62,I Wanna be the C,Invitation from Mr. C,C-Show,,,
https://youtu.be/nTYiuhX6kf0?t=73,I Wanna Defeat the Robot,Heart of the Crypt,Danny Baranowsky,,,
https://www.youtube.com/watch?v=vRaNer0BgwY,I wanna climb the Witch's Tower,HANE,dai,,,
https://youtu.be/msSc7Mv0QHY?t=35,I wanna be the gang starr,Chicken Song,J. Geco,,,
https://www.youtube.com/watch?v=CJdFxTOysjo,I wanna be the gang starr,Elec Man,Manami Matsumae,,,
https://youtu.be/xjQDjH16ylM?t=47,I Wanna Get the Perfume,Tomorrow Perfume (tpz Despair Remix),t+pazolite,,,
https://www.youtube.com/watch?v=uS4lc-SxHVk,i wanna be the mioda,From Me to You,Masafumi Takada,,,
https://www.youtube.com/watch?v=puk7EHbg5vI,I wanna be the Agent,Critical-Arrows,Yellow Squadron,,,
https://youtu.be/F9Yso5zIYzU?t=104,I Wanna Keypick 100,blueish cider,kuhu,,,
https://www.youtube.com/watch?v=ax4Ye-2cV60,I wanna be the LoveAE-RYRC;I Wanna Kill The Kamilia 3,Emiya,Manabu Namiki,,,
https://www.youtube.com/watch?v=ECBRowYB_sU,i wanna be the mioda,Computer Overture N,T2ya,,,
https://youtu.be/P2PUXj3BWTU?t=72,I Wanna be the DAI;I wanna be the Music2,The Color of Happiness,dai,,,
https://youtu.be/GbwFYg8Koao?t=68,I Wanna Defeat the Nader Makers: Chill Side,Renewed Unrest,Hidenori Shoji,,,
https://youtu.be/LDU_Txk06tM?t=75,I Wanna Defeat the Nader Makers: Chill Side,Crab Rave,Noisestorm,,,
https://youtu.be/0Vcoh3KgXCk?t=75,I Wanna Defeat the Nader Makers: Chill Side,Fortress of Lies,Keiichi Okabe,,,
https://youtu.be/BTHBPwHictg?t=76,I Wanna Defeat the Nader Makers: Chill Side,Warning,Oneohtrix Point Never,,,
https://www.youtube.com/watch?v=ze9kkPbUB-U,I wanna have a accident,Super Mario Techno Remix,HtheB,,,
https://www.youtube.com/watch?v=Vpg3JJrUiQs,I wanna have a accident;I Wanna Kill the 2sweepor,Se Menea,Los Karkik's,,,
https://youtu.be/vunm-W-ovLc?t=142,I Wanna Defeat the Nader Makers: Chill Side,Plastic Love,Caitlin Myers,,,
https://youtu.be/bnRgCt94EaU?t=37,I wanna be the 8bit,Solar Man,Ippo Yamada,,,
https://www.youtube.com/watch?v=ACQHlJYsIeo,I Wanna be Anime,Cyber Thunder Cider (Instrumental),EZFG,,,
https://youtu.be/NFjE5A4UAJI?t=188,I Wanna be Anime,Stardust Crusaders,Yugo Kanno,,,
https://www.youtube.com/watch?v=bq73PTuCQwg,I Wanna Get the OOPARTS III;I Wanna HIVAC,Longhena Cantata,Manabu Namiki,,,
https://youtu.be/42GjrIv70XI?t=62,I Wanna Challenge the Tower,King Dedede,Jun Ishikawa,,,
https://youtu.be/ci1WXVEWCLI?t=62,I Wanna Focus,Focus,Lawy,,,
https://youtu.be/K8HBmPXp6eo?t=83,I Wanna be the Vanitas,Vanitas,xi,,,
https://youtu.be/uRzzps5K_h4?t=96,I Wanna Clear 50 Neon Floors,Freedom of Dreaming,JEBBAL,,,
https://youtu.be/ux8aZvvEin8?t=48,I Wanna Traverse the Neon Rainbow,FS 6: CW,DJ Babokon,,,
https://youtu.be/H0BCqNlDfNM?t=50,I Wanna Shiver,Jade Star,Shiki,,,
https://youtu.be/DWKes47Nn6U?t=15,I Wanna Shiver,reunion,Tatsh,,,
https://youtu.be/EutSBZQtxic?t=94,I Wanna Shiver,nebula,wigen & Kari,,,
https://youtu.be/ra2E_mjQMvg?t=107,I Wanna Shiver,Dads In Space,Stephen Walking,,,
https://youtu.be/Q_D-E0nd-2g?t=319,I Wanna Thread the Needle,Air in the Desert,Hedonist,,,
https://youtu.be/9dt69cOVFjM?t=177,I Wanna Thread the Needle,Forty Four,xarva,,,
https://youtu.be/v3bhGTPfoxk?t=63,I Wanna Thread the Needle,Frontier,Sakuzyo,,,
https://youtu.be/11u2m5R6kpQ,I wanna qoqoqo 2,Weekend ,Dirk Reichardt,,,
https://www.youtube.com/watch?v=A2Rj2UxJRtU,I wanna be the One two three,The Typewriter,Leroy Anderson,,,
https://www.youtube.com/watch?v=xtWSvkjiF3w,I Wanna be the Meteor,meteor36.0,Lamaze-P,,,
https://youtu.be/_GSxPpJr9pc?t=37,I Wanna Go the DotKid!;I wanna see the Moon,Drawcia Soul,Jun Ishikawa,,,
https://youtu.be/WL-8rU8ltA4?t=30,I Wanna Go the DotKid!,The Battle of Lil' Slugger,Danny Baranowsky,,,
https://youtu.be/s1_pwZ4ZSks?t=25,I Wanna be Anime,GUHEHE,Takahiro Ando,,,
https://www.youtube.com/watch?v=nLIFUIwBcGQ,I Wanna be the Roman,高音厨音域テスト,Hatsune Miku,,,
https://www.youtube.com/watch?v=tEuXKg_aag8,I Wanna be the Shrine Maiden 2,taboo tears you up,IOSYS,,,
https://youtu.be/0uS3LC4ty00?t=42,Terrible Needle 3,Northward,xi & Sta,,,
https://youtu.be/5g25iObJDZc?t=44,Terrible Needle 3,Paranoid Lost (Instrumental),Halozy,,,
https://youtu.be/t9A6788MNjk?t=52,I wanna be the IF;I Wanna be the Citadel,VS. Metal Sonic (Stardust Speedway Bad Future JP),Jun Senoue,,,
https://www.youtube.com/watch?v=wP8uBFQHSG4&t=142s,I wanna be the IF,Treasure Trove Cove,Grant Kirkhope,,,
https://www.youtube.com/watch?v=jQT8xLkw_3w,I Wanna Challenge Kamirin,Believe in Myself,SoundTeMP,,,
https://www.youtube.com/watch?v=QlfBuFMCZNI,I Wanna Challenge Kamirin,AbSolitude,SoundTeMP,,,
https://www.youtube.com/watch?v=ug2S2NjTVaI,I Wanna Challenge Kamirin,Plateau,SoundTeMP,,,
https://www.youtube.com/watch?v=BRI6Xh0amm8,I Wanna Challenge Kamirin,On Your Way Back,SoundTeMP,,,
https://www.youtube.com/watch?v=YEMPCrfNUT8,I Wanna Challenge Kamirin,Come in Peace,SoundTeMP,,,
https://www.youtube.com/watch?v=AgL6jbqDbx8,I wanna jump the Shark 2,Milky Way (Battle),Ben Prunty,,,
https://www.youtube.com/watch?v=YrZlebKWQBI,I Wanna be the Earth,Oxygen,Submatik,,,
https://www.youtube.com/watch?v=WAbDeUl_vfM,I Wanna be the Earth,Kink,syzfonics,,,
https://www.youtube.com/watch?v=2RxZXWmUquA,I Wanna be the Cubic,Labyrinth of the Heart,ShibayanRecords,,,
https://www.youtube.com/watch?v=dq2AE76Vzuc,I Wanna Explore the Mountains,Upside Down Stalagmite,Lifeformed,,,
https://www.youtube.com/watch?v=KnsCuUA1pg0,I Wanna Explore the Mountains;I Wanna Lockpick,Swimming While It Rains,Lifeformed,,,
https://www.youtube.com/watch?v=cdkfA1X9w78,I Wanna Explore the Mountains,Sepia Tone Laboratory,Lifeformed,,,
https://www.youtube.com/watch?v=Fc5poOYZHKM,I Wanna be the Sudtrick Doodles,Moving On,Harald Riegler,,,
https://www.youtube.com/watch?v=bAMTZkpW_Fs,I Wanna be the Acus Amans;I Wanna One Room,Gaur Plains (Night),Yoko Shimomura,,,
https://www.youtube.com/watch?v=WdO_D3N_bXw,Needle,happinessful angel,Kokoro Rista!,,,
https://youtu.be/OutEN78Kkx0?t=176,I Wanna Defeat the Discord Makers CN Side,Valkyrie,Rin,,,
https://youtu.be/EC-USHbHrn0?t=141,I Wanna be the 針雪2,My Little Hero,a_hisa,,,
https://www.youtube.com/watch?v=Jwo9tJUnBi8,I Wanna be the Chair 2,Magnet Man Goes West,Disco Dan,,,
https://www.youtube.com/watch?v=B0Vz_6vdgn8,I Wanna be the Chair 2,X-Naut Fortress,Razonix,,,
https://youtu.be/HmDLNk-98ZM,I Wanna be the Chair 2,Flying n' Stuff,F-777,,,
https://www.youtube.com/watch?v=cG_EgFBhG2c,I Wanna Go the Ocean Wetventure;I Wanna Maker,Hadopelagic Pressure,DM Dokuro,,,
https://youtu.be/J32v0wI7pXQ?t=77,I wanna fapple,Satori Maiden (PsychoDrive ReMix),Five-seveN,,,
https://youtu.be/V6Vl-VBZ8XY,I Wanna Stop the Meltdown,Pause,Mapps,,,
https://youtu.be/bzT73XKYAgA,I Wanna Stop the Meltdown,Lovely City,Calum Bowen,,,
https://www.youtube.com/watch?v=3blb4Edg2fo,I Wanna Go BANANAS!,Unfounded Revenge,Shogo Sakai,,,
https://youtu.be/_slcpnqsALI?t=96,I wanna kill the Needle Games 2,Tough it Out!,DaMonz & Trainbeat,,,
https://www.youtube.com/watch?v=f6NeT74TYmw,I Wanna Escape the Autumn Box,3DS eShop Music,John Nintendo,,,
https://www.youtube.com/watch?v=C1UWi5sD8wY,I Wanna be the GR,Strike Enemy!,Iku Mizutani,,,
https://youtu.be/Xe8Y-YEKEss?t=28,I Wanna Defeat the Discord Makers Kela Side 2,Versus Merc Trio,SiIvaGunner,,,
https://www.youtube.com/watch?v=nGM3azJY3yQ,I Wanna Go the Legend Kid,X-Paceland,MC Mental,,,
https://www.youtube.com/watch?v=e2VTFTFufHk,I Dun Wanna be Anything,Boss Battle,Jun Chikuma,,,
https://youtu.be/OF6dIk8SiNo?t=15,I Wanna Make It Breaking Out,Billy Herrington is STILL Alive! 8-bit version,ジュゴン,,,
https://www.youtube.com/watch?v=WPD3xtKEf28,I wanna be the RZ,Horror Land,Hironao Yamamoto,,,
https://youtu.be/Cu7HaeRHMhM?t=8,I Wanna be the Overlord,Space Pirates,Waterflame,,,
https://youtu.be/E8-wqFsGPUU?t=58,I Wanna be the Wall Kick,READY,THE iDOLM@STER,,,
https://youtu.be/Z1VhvAIa3UA?t=74,I Wanna be the Fake Doll;Avoidance Express,fake doll,Hachionji-P,,,
https://youtu.be/od_TxAyeluk,Chill Needle 2,Setting Sail,Ogata Megumi,,,
https://youtu.be/43dykpWPXys?t=1,Chill Needle 2;I Wanna Kill the 2sweepor,Warp Destination,Rabi Ribi,,,
https://youtu.be/R1nyCrM_SAo,Chill Needle 2;The Farewell Medley,Lightning Moment,Dj Okawari Featuring Fox Capture Plan,,,
https://youtu.be/PMhWCD6u4fA?t=94,Chill Needle 2,Wings Of Piano,V.K,,,
https://www.youtube.com/watch?v=g9R5mpVVuQ8,I Wanna be a Good Guy,Ms. Monomi's Practice Lesson,Masafumi Takada,,,
https://youtu.be/BC4zaaiXNMI?t=6,I Wanna be a Good Guy,Love Dramatic,Masayuki Suzuki,,,
https://youtu.be/fpzQmF_2qwo?t=24,I wanna be the GB,Type B,Hirokazu Tanaka,,,
https://youtu.be/NFTemk99fLU?t=30,I Wanna Defeat the Robot,Ultra Necrozma Battle Music,Pokemon UltraSun & UltraMoon,,,
https://www.youtube.com/watch?v=RfzR7OsBQaE,I Wanna be the Jumble;I Wanna Challenge the Tower,Hyper Zone 2,Kirby's Dream Land 3,,,
https://youtu.be/hVlzSmW2ees?t=54,I Wanna be the Jumble,Boss Battle Theme,Mario & Luigi: Dream Team Bros.,,,
https://www.youtube.com/watch?v=Hn4Ki1oIBD8,I Wanna be the Jumble;I Wanna One For All,Battle Theme 2: Super Bomberman 2,Super Bomberman 5,,,
https://youtube.com/watch?v=xJmdbJ1WnYw,I Wanna be the Octophobia,Special Stage,Sonic the Hedgehog 3,,,
https://www.youtube.com/watch?v=1NTKHoAu0PA,I Wanna One For All,Vile / Sigma Fortress Boss Theme,Mega Man X,,,
https://youtu.be/lJB8ByV1nj4?t=92,I Wanna Odoryanse,Odoryanse,YurryCanon feat.MIKU&GUMI,,,
https://www.youtube.com/watch?v=JA9LNnzrhZ8,I Wanna be the Citron,逃避ケア,Hatsune Miku,,,
https://youtu.be/eLe5XaJjOQE?t=214,I Wanna 打打打打打打打打打打;I Wanna Break the Series Z 3,打打打打打打打打打打,REFLEC BEAT groovin'!!,,,
https://youtu.be/ZWERshDEgPM?t=44,I Wanna be the Ultimatum;I Wanna be the Noizu,Zombie (Ray Knox Mix),Andrew Spencer,,,
https://youtu.be/V1E9M-zr5Fo?t=21,I Wanna be the Ultimatum,Heather's Song,Andy McKee,,,
https://youtu.be/KXH5G_bqrlc?t=25,Irkara Needle;I Wanna be the Cubic;Extreme Depths 2,Cider Time,Lifeformed,,,
https://youtu.be/8XnmjFupT7Y,I wanna celebrate 100,Hyadain no Kakakata Kataomoi-C,K.M,,,
https://youtu.be/EVIKjgnW2so?t=32,I Wanna Defeat the Discord Makers Kela Side 3,Mad Mew Mew (Nitro Remix),NickNitro,,,
https://www.youtube.com/watch?v=l_I3ug-980s,I Wanna Defeat the Discord Makers Kela Side 3,The Nightmare Woods (Run Run Rottytops!) (Nintendo Switch Ver.),SiIvaGunner,,,
https://youtu.be/Jb0FPAnxSjY?t=84,I Wanna Kill the Blue Mage,Courtesy,Chipzel,,,
https://youtu.be/fJEkWbV3N0g?t=71,I Wanna Exit from Here,An Empty Tome,Castlevania Harmony of Despair,,,
https://youtu.be/k8zpCRSSF5E?t=26,I Wanna Exit from Here,Princess Shroob Battle,Mario & Luigi: Partners in Time,,,
https://youtu.be/9wMjq58Fjvo,I Wanna Exit from Here,Rage of the Champions,Castle Crashers,,,
https://www.youtube.com/watch?v=YLu3Yykk-JQ,I Wanna Exit from Here,Muda Kingdom,Super Mario Land,,,
https://youtu.be/Da8Cfswu5E0?t=31,I Wanna Exit from Here,Thwomp Caverns,Mario & Luigi: Partners in Time,,,
https://youtu.be/OBdMIIahWXM?t=17,I Wanna Exit from Here;I Wanna Cute Jump,Toy Block Tower,Wario Land 4,,,
https://youtu.be/6TauJv5xqmk?t=135,Not Another Magic Tower Game,I Can't Hear My Inner Demons When You're Chewing That Loud,Clarrie Duncan,,,
https://youtu.be/fPNz3GFlu1Y?t=39,RYS Needle Game,Final Boss 2 Theme,Yoko Shimomura,,,
https://youtu.be/bZWd_7Ud-Lc?t=18,I Wanna be a Good Guy,Yoru no Himawari,Subarashiki Hibi,,,
https://www.youtube.com/watch?v=dQw4w9WgXcQ,I wanna be the Boshy,Never Gonna Give You Up,Rick Astley,,,
https://www.youtube.com/watch?v=QgCqFfXQ0lk&t=49s,I wanna be the Invisikid;The Farewell Medley,Flashes,Hommarju,,,
https://www.youtube.com/watch?v=KJCkMwt0Wnk,I Wanna Escape The Natural Disaster,Spelunker Stage 01 Theme (Remix),Scognito,,,
https://youtu.be/4joh_k8BMkc?t=5,I wanna be the shitty avoidance,Lycanthropy,Cardi,,,
https://youtu.be/gq3JxkARYRk,I Wanna Defeat the Discord Makers Kela Side 3,Gillette (Right Version ♂),Dr.Disrespect ,,,
https://www.youtube.com/watch?v=UztXN2rKQNc,I Wanna Diamond is Unbreakable,Great Days,Jojo's Bizarre Adventure,,,
https://youtu.be/J8guLLNribY?t=100,I Wanna Touch the Makers;I Wanna Kill The Kamilia 3,Blacksphere,Iriss,,,
https://youtu.be/-CoXgklbWjI?t=28,I wanna be the Shiny spark!!,Fight Against Smithy,Super Mario RPG,,,
https://youtu.be/BK8FxZv2mmM?t=28,I wanna be the Shiny spark!!;New I Wanna be the Weegee,Big Boss,Yoshi's Island,,,
https://www.youtube.com/watch?v=-VXGWW97VYM,I wanna be the Shiny spark!!,Blue Sky Athletics,Super Mario Galaxy,,,
https://youtu.be/75-fDVMV_EQ?t=56,I wanna try to Beat The Really Really Really Really Really Long Save,Don't Force It ,Ben Briggs,,,
https://youtu.be/yJPewKpHDsQ?t=41,I Wanna Sunspike;I Wanna Beat the Wannabes;I Wanna be the Onelife;I Wanna Maker,Red 13,ParagonX9,,,
https://youtu.be/9SJr3t7pHi8?t=119,I wanna beat the wannabes;I wanna be the Onelife,A Light Illuminating The Depths,Zero no Kiseki Evolution,,,
https://www.youtube.com/watch?v=jMFKYEnzA10,I Wanna Make It Breaking Out;I Dun Wanna be Anything 2,Boss Theme,Super Bomberman 5,,,
https://www.youtube.com/watch?v=Y4GFSMBAhkI,I Dun Wanna be Anything,Boss Theme,Super Bomberman ,,,
https://youtu.be/tjIFN23Ncr0,I wanna be the HeavenTrap2;I wanna be THE iDOLM@STER,おはよう!! 朝ご飯,仁後真耶子,,,
https://www.youtube.com/watch?v=7i9CUvlfby0,I wanna post cringe,Bro you just posted Cringe Dr Robotnik,SwagItUp,,,
https://www.youtube.com/watch?v=FO61bRG0vpA,I Wanna Enjoy the Excursion,Dark Meta Knight,Kirby and the Amazing Mirror,,,
https://www.youtube.com/watch?v=VdW9QaPHZWo,I Wanna Enjoy the Excursion,Super Copy Boss,Kirby's Return to Dream Land,,,
https://youtu.be/J33A5qtGMHE,I wanna be Myself,"""Chaos""",Super Robot Taisen A Portable,,,
https://youtu.be/xTV7aLbhsfw,Crimson Needle 3,A Vision Of Paronama,Barbados,,,
https://youtu.be/adV8-_hgL4g?t=403,Crimson Needle 3,Soothsayer,Buckethead,,,
https://youtu.be/b3LZfqxXcrw?t=981,Soulless,Soulless 5,ExileLord,,,
https://youtu.be/mUT3KoxVzQg?t=7,Crimson Needle 3;Designer L's Wacky Randventure!,Alberto Balsalm,Aphex Twin,,,
https://youtu.be/_tj7BrBRDak,Crimson Needle 3;I Wanna Kill the 3sweepor,Funny moments with dogs,Funny World,,,
https://www.youtube.com/watch?v=IiJZkpEuecc,I wanna bye the Entrance,Cave,Minecraft,,,
https://youtu.be/ax_AU_czLqg?t=113,I Wanna be the ATK,New-Age,暖@よみぃ,,,
https://www.youtube.com/watch?v=GdU6snztM0A,Crimson Needle 3,Nothing Else Matters (Cover),William Joseph,,,
https://www.youtube.com/watch?v=sqsXzH6jxMM,Crimson Needle 3;100 Floor Medley,Death Rap (Instrumental),Necro,,,
https://www.youtube.com/watch?v=qqqsOWQXbIE,Crimson Needle 3,Arterial,Lusine,,,
https://www.youtube.com/watch?v=W-vfmjV7OSM,Humble Abode;I Wanna Maker,Saturdays,Lakey Inspired,,,
https://youtu.be/1sNtyKA87oo?t=31,I Wanna Inherit the Spike Sanity,Jupiter Junction,Nhato,,,
https://youtu.be/F11ELbiGPmE?t=119,I Wanna Inherit the Spike Sanity,Wind Back,cYsmix,,,
https://youtu.be/ck339oRbmxQ?t=23,I wanna be the Justice Guy,Gallant Gunshot,Yosuke Yasui,,,
https://youtu.be/twjaSC5Ym9s?t=98,Crimson Needle 3,My Queen is Harriet Tubman,Sons of Kemet,,,
https://youtube.com/watch?v=zdsc1V3NEeM&t=21s,I wanna ≡,stardust,moro,,,
https://www.youtube.com/watch?v=s0brZ8Cinao,I Wanna Lose Brain Cells,30 Second Coca Cola Commercial,Andrew Long,,,
https://youtu.be/elfAyK3JyPM?t=22,I Wanna QoQoQo 300,Below the Surface,Philter,,,
https://youtu.be/63TliGEProc?t=52,Xynchrome*,Delusional,Electron,,,
https://youtu.be/gkG3EZ5kqk4?t=71,I Wanna be the Pretty,Nicopuri Joshi Dou,Sora Tokui,,,
https://www.youtube.com/watch?v=kxcQ1EizgCM,I wanna Scramble,Bamboozle Village,Tomoya Tomita,,,
https://youtu.be/YH2T4agK_YM?t=2,I Wanna be the Angel,Khamen Break,くふおー,,,
https://youtu.be/zExP2aWhRaw?t=79,I Want,Thanks,PilotRedSun,,,
https://youtu.be/-zF2tsBJnpk?t=202,I Want,'Tis a Pity She Was a Whore,David Bowie,,,
https://youtu.be/V3e90yExv38?t=146,I Wanna Go Across the Crimson Rainbow,Vietnam,Crystal Castles,,,
https://youtu.be/79N1O0lF0GY?t=53,I Wanna Use Snow Magic,Love! Snow! Really Magic,Mitchie M,,,
https://youtu.be/A9n-ukgy5Yg?t=106,I Wanna be Abducted,Far and Beyond,Liquid Stranger,,,
https://youtu.be/SfO8GO8rXIQ?t=189,I Wanna be Abducted,Take Care,Deerhunter,,,
https://youtu.be/micqEsFqWzU?t=83,I Wanna Destroy the Maelstrom,13th Floor Demonstration,Flexstyle,,,
https://youtu.be/lZsDSpRKfD8?t=1,I Wanna Make a Sandwich,The Croutonian Ship,Charles Deenen,,,
https://youtu.be/L97HyJTYX2U?t=75,I Wanna Try a Collab,Summertime Clothes,Animal Collective,,,
https://youtu.be/5sKrsjtRzak?t=180,VoVoVo;I Wanna be the Vandal,Spiral Ladder,zts,,,
https://youtu.be/H-AfGh8gmiQ?t=68,VoVoVo;I Wanna be the Vandal,Every Day is Night,Garoad,,,
https://youtu.be/6RWA6EhgFps?t=50,I Dun Wanna be Anything,Ancient Cave,Falcom Sound Team J.D.K.,,,
https://youtu.be/9HMZx19dYSI?t=49,Not Another Magic Tower Game,Extreme Fantasy,Memme,,,
https://youtu.be/b9NK6srxg8Y?t=22,I'm Bored 2: The Game,Dr. Wily Stage 1 Remix,idk,,,
https://youtu.be/reZbXiR87QI?t=52,I Wanna Kill the 2sweepor,Through the Fire and the Flames,Dragonforce,,,
https://youtu.be/Fu01g5srPJY?t=71,I Wanna Maker,Build to the Beat!,2Mello,,,
https://youtu.be/CCKpBT4xk20?t=246,Crimson Needle 3,24x33,Betonkust & Palmbomen II,,,
https://youtu.be/i3vuGvbZ-UI?t=90,I Wanna Reach Heaven,Giant's Cry,NIGORO,,,
https://youtu.be/ybgsUo5kcyM?t=262,I Wanna Ponder,1.618,BT,,,
https://youtu.be/908kjmbjABI?t=203,I Wanna be the Vandal,Last Train Home,Pat Metheny Group,,,
https://youtu.be/KAcr39zCvqM?t=240,I wanna be the Ocean Princess,Roots of Coincidence,Pat Metheny Group,,,
https://youtu.be/YksU-QFkRMs?t=52,I Wanna be the Vandal,Cryin',Joe Satriani,,,
https://www.youtube.com/watch?v=BC0AEb8aWAo,I Wanna be the Vandal,Rap is Man's Soul!,Taku Iwasaki,,,
https://youtu.be/Ws7dG9lJwbA?t=347,I Wanna be the Vandal,Kake Nukeru Gochamaze II,M.lz,,,
https://youtu.be/HoD-prRgORs?t=82,Jason Enjoys the Witch's Dangerous Dandies;I Wanna be the Vandal,lixAxil,Kitaouji Mizuki,,,
https://www.youtube.com/watch?v=JZrLFLgabGU,I Wanna Appreciate the Wolf's Enthusiasm,Nameless Song (ver. 2007),Umineko no Naku Koro ni,,,
https://youtu.be/vYV61Pf-D3M?t=101,I Wanna Appreciate the Wolf's Enthusiasm,goldenslaughterer,zts,,,
https://youtu.be/BnjEUfZPhu4?t=66,I wanna try a Collab 2,Eco Zones,Blank Banshee,,,
https://youtu.be/fvvXIl0sSbA?t=352,I Wanna be the Neurosis,Cloud Cuckoo,Sasha,,,
https://youtu.be/D2DFXHsnfOI?t=84,I Wanna Destroy the Maelstrom,When the Northern Sky was Clear,Kumi Tanioka,,,
https://youtu.be/xE76LFB1saE?t=225,Crimson Needle 3,Fireworks,Animal Collective,,,
https://youtu.be/K1PCl5D-IpU?t=62,VoVoVo,Fukashigi no Carte,Seishun Buta Yarou wa Bunny Girl Senpai no Yume wo Minai,,,
https://youtu.be/kLFfeCNYEI0?t=71,I Wanna Tigure,The Boys are Back in Town,SiIvaGunner,,,
https://youtu.be/KkOo1vemyIQ?t=123,I Want,Hot Head,Death Grips,,,
https://youtu.be/XX5wk-6Mn5s?t=186,divisive game,Birds,Death Grips,,,
https://youtu.be/MKp30C3MwVk?t=169,I Want;I Wanna Kill the 3sweepor,Tout Petit Moineau,Igorrr,,,
https://www.youtube.com/watch?v=bnFa4Mq5PAM,divisive game,20 Min,Lil Uzi Vert,,,
https://youtu.be/RpZ8umpz42c?t=44,I Wanna Stop the Simulation,Soldier's Joy,Gid Tanner and His Skillet Lickers,,,
https://youtu.be/7vRf3WPEoaw?t=119,I Wanna Stop the Simulation,Battle (Ultra Demon Lord),Toshiyuki Sudo;Shinji Ushiroda;Yumi Takahashi;Megumi Inoue,,,
https://youtu.be/arT48Dft0sg?t=29,I Wanna Stop the Simulation;I Wanna be the FT,Full Force Forward,Simon Viklund,,,
https://youtu.be/CSnJJpHEqC8?t=17,I wanna be the Guy: Gaiden,Going Commando,Gux,,,
https://www.youtube.com/watch?v=UMEQ_bsJ8hw,I Wanna Soothe the Shroom,Mitaiken HORIZON (off vocal),Aqours,,,
https://youtu.be/pbz-SkhNw8Q?t=97,I Wanna Butterfly Grafitti,Butterfly Grafitti,Hachiouji-P,,,
https://www.youtube.com/watch?v=gZoHVScWt9g,I Wanna Destroy the Maelstrom,Unseen Entities,Raito,,,
https://youtu.be/OankmIq-Twk?t=35,I Wanna Destroy the Maelstrom,There's Nothing Like Flying,DDRKirby,,,
https://youtu.be/AGyPD-b08BY?t=144,I Wanna Destroy the Maelstrom,Throne of the God that Caused Everything,Motoi Sakuraba,,,
https://youtu.be/07TGKpm7WcU?t=25,I Wanna Destroy the Maelstrom,Sword of Doom II,Daisuke Ishiwatari & Fuki,,,
https://youtu.be/vUxb5381lxg?t=5,I Wanna Gaze at the Horizon,ENISHI,soundorbis,,,
https://youtu.be/zIU2EP2LfnQ?t=97,I Wanna Kill the 2sweepor;I Wanna Kill the Happil,Checkpoint,LablicC,,,
https://youtu.be/LAFT4hg4Z_Y?t=36,I Wanna be the HeavenTrap;I Wanna Kill the Happil 2;I wanna be the Lord of time,Push A Bush,Daisuke Ishiwatari;Tetsuya Ohuchi;Yoshihiro Kusano,,,
https://www.youtube.com/watch?v=BIO8Vz2_OYU,I Wanna be the CG,Cross Galaxy,kanone,,,
https://youtu.be/vFW0Mu566Us?t=39,I Wanna be the Paradaio,Paradaio,Tebasa-P,,,
https://www.youtube.com/watch?v=jc94X-c5ExM,I Wanna Go the Colorful World,The Escapers Fly Into the Sky,Gacha World OST,,,
https://youtu.be/Ax9EWBixuE0?t=54,I Wanna be the Lechenaultia,Goodbye; My Lechenaultia,Fujuniseikouyuu-P,,,
https://youtu.be/dcX1gxq_824?t=39,I Wanna Make the Endurance,Black Cats of the Eve,Mayuko,,,
https://youtu.be/4hOBgEsrO08?t=61,I Wanna 7,Party Junkie,さつき が てんこもり,,,
https://youtu.be/l6ZeW-TkV8w?t=44,I Wanna be the Overground,Dopamine,U1 Overground,,,
https://youtu.be/N6NBorUWrKg?t=38,I Want,Constantinople,The Residents,,,
https://youtu.be/XhzvgF-y6MA?t=40,I wanna be the Grb,GOODBOUNCE,EBIMAYO,,,
https://youtu.be/kkGDOLTC2QA,VoVoVo,Disappear,Floor Baba,,,
https://youtu.be/_5w8SJ3yVsc?t=111,Milky Ways;Milky Ways+,Milky Ways,Bossfight,,,
https://youtu.be/K_3MLQkSn4o,VoVoVo,Sky-High Bridge,Triodust,,,
https://youtu.be/B9SAy3yTeJk,VoVoVo,Re_Beautiful Morning,Masafumi Takada,,,
https://www.youtube.com/watch?v=CYdImXwmee8,VoVoVo,Climax Return,Masafumi Takada,,,
https://youtu.be/QtwCKbBAcho?t=195,I Wanna QoQoQo 300,Sensation (Original Mix) ,Ryo Nakamura,,,
https://youtu.be/UfhvP1PhlMI,I Wanna Destroy the Maelstrom,Divine Fire,Takeharu Ishimoto,,,
https://www.youtube.com/watch?v=XIrdommE8xs,I wanna be the Fangame!;I Wanna be the Fangame,Eyes of Flame,Daisuke Amaya,,,
https://www.youtube.com/watch?v=abamx79maPo,I Wanna be the Mercedes,Eyes of Flame,Danny Baranowsky,,,
https://youtu.be/WgBeu3FVi60,I wanna kill the Kermit,Daylight,Matt and Kim,,,
https://youtu.be/e1DWbgGsMXA?t=76,I wanna Acquire,Acquire,チームパワー,,,
https://www.youtube.com/watch?v=W3EMKJnCMvU,I Wanna Run the Terminal;I Wanna be the Bridge,Dense Fog Today,Kirby Air Ride,,,
https://youtu.be/-5aQzoFM5Hs?t=59,I Wanna Hydrosphere,Lazward,Muryoku-P,,,
https://youtu.be/NKcPiF3JEcM?t=59,I Wanna be the Void Series,broken promises/shattered dreams,goreshit,,,
https://youtu.be/-xEcw7MPMu4?t=179,I Wanna Feed Your Escapism 2,The Netherworld,cYsmix,,,
https://youtu.be/B55SjEm4spw?t=90,I Wanna GOODRAGE,GOODRAGE,EBIMAYO,,,
https://youtu.be/02vDkMEdIkY?t=50,I Wanna Kill the 2sweepor,Scatman's World,Scatman John,,,
https://youtu.be/QFFcdvBwJVM,I Wanna be the FF;I Wanna Reach the Moon,Crystalis Fantasia,Phyrnna,,,
https://www.youtube.com/watch?v=QFqDRJXtLFs,I Wanna Fuck Lucario Up the Ass,Saidaioujou,Manabu Namiki,,,
https://youtu.be/8vVAuM0UwOo?t=36,I Wanna Defeat the Discord Makers CN Side,Utopia,Elliot Hsu,,,
https://youtu.be/39CRLMyIDY4?t=61,I Wanna Break the Needle Game 7;I Wanna be the RO,Get Over the Barrier!,Falcom Sound Team JDK,,,
https://youtu.be/fLnchHAGi4I?t=53,I Wanna Soothe the Shroom,Yuuki wa Doko ni? Kimi no Mune ni!,Aquors,,,
https://www.youtube.com/watch?v=CTCEVpKmYuQ,I Wanna be the Chloris,Boss Battle,Hironobu Inagaki;Atsuyoshi Isemura,,,
https://youtu.be/akCs2-_ubtY?t=76,I Wanna Kill the 2sweepor,Cheetahmen II A Cappella,nifrith,,,
https://youtu.be/LKBdeEJWcb4?t=48,I Wanna Kill The Kamilia 2 Remake,Space Battle,F-777,,,
https://www.youtube.com/watch?v=0DNFcEf4azY,I Wanna Kill the 2sweepor;I Wanna Kill the 3sweepor,Rap Battle #5 - Mickey Mouse vs. Bill Clinton,bwmoore97,,,
https://youtu.be/ICJezWy9m8g?t=36,I Wanna One Room,Stone Cold,Danny Baranowsky,,,
https://www.youtube.com/watch?v=FWfJ8vTgLA8,I Wanna be the Vandal,Decisive Battle,Rance X,,,
https://youtu.be/URMLfMI6E00?t=13,I Wanna be the Danny Tanner,Full House Theme Song,Full House,,,
https://www.youtube.com/watch?v=bAfrF8D7r7g,I Wanna Introspect,Divine Breath,FlashyGoodness,,,
https://youtu.be/ptlgHwtAls0?t=37,I Wanna Make a Sandwich,Good Night Mom (GaMetal Remix),La-Mulana,,,
https://youtu.be/06Bg-8xSOQ8?t=15,I Wanna Make a Sandwich,The Evil King Bowser,Koichi Sugiyama,,,
https://www.youtube.com/watch?v=oRes4FJTy1k,New Mini Kongkongi's Adventure,Under the Sea,Fortress 3 Paewangjeon,,,
https://www.youtube.com/watch?v=JdaovR1B4BY,New Mini Kongkongi's Adventure,Lake,Fortress 3 Paewangjeon,,,
https://youtu.be/-qIam-gwPn8?t=24,I Wanna Conquer the Chaos Cave,Beautiful Chaos,DuttonsaysHi,,,
https://youtu.be/2Vso2LyxypM,I Wanna Make a Sandwich,Peanut Bonus Jammy Time,BotanicSage [BS],,,
https://youtu.be/aq9NAA4kiO8,I Wanna be a Millionare;I Wanna Be the Butterfly,One Million Dollar Win Theme,Who Wants to be a Millionare,,,
https://youtu.be/IX5TnFz4zi0?t=27,I Wanna Break the Last Z;I Wanna be the Hero-Again,Alt+F4 (Virus Remix),VirusNXF,,,
https://youtu.be/hiRacdl02w4?t=75,I Wanna Crazy Boy;I Wanna be the NegiTrap,you are an idiot!,oniku1234,,,
https://youtu.be/lcvPBxFpQVg?t=87,I Wanna be the Hell Needle;I Wanna Break the Series Z 2;I Wanna Break the Last Z,World Vertex (EXH),void,,,
https://youtu.be/421P5MA6-38?t=161,I Wanna Find Escapism in a Haystack,D'vocean,Eastghost,,,
https://youtu.be/PaVOOQ4p6Po?t=102,I Wanna Find Escapism in a Haystack,Dilemma (Instrumental),Death Grips,,,
https://youtu.be/f42n2crHQDc?t=7,I Wanna Summer Feast!!;I Wanna Travel Alone;I Wanna Heyan Trapventure,Get On With It,3R2,,,
https://youtu.be/AoSUEMYzusc?t=47,I Wanna IDFK 2,Idola Deus - Idolatrize World,maritumix,,,
https://youtu.be/mjxKp6LfMsY?t=226,I Wanna be the Nuestination,Solar Sect of Mystic Wisdom - Shall we fuse?,dBu,,,
https://youtu.be/0RjGtTqSWdk?t=15,I Wanna be the GMK,Poltergeist,NightKilla,,,
https://youtu.be/JoFmArgeRCY?t=62,I wanna crazy boy EZ,【Windows】 エラー・オブ・ゲイツ,ＬＩＥＴ9,,,
https://youtu.be/ow5V7WiGcNQ?t=242,Humble Abode,Reconstruct,Photay & Seafloor,,,
https://youtu.be/Jajt2CFWkcc?t=103,I Wanna be the Speedy Devil;I Wanna be the TH,Speedy Devil,Kiyoraaki,,,
https://www.youtube.com/watch?v=f_jlth0HELg,I Wanna be a Happy Refrain;I wanna Dodge Everything!,色は匂へど 散りぬるを,Yuuhei Satellite,,,
https://youtu.be/iO7FlB_xpzw?t=130,I Wanna Break the Millennia;I Wanna Break the Last Z;Extreme Depths 2,9-bit Expedition,Lifeformed,,,
https://www.youtube.com/watch?v=xrBe6SPUI1s,I Wanna Go Across the Rainbow;I wanna get Cultured,Primary Color,Wonder World,,,
https://youtu.be/ipIlK90tJWw?t=93,I Wanna Kill the Creator,Setsuna,Shiki,,,
https://www.youtube.com/watch?v=ybGOT4d2Hs8,I Wanna Suffer but Why,You Suffer,Napalm Death,,,
https://youtu.be/ITiHfxI-ud0?t=10,I Wanna be the Ultimatum,Scrambled Mind,Heartbeat,,,
https://youtu.be/RcP91tQ4ZSM,I Wanna Take the Memory 2,Donkey Kong Rap,Donkey Kong 64,,,
https://youtu.be/li5sM1vfYxU?t=150,I wanna try a Collab 2,Shiller,Ratatat,,,
https://youtu.be/pa05aWdkSPU?t=13,I Wanna be the Emperor;I Wanna Can't Stop,The Great Forest of Celceta,Ryo Yonemitsu,,,
https://youtu.be/T8VRrRJ-Dik?t=13,I Wanna Take the Timemachine 2,Trial Underground,Masafumi Takada,,,
https://youtu.be/we3YNA9JyC4?t=1,I Wanna Go Across the Rainbow,Lovely Laughter,xi,,,
https://youtu.be/N_DS35w93y0?t=86,I Wanna Go Across the Rainbow,Moonlit Wilderness,Satoru Kosaki,,,
https://youtu.be/mIyFIenBlzg?t=40,I wanna be the Density;I Wanna Break the 3 Makers,m/es,Pinocchio-P,,,
https://youtu.be/mG0V34d5Abc?t=5,I Wanna be the Wow 2 Leehetic,Vegetable Juice,Lamaze-P,,,
https://youtu.be/rQ-UFKxDq5o?t=25,I Wanna be the Danny Tanner,Good Vibrations,The Beach Boys,,,
https://youtu.be/rfd_ABvcrr8?t=198,I Wanna Afflict the Mashikaku;I wanna Dodge Everything!,Neko Miko Reimu,IOSYS,,,
https://youtu.be/-bIickAG-SY?t=24,I Wanna Meet the Mom;I Wanna Get Better with Avoidances,Itai Atashi Ashita Aitai,Chikuwa-P,,,
https://youtu.be/SBQprWeOx8g,I Wanna Take the Memory 2;I Wanna Avoid the Anxious,Hacking to the Gate,Kanako Itō,,,
https://youtu.be/NY__VTIUsiU?t=3,I Wanna be the No Miss!,World is Mine,supercell,,,
https://youtu.be/HG7WwJIfSR0?t=150,I Wanna Defeat the Eater of Dreams,Savage,Zizz Studio,,,
https://www.youtube.com/watch?v=M9hjIsntyW0,I wanna be the Galaxy;I Wanna be the M 2,Handyman's March,FICUSEL,,,
https://youtu.be/-7jsdj7sqGQ?t=19,I Wanna be the Lizardmanmaster 9;I Wanna be the M 2;I Wanna Find My Destiny,Chaoz Airflow,ParagonX9,,,
https://youtu.be/8gIUcmzL_X8?t=181,I Wanna be the Looking Glass,Quad Ammo (Tokyo Doom),Rando,,,
https://youtu.be/moaGbSozgrg?t=64,I Wanna Defeat the Eater of Dreams,As My New Ride Crawl,Viper,,,
https://youtu.be/-OR979RU4Og?t=90,I Wanna be the Void Series,the pain of relief (we have our vices one and all),goreshit,,,
https://youtu.be/NaOqDETy52M?t=82,I Wanna be the Solar Nova,cybernetic solar explosion,Xacla,,,
https://youtu.be/vvW2whSlHoA?t=41,I Wanna be the Stilette,Arima's Music No. 3,AM3,,,
https://youtu.be/Tl0X4C76Vog?t=27,I Wanna be the Stilette,Arima's Music No. 18,AM3,,,
https://youtu.be/ZXHO4AN_49Q?t=44,I wanna fapple,Jumper,Waterflame,,,
https://youtu.be/jFC9evxao_I?t=39,I wanna fapple,Predestined Fate,Souleye,,,
https://youtu.be/Yg_mHVRthVQ?t=70,I Wanna Healing Spike,Aqua,Akino,,,
https://youtu.be/YgSPaXgAdzE?t=23,I Wanna be a Loser,Loser,Beck,,,
https://youtu.be/67dPRYFqw6Y?t=29,I Wanna be the Pastel;I Wanna be the I WANNA Star 3;The Farewell Medley,Mirage Garden,xi,,,
https://youtu.be/gY47oNWC7q0,I Wanna Eclipse,S.S. Aqua,Go Ichinose,,,
https://www.youtube.com/watch?v=-W8MBjTk2E8,I Wanna Eclipse,Awake,Taku Iwasaki,,,
https://youtu.be/HJHgExlWaBY?t=40,I Wanna Eclipse,Mt. Pyre's Outer Wall,Go Ichinose,,,
https://youtu.be/I40Q8MYHq_o?t=69,I Wanna Eclipse,Bowser; Great Koopa King,Mahito Yokota,,,
https://youtu.be/Z9vqvfxoRBg?t=59,I Wanna Eclipse,Dive,Go Ichinose,,,
https://youtu.be/acsNAGWYQLs?t=66,I Wanna Eclipse,Dance of the Decorous,Danny Baranowsky ,,,
https://youtu.be/kHACC7_cshc?t=30,I Wanna Eclipse,Crocodile Cacophony Remake,David Wise,,,
https://youtu.be/lxLOoXrvR94?t=56,I Wanna Eclipse;I Wanna be the Chair,Grunty Industries (Inside the Factory),Grant Kirkhope,,,
https://youtu.be/vMu47X9e-VM?t=199,I Wanna Eclipse,Sunset Heroes,Masafumi Takada,,,
https://youtu.be/00DGQCWmU8g?t=70,I Wanna Eclipse,Gruntilda's Lair (Remix),Oodorato2,,,
https://youtu.be/k3IKgJUTjlM?t=153,I Wanna Eclipse,Pridemoor Keep,NoteBlock,,,
https://youtu.be/Ic_GxzAjxAc,I Wanna Kill the 2sweepor;I wanna go the Trap Way 3,snoicoc the hidhegoegg,Wolsk,,,
https://youtu.be/j0x0TXI5F2s,I wanna Design,逃避行飛行,Yuuyu,,,
https://youtu.be/PnTFKWAT-XE?t=59,I Wanna be the Neon 3,Xtal,Aphex Twin,,,
https://youtu.be/p8TAXHvPJdo?t=74,I Wanna be the Neon 3;I Want to Fit In,Vordhosbn,Aphex Twin,,,
https://youtu.be/M7zxAI3GW2o?t=62,I Wanna be the Neon 3,Concrete,Crystal Castles,,,
https://youtu.be/m9wdAU1S2Q0?t=141,I Wanna be the Neon 3;The Farewell Medley,A Luminous Beam,Portico Quartet,,,
https://youtu.be/KGATCxKAe2M?t=230,Not Another Magic Tower Game,Koishi.msg,Gun-SEKI,,,
https://www.youtube.com/watch?v=9RlKkvH4R9k,I Wanna Make a Sandwich,O Canada,Calixa Lavallée,,,
https://youtu.be/P70FWvutKtA?t=9,I wanna be Myself,Mario's Theme,Yuka Tsujiyoko,,,
https://youtu.be/d7hEVUYJd6w?t=103,I Wanna Defeat the Discord Makers CN Side,Bloomin' Lights,a_hisa,,,
https://youtu.be/pCYk2OjDcRE?t=173,I Wanna Defeat the Discord Makers CN Side,Uncertainty Principle,Hikari Tsukishiro,,,
https://youtu.be/4R8yWLFT6Yo?t=112,I Wanna Defeat the Discord Makers CN Side,Adonis,M2U,,,
https://youtu.be/aSpTwf-8t3w?t=167,I Wanna Defeat the Discord Makers CN Side,Sepia,Shiki,,,
https://youtu.be/K_7ERvudnQ8?t=131,I Wanna Defeat the Discord Makers CN Side,Eutopia,Yooh,,,
https://youtu.be/nPNhvIPiSio?t=2545,I Wanna Defeat the Discord Makers CN Side,魔界地方都市エソテリア,凛,,,
https://youtu.be/s0Z75hnqWS0?t=77,I Wanna Defeat the Discord Makers CN Side,Cold Heart Boy,Dungeon Fighter Online,,,
https://youtu.be/RRbM3u-UXiQ?t=82,I Wanna Defeat the Discord Makers CN Side,Roadracers,Yatoki Tsukasa,,,
https://youtu.be/upODO6OuOOk?t=54,I Wanna be the Tempest;I Wanna be the Sorcerer 2;I Wanna be the Noiseesi,Sakuranbo,Ai Otsuka,,,
https://www.youtube.com/watch?v=6_VXWUmv-No,I Wanna be the Sorcerer 2,Rescue Operation,Motoi Sakuraba,,,
https://youtu.be/9vC99-mqOcQ?t=44,I wanna be the WC,Miserlou,Dick Dale & His Del-Tones,,,
https://youtu.be/jjdl2Yp6rxk?t=14,I Wanna Kill the Sudoku;I Wanna be the Herp Derp;I wanna try a Collab 2,Jack Black Dance Like A Butterfly,Yamas03,,,
https://youtu.be/hY_hnonsst4?t=63,I Wanna Kill the Sudoku;I Wanna be the Donald,Ronald Caramelldansen,Caramella Girls,,,
https://youtu.be/qT1QaU1Rzv8?t=91,I Wanna Kill the Sudoku,Vangelis Chariots of Fire DJ DETWEILER FLUTE EMOTIONAL Remix,DJ Detweiler,,,
https://youtu.be/llnXhrCn9Yo?t=41,I wanna go the adventure77,Battle! (Elite Four) ,Junichi Masuda,,,
https://youtu.be/m9n4_9DMcM0?t=60,I wanna go the adventure77,Bowser Battle,Yoshito Hirano;Yuka Tsujiyoko,,,
https://youtu.be/L-d1pPzACR0?t=15,I Wanna be the Tempest;I Wanna be the Ash,Fever Theme,Hirokazu Tanaka,,,
https://www.youtube.com/watch?v=NTa6Xbzfq1U,I Wanna Discover 50 Shades of Crimson;I Wanna be the Brothers,Overworld Theme,Koji Kondo,,,
https://youtu.be/xZOnG5vAj60?t=134,I Wanna be the Void Series,The Lost Emotion,ZUN,,,
https://youtu.be/T22rjYQLN8I?t=22,I Wanna be the Forehead,NASU,Kikiyama,,,
https://youtu.be/OcL_Lwnc2w8?t=13,I Wanna Travel Alone;I Wanna Destroy the Maelstrom;VoVoVo,Adventure Starts Here,3R2,,,
https://youtu.be/9oDZ2vN9XF0?t=75,I Wanna Travel Alone,Field of Hopes And Dreams,Toby Fox,,,
https://youtu.be/XxAzbt1eS5M?t=41,I Wanna Travel Alone,Rude Buster,Toby Fox,,,
https://www.youtube.com/watch?v=Fl0c9wApUeg,I Wanna be the Various,N's Room,Shota Kageyama,,,
https://youtu.be/fzGG-6ex608?t=44,I Wanna be the Donald 2;I Wanna Kill the 2doku,Pokemon BW: Elite McDonald,SuperBocky,,,
https://youtu.be/FYZMrVmK9u8?t=43,I Wanna Be The What's Up Fellow Gamers?,We Are All Salman; We Are All Muhammad,Performance Cub Propellants,,,
https://youtu.be/E7NP2D7m4Hc?t=219,I Wanna escape the Room3,Run Pac-Man Run,Hiroshi Okubo;Keiki Kobayashi;SamplingMasters MEGA;SamplingMasters AYA;Rio Hamamoto;Sanodg;Asuka Sakai;J99;Tetsukazu Nakanishi;Acid Eutron;Koji Nakagawa;NBGI;Junichi Nakatsuru;Akitaka Tohyama,,,
https://www.youtube.com/watch?v=pJf1BXz0d8Q,I Wanna Eclipse,Ferdinand,Gaywiz,,,
https://youtu.be/PaQxdGtSjVA?t=76,I Wanna Warp the Worlds,Fast Track to Browntown,Danny Baranowsky,,,
https://youtu.be/AAdW4SKvoOE?t=15,I Wanna be the Ultimate Hero,Nightmare Again,Aeju Murasame,,,
https://youtu.be/4aKaaR0YVNE?t=101,Chill Needle 2,The Truth Never Spoken,3R2,,,
https://youtu.be/ptQHyJiZM_g?t=37,I Wanna be the Bingo,Voyage 1969,ZUN,,,
https://youtu.be/sxuBtbkyX2o,I Wanna Eclipse,The Decadent Dandy,Jake Kaufman,,,
https://youtu.be/UoLq_wJKFXg?t=78,This Wanna be the Day,This Will be the Day,Jeff Williams & Casey Lee Williams,,,
https://youtu.be/9qRcCm7-T1U?t=150,Neo Needle Buffet,Everybody Wants to Rule the World (Instrumental),Tears for Fears,,,
https://youtu.be/XNty4DLnMss?t=148,Neo Needle Buffet,Machinery,Kubbi,,,
https://youtu.be/7mSdCANERdU?t=79,Neo Needle Buffet,embracing myself in despair,i want to be dead,,,
https://youtu.be/LSDqC5Snn5w?t=58,Neo Needle Buffet;The Real Roaka Area,Aurora Palace,Triodust,,,
https://youtu.be/d20d6epERP0?t=21,Neo Needle Buffet,Wiosna,Nicol Amarfi,,,
https://youtu.be/Etwpn-cefRk?t=17,Neo Needle Buffet,nothing special but so special,Yuki Kajiura,,,
https://youtu.be/J5xO-qXLrGA?t=29,Jingle Jam,Walrus Cove,David Wise,,,
https://www.youtube.com/watch?v=X4Dhvns8BnU,Jingle Jam,Oh! Dungeon,Toby Fox,,,
https://youtu.be/aTp3DJGpwao?t=40,Jingle Jam,Scorching Back,Pixel;Danny Baranowsky;Nicklas Nygren,,,
https://youtu.be/k08DKRoXcIA?t=69,I Wanna Best the 100 Floors;I Wanna be the RP,Lacustrine Beat Machine,Simon Stalenhag,,,
https://youtu.be/knioygBCoz8?t=37,I Wanna Destroy the Maelstrom;Vibe Excerpts: Too Much Trouble,Mischievious Masquerade,3R2;Triodust;MWT,,,
https://youtu.be/pzDZjR1Y95s?t=114,I Wanna Break the Series Z 3,Dream Land,Factory Noise & AG,,,
https://www.youtube.com/watch?v=EceRuTBhTdA,I Wanna Get Cancer 2,Unfathomed Force,Yukihiro Jindo,,,
https://youtu.be/op8RIfGwnaA?t=143,I Wanna be the TIS,Euclid,Rin,,,
https://youtu.be/kdyl230YTiQ?t=72,Amaranth Needle,Disco Train,Lyude,,,
https://youtu.be/BGQp_eDOMEI?t=84,I Wanna Try a Collab,Disco Train,David Wise,,,
https://youtu.be/lTtqvQZZEV4?t=70,I Wanna Slay Mega Kid Demo,Beautiful Ruin [16bit],Takada Masafumi,,,
https://youtu.be/Xa90OVJkBos?t=81,I Wanna Slay Mega Kid Demo,Mausoleum Mash,Danny Baranowsky,,,
https://www.youtube.com/watch?v=8A8xE2KYGX0,I Wanna Cute Jump,Diao Ye Zong; Withered Leaf,ZUN,,,
https://www.youtube.com/watch?v=-PceDnkPCmA,I Wanna Cute Jump,mm2wood,MidiJam,,,
https://youtu.be/N6Yvq6VpcIw?t=16,I Wanna Cute Jump,City Escape MIDI Cover,Jay Reichard,,,
https://youtu.be/SDHZgVf8xsU?t=62,Irkara Needle;I Wanna Dream;Jingle Jam,Winter Bliss,Cycerin,,,
https://youtu.be/GleWK8NOmUk?t=27,I Wanna Escape the Monochrome World,Ripple Star,Jun Ishikawa,,,
https://youtu.be/LCYRvbSJOGE?t=35,I Wanna Escape the Monochrome World,Boss,Jun Ishikawa,,,
https://youtu.be/FKRAXZyn5Ds,I Wanna be the Dapper Dan,Menu,Hirokazu Ando; Jun Ishikawa,,,
https://youtu.be/4piWAv1m0mg?t=18,I Wanna One For All,Last Dance,Danny Baranowsky,,,
https://youtu.be/BPwZaQfoIbU,I Wanna Kill Originality,Rebel Yell,Billy Idol,,,
https://youtu.be/ShdX3tkflFE?t=68,I Wanna be the Memory Temple,Native Belle,Animal Collective,,,
https://youtu.be/SZ2lN3ac6WQ?t=67,I Wanna Summer Feast!!,The Black Case,KillerBlood,,,
https://youtu.be/VACYpG9PqsA?t=20,うわっ！しまった！！アイワナだっ！,月影,UgokuBall,,,
https://youtu.be/BqRh8Uty8nA?t=104,I wanna use the source without Biogom's permission,Tick Tock,Simon Viklund,,,
https://youtu.be/yWT_ElrEYos?t=60,I Wanna be the Needle Hell,Umbrella,Tiara,,,
https://youtu.be/Shpg6FuIXuc,I Wanna Challenge the Tower,Big Boss Battle,Jun Ishikawa,,,
https://www.youtube.com/watch?v=67MPxnPHBNk,I Wanna Challenge the Tower;ChatGPT Needle,Sand Canyon 1,Jun Ishikawa,,,
https://youtu.be/v_36f9JS8A8?t=57,I wanna try a Collab 2,Gekkou Ranbu -GRV-,P*Light,,,
https://youtu.be/mAGMnmKDAHs?t=80,I Wanna Requiem,Lachryma《Re:Queen’M》,かねこちはる,,,
https://youtu.be/qQSyFa2Dp1M?t=201,2010 Needle Hole,onion edge,derpippo,,,
https://youtu.be/RbkJxL1CVe8?t=102,Jingle Jam,Christmas Planet,VociferousMusic,,,
https://youtu.be/grdy6rLbQ-c?t=192,I Wanna be the Dop,Dear Doppelganger,KEMU VOXX,,,
https://youtu.be/Rv_pOmCehvE?t=138,I Wanna be the I Wanna Star 4,Brown Wind,M2U,,,
https://youtu.be/my82UjjENcE?t=93,I Wanna be the Co-op,The Grand Finale,Yoko Shimomura,,,
https://youtu.be/_Vcir9ZcD4c?t=361,I Wanna Kill the 2sweepor,Stadium Rave A,Mark Governor,,,
https://youtu.be/mBVEIvZGfRY,I Wanna Colorize the 4 Stones,戦闘曲02c,Maoudamashii,,,
https://youtu.be/EGeoG0KQa68?t=34,I wanna be THE iDOLM@STER,Mappy - Main Theme,Nobuyuki Ohnogi,,,
https://youtu.be/3H0Jh-CJJTg?t=29,I Wanna be the Twilight Tree,Linne's Theme,Raito,,,
https://youtu.be/ow6Q0zRa4Xw?t=10,I wanna VANILLA,バニラ求人テーマソング,高収入求人バニラ,,,
https://youtu.be/Fx0ZLickoB0?t=181,I Wanna Solve the Mystery,Climax Reasoning,Masafumi Takada,,,
https://youtu.be/Fg_V-Z2RV2E?t=44,I Wanna be the Battlegrounds,Pump It,Getty,,,
https://youtu.be/c7lKfrCyucI?t=52,I Wanna be the Battlegrounds,Antigravity,t+pazolite,,,
https://youtu.be/iMPC_Mci17c?t=33,I Wanna be the Battlegrounds,GaLaXyEggPlanT,sasakure.UK,,,
https://youtu.be/h2dJ-JUzhVs?t=84,Chemical Toilet,No Cock Like Horse Cock,Pepper Coyote,,,
https://youtu.be/ItxWMuW3jQg?t=70,I Wanna RLB;I Wanna be Wacky,Blooming Villain,Shoji Meguro,,,
https://youtu.be/sNa1gJU3010,I Wanna be the Battlegrounds,Shark puppet Area 51,Shark Puppet,,,
https://youtu.be/397IqFq8VAA?t=61,I Wanna be the Battlegrounds,Hanbunko Hanabi (Tomo's Fantazm remix),Yunomi ft. Happy kurukuru,,,
https://youtu.be/7gwO8-oqwFw?t=15,I wanna be the Fuckerball;Boss of Fuckerball,In The Shadows [Crow Version],The Rasmus,,,
https://www.youtube.com/watch?v=h70aqe6oIik,I Wanna Be the FE,Have a Short Rest,Shoji Meguro,,,
https://youtu.be/NNiTxUEnmKI?t=12,I wanna be the Fuckerball,The Final Countdown,Europe,,,
https://youtu.be/tAGnKpE4NCI?t=75,I wanna be the Fuckerball,Nothing Else Matters,Metallica,,,
https://youtu.be/U06jlgpMtQs?t=5,I wanna be the Fuckerball,National Anthem of USSR,The Red Army Choir,,,
https://youtu.be/l0q7MLPo-u8?t=1,I wanna be the Fuckerball,The Sounds of Silence,Simon and Garfunkel,,,
https://youtu.be/JkK8g6FMEXE?t=71,I wanna be the Fuckerball,I Don't Want To Miss A Thing,Aerosmith,,,
https://www.youtube.com/watch?v=2z2vAJb1WwA,I Wanna be the Crematorio,King Dedede (Beta),Hirokazu Ando;Jun Ishikawa,,,
https://youtu.be/bif5xgLR8Gk?t=127,I Wanna Act Like a Masochist Remake,Nostalgic Blood of the East ~ Old World,ZUN,,,
https://youtu.be/jcYzZjIpSek?t=95,I wanna be the Agent,The Poem for Everyone's Souls,Shoji Meguro,,,
https://youtu.be/CGvIzFRcRMA?t=29,I wanna make the Novelty,Luv Letter,DJ Okawari,,,
https://youtu.be/IRD7WylAfkw?t=59,I Wanna Make the Barrage;I Wanna be the Vandal,The Final Blow,aKu,,,
https://youtu.be/Zq7JIUn3Hqk?t=36,I wanna be the Crimson Needle;I Wanna Kill the 3sweepor,Daggmask,Dreamnation,,,
https://www.youtube.com/watch?v=v8Suc3hA0QQ,I Wanna Get Thug Life,Taking Care of the Horses,Ganbare Goemon,,,
https://www.youtube.com/watch?v=ot97c3uQhL0,Jason Enjoys the Witch's Dangerous Dandies,Azure Jeer,Luck Ganriki,,,
https://www.youtube.com/watch?v=er9ao_P-UMY,I Wanna Augment the Loon's Noodle,Dark Cloud 1 & 2 ~ Main Theme,Plasma3Music,,,
https://www.youtube.com/watch?v=lgbcd0DA438,I Wanna be the Vandal,White Shadow,dai,,,
https://www.youtube.com/watch?v=OufsoTd5Y1Q,I Wanna be the Vandal,Mado to Hikari,Wonderful Everyday,,,
https://www.youtube.com/watch?v=d7GvSBh_q2I,Irkara Needle,A Maiden's Illusionary Funeral ~ Necro-Fantasy,Lime Green,,,
https://youtu.be/ozCTXzoyUZA?t=79,I wanna see the Moon,Staff Roll,Arata Iiyoshi;Atsuhiro Ishizuna,,,
https://youtu.be/hHTQ0WzkJps?t=71,Phonotransmitter,White Dream Cocoon,Akiko Shikata,,,
https://youtu.be/3IjabLHohNY?t=166,Phonotransmitter,The Hill Overlooking Bayside City,Nusantara,,,
https://youtu.be/EinnfBbjN0Q?t=52,I wanna see the Moon,Prison Planet Thantos,Yasunori Mitsuda,,,
https://youtu.be/Kd5jjnKBZNU?t=46,I wanna see the Moon,Blizzard Island,Arata Iiyoshi;Atsuhiro Ishizuna,,,
https://youtu.be/ulAUaXBJ8es?t=98,Designer L's Wacky Randventure!,Sol Soberstein,OcularNebula,,,
https://youtu.be/WdxyKWA6ycQ?t=75,I Wanna Appreciate the Wolf's Enthusiasm,Terra,Nobuo Uematsu,,,
https://www.youtube.com/watch?v=mIgN91311-4,I Wanna be the Platinum,Here We Go!,Dance Dance Revolution Mario Mix,,,
https://youtu.be/G-98RTbbPpE?t=57,I wanna be the Name,Pure Ruby,Shiki,,,
https://youtu.be/qlgI6OFhyIE?t=6,I wanna celebrate 100,Dog Police,Hatsune Miku,,,
https://youtu.be/5t53TcKIlMc,I Wanna be the RWJ,Doin' Your Mom,FAtty SPiNS,,,
https://youtu.be/5K7Frc2lTI8,I Wanna be the RWJ,Rainbow Tylenol,Kitsune^2,,,
https://youtu.be/HL4M1viB3jE?t=250,Designer L's Wacky Randventure!,MyonMyonMyonMyonMyonMyon!,ShibayanRecords,,,
https://youtu.be/Cv4H3kpPxw8?t=11,I Wanna Defeat the Discord Makers JP Side,昼下がりのボサノバ神社,Emocute,,,
https://youtu.be/XamFFxHCEqk?t=150,I Wanna Defeat the Discord Makers JP Side;I Wanna Play the Needle Game,Wheelchair's Future in Space,Rin,,,
https://www.youtube.com/watch?v=NxSc5LZK2ok,I wanna be the Destination,Kamikaze Remix,Ayako Saso,,,
https://www.youtube.com/watch?v=rgnWDZi9UOs,I Wanna Challenge 100 Trials!!;I Wanna be the Salt,Looming Darkness,Hirokazu Ando; Jun Ishikawa,,,
https://www.youtube.com/watch?v=dtMLKKQof5M,I wanna be the Crimson Needle;Crimson Needle 3;I Wanna Kill the Nogard,Tjeckien; Slovakien och Tillbaks Igen,Slagsmålsklubben,,,
https://youtu.be/tgIk2p2UJjs?t=240,I Wanna Potato 2,Sponsored by Destiny,Slagsmålsklubben,,,
https://www.youtube.com/watch?v=PzqATcDPISU,I wanna be the Justice,Kuru Kuru Kururin ~ Cave (MIDI),hgr128,,,
https://www.youtube.com/watch?v=DhnBarpYkEk,Crimson Needle 2,Elision (Instrumental),Charlie Dorey,,,
https://www.youtube.com/watch?v=NnVQXw7bp5M,Crimson Needle 2;I Wanna Kill the 2sweepor,Macro,tiasu,,,
https://www.youtube.com/watch?v=68IIYe1kpMA,Crimson Needle 2,Wellington Sears,Slagsmålsklubben,,,
https://www.youtube.com/watch?v=2e1mP8r4nWg,I Wanna be the IF;I Wanna Be The IF2,瞬間ドリップ♪秘蜜のケーキセット,Soyomogi,,,
https://youtu.be/mqlDc-U8zpM?t=20,I Wanna Be The IF2,Mach Rider,Hirokazu Ando,,,
https://www.youtube.com/watch?v=967J_1cQqok,I Wanna Be The IF2,Come On; Let's Travel!,Noriyuki Iwadare,,,
https://youtu.be/wob2WmQWL_A?t=14,I Wanna Be The IF2,Foster's Home For Imaginary Friends Theme,8 Bit Universe,,,
https://www.youtube.com/watch?v=u8TrtzRp4N0,I Wanna Be The IF2,Beach Bowl Galaxy,Mahito Yokota,,,
https://www.youtube.com/watch?v=wZmyMEPmiqw,I Wanna be the Weegee;I Wanna Get Cultured 2;I wanna be the Justice Guy,Industrial Hysteria,Vincent Rubinetti,,,
https://youtu.be/3F4X0DCKZlk?t=41,I wanna be the Innovator,02 Battle,Jun Ishikawa,,,
https://youtu.be/prllzQVFTfo?t=150,I wanna be the Innovator,imaginative journey,lumo,,,
https://www.youtube.com/watch?v=5x9GkbqfYTA,I wanna be the Innovator,アコースティック40,Maoudamashii,,,
https://www.youtube.com/watch?v=cPq-a39c8rM,I wanna make the Novelty,Chaos Temple,Nobuo Uematsu,,,
https://www.youtube.com/watch?v=SimTGe2xYno,I Wanna Break the Series Z 2;I Wanna Kill the Needle Games 2;I Wanna Vertigo,Vertigo,Manabu Namiki,,,
https://www.youtube.com/watch?v=B88mv0dhYwc,I Wanna Stop the Meltdown;I Wanna Kill the Blue Mage 2,Emergency,Pegboard Nerds,,,
https://www.youtube.com/watch?v=0U85O-xfCqA,I Wanna Kill the Blue Mage 2,The Schizophrenic Tower,Andy Tunstall,,,
https://www.youtube.com/watch?v=I10uxTHryVc,I Wanna Belong to DDLC,Doki Doki Forever,OR3O,,,
https://youtu.be/rgcmwAN90ng?t=218,I wanna be the Ocean Princess,Butterfly Effect,fox capture plan,,,
https://www.youtube.com/watch?v=46RC8TTOnOg,I wanna make the Novelty 2,Everlasting,Wonder World,,,
https://youtu.be/UwbUrCcQ17E?t=60,I wanna be the Clarence,Theme of Mitsuha,Radwimps,,,
https://youtu.be/27mB8verLK8?t=59,I Wanna See the Jonny;I Wanna Kill the 3sweepor,He's a Pirate,Klaus Badelt,,,
https://youtu.be/U1MvVKiIpes?t=72,I Wanna Kill the 3sweepor,Magicrash Ice,まゆむし;SHAKABOOZ;FUNKY鬚HANK,,,
https://youtu.be/F0n6lZuv558?t=70,I Wanna Kill the 3sweepor,Potential for Anything ,Magnus Pålsson,,,
https://www.youtube.com/watch?v=cL93jZ6D-S0,I Wanna be the Zorman;I Wanna Kill the 3sweepor,Gotta Go Fast,Norman J. Grossfeld;Russell Velázquez,,,
https://youtu.be/Hwb2fzut8kE?t=1,I Wanna Kill the 3sweepor,Megalith -Agnus Dei- | METAL REMIX,Keiki Kobayashi,,,
https://www.youtube.com/watch?v=aB77wvdQrTI,I Wanna Maker;I Wanna Kill the 3sweepor,Beach Party,Kevin MacLeod,,,
https://youtu.be/QIjKijhv1OU?t=11,I Wanna Kill the 3sweepor,SLAV KING,Boris;DJ Blyatman,,,
https://youtu.be/GM-SlyO3PLY,I Wanna be the Flash;I Wanna Kill the 3sweepor,Miko Miko Nurse,Kashiwagi Ruzarin,,,
https://youtu.be/aiLPVF0ibGE?t=101,I Wanna Kill the 3sweepor,La Resaka (Remix),Supermerk2,,,
https://youtu.be/RYtVf0wvPpc,I Wanna Elecspike;I Wanna Kill the 3sweepor,Le Perv,Carpenter Brut,,,
https://www.youtube.com/watch?v=EXqD861UEbc,I Wanna Kill the 3sweepor,My Playstation Network Username Eric_Abramov,Eric Abramov,,,
https://youtu.be/0CoquoRVjI0?t=104,I Wanna Kill the 3sweepor;I Wanna be the Last TIS,Tenshi (True Final Boss),Manabu Namiki,,,
https://youtu.be/RCZjZLTURRE?t=17,I Wanna Kill the 3sweepor,Volcanic Caverns,3R2;Triodust,,,
https://youtu.be/8Q92f5B1Yjc?t=96,I Wanna Kill the 3sweepor,Happy Maria! BAND ARRANGE,Luck-Ganriki,,,
https://youtu.be/wyoNnMO3zFk?t=111,I Wanna Kill the 3sweepor,Super Mario Bros Meets Metal,Kōji Kondō,,,
https://youtu.be/22qqs9jucn8?t=57,I Wanna Kill the 3sweepor;I Wanna Get Cultured 2,Hollow Light of the Sealed Land,Hayato Sonoda;Yukihiro Jindo,,,
https://youtu.be/VIQmK_dR3q0?t=1,I Wanna Kill the 3sweepor,凡庸VS茫洋,ミドリ,,,
https://youtu.be/msDoqfwgJ80?t=38,I Wanna Kill the 3sweepor,Like the Gale,Kitaouji Mizuki,,,
https://youtu.be/HgOs-J9Pytc,I Wanna Kill the 3sweepor,Discussion -HEAT UP-,Masafumi Takada,,,
https://youtu.be/u6ZSdEQGVYc,I Wanna Kill the 3sweepor,Battle! (Team Plasma) (Alpha Mix),Junichi Masuda,,,
https://youtu.be/6y1BgmqegEw,I Wanna Kill the 3sweepor,Battle! (Gym Leader—Kanto Version),Junichi Masuda,,,
https://youtu.be/4A5X7tBRqSs,I Wanna Kill the 3sweepor,Excessive Funeral,Igorrr,,,
https://youtu.be/QfXng_kD9ZA?t=31,I Wanna Kill the 3sweepor,Rawest Forest,Christopher Niosi,,,
https://youtu.be/yjHNNKbbSe8?t=68,I Wanna Kill the 3sweepor,Ikoroshia (Chungus version),Masafunni Takada,,,
https://youtu.be/QH2eXjXLLVM?t=25,I Wanna Kill the 3sweepor,Flanfly's Theme,TheDoogieHowser,,,
https://youtu.be/dqX6d7fPmzY?t=36,I Wanna Kill the 3sweepor,Minecraft con Gadget ft. Pitbull,El Chombo;Usher;Pitbull,,,
https://youtu.be/TXbgs8PPPjw?t=32,I Wanna Kill the 3sweepor;renex engine,Burn Yourself,Manabu Namiki;Ayako Saso ,,,
https://youtu.be/1pWbt50HjMs?t=125,I Wanna Kill the 3sweepor,Greetings,Pilotredsun,,,
https://youtu.be/bY3OAs1CSzY?t=92,I Wanna Kill the 3sweepor,Bottomless Pit,Death Grips,,,
https://youtu.be/j9V78UbdzWI?t=31,I Wanna Kill the 3sweepor,Coffin Dance/Astronomia,Vicetone;Tony Igy,,,
https://youtu.be/ePnW-fmyJH4?t=19,I Wanna Kill the 3sweepor;I Wanna be the Angewel,SHABADOOBIE TOUCH HENSHIN,Nakagawa Kotaro,,,
https://youtu.be/al-pmdV8d-0?t=69,I Wanna Kill the 3sweepor,Thanos Beatbox,verbalase,,,
https://youtu.be/zxTnuwoTVDI?t=5,I wanna be the LUIGI!;I Wanna Kill the 3sweepor,ケイブラブ Yeezus Edit (ft. Badboimasta951),COOL&CREATE ,,,
https://youtu.be/NeMKfNPYZ2s?t=92,I Wanna be the Black;I Wanna Kill The Kamilia 3,ケイブラブ,COOL&CREATE ,,,
https://www.youtube.com/watch?v=Vxky2bBvmZo,I Wanna Kill the 3sweepor,ぺこらっぷ とろぴかるはうすリミックス,REDALiCE,,,
https://www.youtube.com/watch?v=vfJMR3u8FlA,I Wanna Kill the 3sweepor,Battle Theme,Last Armageddon,,,
https://www.youtube.com/watch?v=MNpBnOnhn5M,I Wanna Kill the 3sweepor,Playing with Firepower,SiIvaGunner,,,
https://youtu.be/p5kc8hJ3GcA?t=3,I Wanna be the Aura,Hikaru Nara,Goose House,,,
https://youtu.be/OBxKWj_Kq3E?t=113,I Wanna Get Cultured 2,Supernova,Awake,,,
https://youtu.be/yoJtNLTZMgY?t=120,I Wanna Get Cultured 2,digital monsters,Yuki Kajiura,,,
https://youtu.be/-UwKtCVh6vk?t=333,Crimson Needle 3,I See Giants,Solar Fields,,,
https://www.youtube.com/watch?v=xlfcN93NS2Q,I Wanna Walk Out in the Morning Dew,Morning Dew,Grateful Dead,,,
https://youtu.be/fPGmWC6oQKU?t=152,I Wanna Walk Out in the Morning Dew,The Breeze and I,Ryo Kawasaki,,,
https://youtu.be/8eiVGd5FoUQ?t=109,I Wanna Walk Out in the Morning Dew;Not Another Needle Contest 2,TV River,Osamu Sato,,,
https://youtu.be/SDNA934EEVk?t=249,I Wanna Walk Out in the Morning Dew,A Walk,Tycho,,,
www.youtube.com/watch?v=Z6dsg0UVcXk&t=206s,I Wanna Walk Out in the Morning Dew,Dutch Flowerz,Skream,,,
https://youtu.be/OmybOUP_tLY?t=140,I Wanna Walk Out in the Morning Dew,My Only Swerving,El Ten Eleven,,,
https://youtu.be/Df8P7S7rUIQ?t=208,I Wanna Walk Out in the Morning Dew,Marriage,Gold Panda,,,
https://youtu.be/DKVB_CtU8XQ?t=168,I Wanna Walk Out in the Morning Dew,Pressure Drop,Toots and the Maytals,,,
https://youtu.be/d1Z68Y0mAaI?t=62,I wanna Classic,Get Wild,TM NETWORK,,,
https://youtu.be/dgyXT9sJ984?t=39,Crimson Needle 3;I Wanna Walk Out in the Morning Dew,Outran,Secede,,,
https://youtu.be/9BZXcyfgNY8?t=76,I Wanna Walk Out in the Morning Dew,My God is the Sun,Queens of the Stone Age,,,
https://www.youtube.com/watch?v=8m8kv0GpodU&t=35,I Wanna Delete The Huge Bug,RPG,mozell,,,
https://www.youtube.com/watch?v=BMxmc0DItg8&t=75,I Wanna Delete The Huge Bug,バトルオブマオ,mozell,,,
https://youtu.be/Ec4YbVP9R-A,I Wanna RLB,Last Surprise,Shoji Meguro; Lyn Inaizumi,,,
https://youtu.be/Nx9uzbckZT0?t=21,I Wanna RLB,Important,Bummerman222,,,
https://youtu.be/Ft3YcspdlH8?t=134,I Wanna be the Neon 3,One Last Time,Feint,,,
https://youtu.be/Fs7s1gmpPEY?t=16,I Wanna Leave This Hell,Mama,My Chemical Romance,,,
https://youtu.be/wB8Oa_j1Tzg?t=181,I Wanna Defeat the Nader Makers: Chill Side;Chill Needle 2,Sentient,KOAN Sound,,,
https://youtu.be/jXy6YCpJnQM?t=197,Chill Needle 2,Babaroque,cYsmix,,,
https://youtu.be/SdF6b8dIh4g?t=174,I Wanna be the PSG,CHOCOLAT,TCY Force feat. Mariya Ise,,,
https://youtu.be/-56x7std2pU?t=175,I Wanna be the PSG,Fly Away,TeddyLoid,,,
https://youtu.be/E-yBx3qsymY?t=146,I Wanna Avoid the Anxious,Sunset Love Suicide,Machigerita-P,,,
https://www.youtube.com/watch?v=-2WfYYBuBgs,I Wanna Walk Out in the Morning Dew,Hawaiian Caravan,Ryu Kawasaki,,,
https://youtu.be/87XmRW3mTDo?t=42,I wanna try a Collab 2,Fight For It,Peter Hajba,,,
https://youtu.be/U6r2vJJYX6U?t=68,I wanna try a Collab 2,Fire!,foxcell21,,,
https://youtu.be/BDMkTLdXDdc?t=131,I Wanna Kill Originality,Focus,tiasu,,,
https://youtu.be/Eh1UNQAD4xE?t=48,Milky Ways+,The Great Detective Knows,dai,,,
https://youtu.be/jljKZhVWj4k?t=292,I Wanna be the Angel,Image -MATERIAL-,Tatsh,,,
https://www.youtube.com/watch?v=gQqmyKewnHg,Not Another Magic Tower Game,How Strange! ,Toshiki Aida;Ryosuke Asami,,,
https://youtu.be/SQXGF0-QHqI?t=213,I Wanna QoQoQo 300,Interstellar Main Theme (Abandoned Remix),Hans Zimmer,,,
https://youtu.be/EbmJrJPsiR0?t=234,I Wanna QoQoQo 300,Supernova Explosion,Yakuro,,,
https://youtu.be/-kN5pVjnmLw?t=70,I wanna try a Collab 2,Stigma,Noisia,,,
https://youtu.be/n_xNTvN03TU?t=87,I Wanna Walk Out in the Morning Dew;I Wanna Go Places,SHININ',Mondo Grosso,,,
https://youtu.be/35C7ctqY89U?t=119,GunDude Game,Halloween Theme 2007,Tyler Bates,,,
https://youtu.be/VKIMvNF1T9M?t=152,Crimson Needle 3,Metronome,Michita,,,
https://youtu.be/iTMzZDhu7Ag?t=80,Crimson Needle 3,Now You See Me,Emeralds,,,
https://youtu.be/jS1Ii77n8iA?t=153,Crimson Needle 3,Ultimate Care II Excerpt Nine,Matmos,,,
https://youtu.be/7VNdJNP01VA?t=92,Crimson Needle 3,Black Rain,The Mattson 2,,,
https://youtu.be/bM-Stt5Yq6o?t=137,I wanna climb the Witch's Tower,liberated liberator,zts,,,
https://youtu.be/Ed2VUq9cu1I?t=271,I Wanna Have ABSOLUTE PITCH,Ear Training and Sight Singing: The Superpower you get from Music School,Sideways,,,
https://youtu.be/fXl4WsFfI4Q?t=157,I Wanna be the Co-op,Wormsong '98 (original mix),Bjorn Lynne,,,
https://www.youtube.com/watch?v=vp7KYDVTwuw,Boshy Remastered,Nyan Cat but every Nyan is the Roblox Death Sound,Grandayy,,,
https://www.youtube.com/watch?v=9yfLRResgJE,Boshy Remastered;I wanna Save the Ship,The Hymn of a Thousand Gods (feat. Scatman John),Wolfiexe;Stonk,,,
https://youtu.be/ct7Y0J_nxZY?t=58,Boshy Remastered,cheetahg man,MedamaNoOyaji;Pieceofcheese,,,
https://youtu.be/g2e3xzf7a7I?t=57,Boshy Remastered,World 4 Boss,Animal Collective;egg,,,
https://www.youtube.com/watch?v=YtbG1KCP90o,Boshy Remastered,Shampoo Drinking Rave Party,Chatran,,,
https://youtu.be/dsFoGM3WGPI?t=15,Boshy Remastered,world 7 - ducktales the himalayas,Yasufumi Fukuda;Wolfiexe,,,
https://youtu.be/Vkq-3JMjxDQ?t=180,Boshy Remastered,metal mans (Remix),Badboimasta951,,,
https://www.youtube.com/watch?v=5JnR3FL5er4,Boshy Remastered,battle against ganondor,Jack Levy;Pieceofcheese,,,
https://www.youtube.com/watch?v=IBRwOYfzESs,Boshy Remastered,dessert,Pieceofcheese,,,
https://youtu.be/v94VCHaNrBY?t=124,Boshy Remastered,Final Boss,Chatran,,,
https://youtu.be/AbXGoCcU6-I?t=24,I Wanna be the Pendulum,Monolith Garden,X-END,,,
https://www.youtube.com/watch?v=4TG2grKiNM8,I Wanna be the Pendulum,M@gical Medley Memorial,Ryokucha,,,
https://www.youtube.com/watch?v=PaODhYJPnd8,I Wanna Walk the Ceiling 2;I Wanna Get Cultured 2,Specter's Base 3,Soichi Terada,,,
https://youtu.be/ZOGnFXT4tWg?t=23,I Wanna be the Strong Luna,Kaguya Luna After Drinking Strong Zero,t+pazolite,,,
https://youtu.be/QIT2yWRuprY?t=50,I Wanna Appreciate Meteor Stream;I Wanna be the Pendulum;I Wanna be the RP;I Wanna be the Emperor,Garden of the Gods,Yasunori Mitsuda,,,
https://www.youtube.com/watch?v=48b2Hwqqqyw,I Wanna be the Pendulum,Sunstroke,Trentemøller,,,
https://youtu.be/nf4JLGnlUOc?t=55,I Wanna Decimate the Purple Taisa 2,Tree of Life,Yoshikawa-45,,,
https://youtu.be/A6cSbof7Pik?t=46,I Wanna Decimate the Purple Taisa 2,Battle B2,Ryota Kozuka,,,
https://youtu.be/JO4wtRqQ_MU?t=54,I Wanna Decimate the Purple Taisa 2,Hope ~LG Ver.~,Luck Ganriki,,,
https://youtu.be/Bk_z96dHSPw,I Wanna Save My Boy,Fnaf 2 Ambience,SPRING Music,,,
https://youtu.be/899kstdMUoQ?t=59,I Wanna Save My Boy,Specialist,Atsushi Kitajoh,,,
https://youtu.be/3ko-0jUzF4U?t=32,I Wanna Save My Boy,When the Moon's Reaching Out Stars,Shoji Meguro,,,
https://youtu.be/vjYsA_wTlg0?t=170,I Wanna Save My Boy,Haku,DJ Whitesmith,,,
https://youtu.be/ShOqUdlF2c8?t=30,I Wanna Save My Boy,Impossible Ascent (Past),Rainbowdragoneyes,,,
https://youtu.be/L-MVk5I6wjo?t=48,I Wanna Save My Boy,Turing Love,Nanawo Akari feat. Sou,,,
https://youtu.be/p47fEXGabaY?t=53,I Wanna be the Pendulum,Livin' La Vida Loca,Ricky Martin,,,
https://youtu.be/vhSHXGM7kgE?t=130,I wanna be the 圧迫面接,Hello Zepp,Charlie Clouser,,,
https://youtu.be/kVFfOUkia8c?t=101,I Wanna be the Poronkusema,Freesia,Uru,,,
https://youtu.be/EC1iEELMsrY?t=76,Alphazetica,Casio Triangle,naotyu-,,,
https://youtu.be/cjGCZNvN-Xo?t=145,Alphazetica,Everything About You is Special,Venetian Snares,,,
https://youtu.be/ERn7HLv0TiU?t=86,Alphazetica,Over the Infinite Helix,ACE,,,
https://youtu.be/sSPSdpExfnk?t=297,Alphazetica,Twinkle Twinkle,Kettel,,,
https://youtu.be/CUYboWbVe0A?t=170,Alphazetica,Two Thousand and Seventeen,Four Tet,,,
https://youtu.be/HUH4YnLTBuQ?t=99,Alphazetica,Happiness of Marionette,dai,,,
https://youtu.be/ryI9EssGx2I?t=30,Not Another Needle Contest,Butterfly Kiss,Shoji Meguro,,,
https://www.youtube.com/watch?v=gPPKHt6hFCA,I Wanna Kill Stink Terios,Stick Bug song,Onett,,,
https://youtu.be/iNhFQWvF1TE?t=42,Crimson Needle 2,Picture You,The Amazing,,,
https://www.youtube.com/watch?v=IFqiVBRE6Xg,I wanna be the Hamster!,Plan 8,Ryu☆,,,
https://www.youtube.com/watch?v=kPRA0W1kECg,I Want;I Wanna be the GBC,15 Sorting Algorithms in 6 Minutes,Timo Bingmann,,,
https://www.youtube.com/watch?v=trjYvSQyD2s,I Wanna be GENKI with You,Encounter,Wingless Seraph,,,
https://youtu.be/vH8-7b7cE0g?t=78,I Wanna Rise the Sun,dead angle,pre-holder,,,
https://youtu.be/3xEnm14MHqw?t=171,I Wanna be the Neon 2,The Boundless Sea,Blackhole,,,
https://youtu.be/qYVCqsuyLzk?t=41,I Wanna be the King!,The Angry Video Game Nerd Theme Song,KyleJustinMusic,,,
https://youtu.be/tMUtHBdfqYs?t=44,I wanna Mornin!!,モーニングレスきゅ～っと・モーニングレスキュっと,???,,,
https://youtu.be/DR1N1cdeVxw,I wanna be the Music,Kumikyoku Nico Nico Douga,Shimo,,,
https://youtu.be/1lMsnj4AT78?t=104,I wanna be the Revolution!!,Rodeo Machine,Halfby,,,
https://youtu.be/xwQvEyBs8fA,I wanna be the Sublime,Alex Kidd in Miracle World - Main Theme,Tokuhiko Uwabo,,,
https://youtu.be/lnwv5Np6lfo?t=2,I wanna be the Shiny spark!!,さくらんぼ（スタジオライブver.）,大塚 愛,,,
https://youtu.be/B-A2eYlbrwQ?t=107,I wanna be the Monte Bianco,弱虫モンブラン,DECO*27 feat. GUMI,,,
https://youtu.be/MIRaN7T8G38?t=66,I Wanna Go Across the Rainbow,Rainbow-colored Bear ,Megumi Nakajima,,,
https://youtu.be/hLDPALQRby4?t=42,divisive game,Luna,The Smashing Pumpkins,,,
https://youtu.be/1UAkQP8tytM?t=110,I wanna be the rainbow MIKU,桜ノ雨,halyosy feat. 初音ミク,,,
https://youtu.be/fjTkJOhzvCs,Crimson Needle 3,Prayer Changes,R. Kelly,,,
https://youtu.be/1SlWulTqMVI?t=33,I wanna get Rekt,Break Away,The Queenstons,,,
https://youtu.be/sIx8rJxfarI?t=5,I wanna get Rekt,Won't Stop Just Go!,Jun Senoue,,,
https://www.youtube.com/watch?v=TERznTfWtLI,I wanna get Rekt,Vietnam,Kozilek,,,
https://youtu.be/opFubKXnnI8?t=54,I wanna get Rekt,Second Try (Jonatan F remix),Primary Disease,,,
https://youtu.be/MnqGkf4DhVI?t=56,I wanna get Rekt,Insane,DJ Zorneus,,,
https://youtu.be/jzy2dgEUOhY?t=2,I wanna get Rekt,Infinity (Klass Vocal Mix),Guru Josh Project,,,
https://youtu.be/QYbG1AMSdiY?t=9,I wanna get Rekt,deltaMAX,DM Ashura,,,
https://www.youtube.com/watch?v=GGfIA903SqI,I wanna get Rekt,Star City,David Wise,,,
https://youtu.be/YMq8oUD9pLY?t=22,I wanna get Rekt,Pearlescent,EnV,,,
https://youtu.be/BwBK2xkjaSU?t=16,I wanna get Rekt,My Slam Will Jam On,EvilGenki,,,
https://youtu.be/Y1Z3Q3O7IRE?t=97,I wanna get Rekt,Hope,Tobu,,,
https://www.youtube.com/watch?v=0oM5FFXpT0k,I wanna get Rekt,Gradius Medley,Sota Fujimori ,,,
https://www.youtube.com/watch?v=0-JzU2W-9bg,I wanna get Rekt,Wok,June Chikuma,,,
https://youtu.be/BZkmKtfHrgg?t=55,I wanna get Rekt,Galactic,Rameses B,,,
https://www.youtube.com/watch?v=M6a2fMRwhhA,I wanna get Rekt,Kaleidoscope,Logistics,,,
https://www.youtube.com/watch?v=75L7kn27OHE,I Wanna Kill The Weston Douglas Jones;I wanna get Rekt,imdabes (epic nightcore remix),gmcfosho,,,
https://youtu.be/VGvHnDeS12o?t=57,I Wanna Kill the Kermit 3,Ways to Go,Grouplove,,,
https://www.youtube.com/watch?v=iGYTM65SHCA,Jingle Jam,Little Saint Nick,The Beach Boys,,,
https://youtu.be/ObJc7JQt-SM?t=66,I Wanna be the Hereditary Baldness 2,Take It In,Hot Chip,,,
https://youtu.be/JqowmHgxVJQ?t=28,I Wanna be the Hereditary Baldness 2,The Big Rock Candy Mountain,Harry 'Haywire' McClintock,,,
https://youtu.be/JfxNE4I9YYw?t=3,I Wanna be the Hereditary Baldness 2;I Wanna Freezemind,Don't Go Bald (Zorbs Are So Nice),The Oblong Boys,,,
https://youtu.be/MybgjXZzfa0,I Wanna be the Hereditary Baldness 2,Hyper Lenny,Zom Zoms,,,
https://www.youtube.com/watch?v=n0P1JsMTWc0,I Wanna be the Hereditary Baldness 2,Music is Math,Boards of Canada,,,
https://youtu.be/5raTOTZcVfI?t=29,I Wanna be the Hereditary Baldness 2,Blast Pit 2 (Mesa remix),Joel Nielsen,,,
https://youtu.be/R5l3x8tNP1g?t=92,I Wanna be the Shrine Maiden 2,魔理沙は大変なものを盗んでいきました - Drive nails into her!,IOSYS,,,
https://youtu.be/nAlwh48EgRU,I wanna go the Trap Way 3,Border of extacy,IOSYS,,,
https://youtu.be/vdVnnMOTe3Q,I wanna go the Trap Way 3,Rats Birthday Mixtape,Jerma985,,,
https://www.youtube.com/watch?v=fixc63xMXeY,Jingle Jam;I Wanna Collect the Pixels;Chungo's Gauntlet,Plok - Boss Theme,Tim Follin & Geoff Follin,,,
https://youtu.be/XZRLWGjNlnw,I wanna be the rainbow MIKU,Kick Up The Ground !!,Hatsune Miku,,,
https://youtu.be/hAYKSCBWZkI?t=55,I wanna be the rainbow MIKU,蕾桜 -ツボミザクラ-,Hatsune Miku,,,
https://youtu.be/jwrARjyPvdI?t=25,I wanna be the rainbow MIKU,Miku Miku ni shite ageru♪,Hatsune Miku,,,
https://youtu.be/VvgegcgtI9Q?t=15,I wanna be the rainbow MIKU,My World,くちばしP;Hatsune Miku,,,
https://youtu.be/vSnKX7kAgIc?t=64,I wanna be the rainbow MIKU,magnet,minato;Hatsune Miku;Megurine Luka,,,
https://www.youtube.com/watch?v=GU1o2blfeO0,I wanna go the Trap Way 3;I Want,NFL Theme,John Madden,,,
https://youtu.be/DLZlDfjcr7Q?t=104,レベルＴ,TIME TO COUNT DOWN,TM NETWORK,,,
https://www.youtube.com/watch?v=1zIEVZkJVC0,I wanna call me it,Worthless,Ocelot,,,
https://youtu.be/M7xvOaK8pQE?t=40,Revolving Lantern,Iaru Fanclub,Giga-P,,,
https://www.youtube.com/watch?v=hb8-W8cb0yo,I wanna cruise the 6 islands,Ocean Credit Roll,Harumi Fujita;Yoshihiro Sakaguchi,,,
https://www.youtube.com/watch?v=wJdCpnRKZl8,I Wanna be the MMM,Burning Halloween Town,Manabu Namiki,,,
https://www.youtube.com/watch?v=7vGWgk8KZ40,Not Another Needle Contest 2,Reception Desk,Tsukasa Tawada,,,
https://youtu.be/WuWA-h2PHnk,Not Another Needle Contest 2;I Wanna Burnmind,Can You Feel,Torchkas,,,
https://youtu.be/J5cgX1Pxx-U,Not Another Needle Contest 2,Deep Forest,Soshi Hosoi,,,
https://youtu.be/yL7qJsx9010?t=44,Not Another Needle Contest 2;I wanna try a Collab 2;I Wanna Power,Hot-Head Bop,David Wise,,,
https://youtu.be/MKKLwahE_J8,Not Another Needle Contest 2,Cassette 7,Gabe Castro,,,
https://www.youtube.com/watch?v=5fLCdWOCdOE,Not Another Needle Contest 2,Pentimento,Kettel & Secede,,,
https://youtu.be/WcIuuEw1Su4,Not Another Needle Contest 2,People Made of Stone,Mattias Häggström Gerdt,,,
https://www.youtube.com/watch?v=m_edC80XeuM,Not Another Needle Contest 2,Venger (Instrumental),Perturbator,,,
https://www.youtube.com/watch?v=NhEkgtjAYUo,Not Another Needle Contest 2,Natural Cause,Emancipator,,,
https://youtu.be/rDoDZxoQvfM,Not Another Needle Contest 2;Not Another Needle Game;I wanna be the Fangame!;I Wanna be the Fangame,Bad Boss Boogie,David Wise,,,
https://www.youtube.com/watch?v=q9fLT_9E6Ik,Not Another Needle Contest 2,Reach for the Stars,cTrix,,,
https://www.youtube.com/watch?v=l8wbS0nDHzo,Not Another Needle Contest 2;I Wanna Defeat the Discord Makers,Step Ahead,Mitsuo Singa,,,
https://www.youtube.com/watch?v=16dMPqGyLQw,Not Another Needle Contest 2;I Wanna Challenge 100 Trials!!;I Wanna be the Salt,Techno Factory,Hirokazu Ando & Jun Ishikawa,,,
https://www.youtube.com/watch?v=M6Y0_N1f53M,I Wanna Kill the Blue Mage 2;Not Another Needle Contest 2,Cyberspace.exe,3R2,,,
https://www.youtube.com/watch?v=HRyhZu-2K5A,I Wanna be the RO,New Palm ~Frontier of Our Hearts~,Noriyuki Iwadare,,,
https://www.youtube.com/watch?v=_qlXHo4H6uE,I Wanna be the RO,Great Tree (Shannoa),Masanori Osaki,,,
https://www.youtube.com/watch?v=j_mPCmwJV5M,I Wanna be the RO,The Three Young Women,Noriyuki Iwadare,,,
https://www.youtube.com/watch?v=VeIakAdgk9w,I Wanna be the RO,Labyrinth of Shadows and Light,Ryo Takeshita,,,
https://www.youtube.com/watch?v=MH_ZWOeK4nM,I Wanna Burnmind,Please Don't Leave Me,Uboa,,,
https://www.youtube.com/watch?v=KAkwmhS1x_c,I Wanna Burnmind,Ketsuban,Loze,,,
https://www.youtube.com/watch?v=qrxv0JNVtgY,I Wanna Burnmind,Gdzie jest biały węgorz?,Cypis,,,
https://www.youtube.com/watch?v=qqRgWZRtM-U,I Wanna Burnmind;Not Another Needle Contest 2,Guillotine World,Kikiyama,,,
https://youtu.be/esfSH6qmuH0?t=17,I Wanna Burnmind,Breakfast,cyriak,,,
https://www.youtube.com/watch?v=eQUJFZrdpf0,I Wanna be the Volatile Presence,Butterfly Prowler,Clark,,,
https://www.youtube.com/watch?v=KJc_NpV9oKo,I Wanna be the Dreamroamer,Dazzler,Mordi,,,
https://youtu.be/gDLorO0QteQ?t=213,I Wanna be the Cloudburst,HAVOX,BlackY & Yooh,,,
https://www.youtube.com/watch?v=oyvMKX_jozg,I Wanna be the BHG,YO-KAI Disco (Meikai Arrange),Yousuke Yasui,,,
https://www.youtube.com/watch?v=qsUXeXms8FQ,Hydrohomies,Pancake Lizard (Peel Session),Aphex Twin,,,
https://www.youtube.com/watch?v=yHvRN62_9t8,I Wanna Marchen,Attack in the Minor Key,Mr. T,,,
https://www.youtube.com/watch?v=AsVmoHSkILI,I Wanna be the 512;I Wanna Keep My Roulette Streak,Juice Archipelago,Tomoya Ohtani,,,
https://youtu.be/i0MFagpTkhk?t=123,I Wanna Kill Thenader2 2,Following Flow,Nekomata Master,,,
https://www.youtube.com/watch?v=GhK807ZJIBc,I Wanna Go Back to Basics,Kroost Kids,Kettel,,,
https://youtu.be/VtopvGznHic?t=69,I Wanna be the RP,Sailing Force,penoreri,,,
https://www.youtube.com/watch?v=OMjJGiEy_rY,I Wanna be the RP,Faith is for the Transient People,Jun. A,,,
https://www.youtube.com/watch?v=nS5TDAJ6JaM,I Wanna be the RP,Promalock,Ryo Yonemitsu,,,
https://www.youtube.com/watch?v=xMFbu5cfs5k,I Wanna be the RP,Dread of the Grave ~More Fear~,SB Yune,,,
https://www.youtube.com/watch?v=m96z_IuNa40,I Wanna be the RP,Ending Theme,Arata Iiyoshi,,,
https://www.youtube.com/watch?v=yRewbuEqEOw,I Wanna be the Knight in Shining Armor;I Wanna be the RP,Minish Village,Mitsuhiko Takano,,,
https://youtu.be/W0Amiy3iU2Y?t=15,I wanna be the Groovy;I wanna be the Differ,エンディング〜素晴らしき地下帝国〜,Hideki Sakamoto,,,
https://youtu.be/cFqSZECV-gI?t=89,I wanna cruise the 6 islands,Hoshi no Hate (instrumental),Yuka Kawamura,,,
https://www.youtube.com/watch?v=gKHGUBZImH8,I wanna be the Permanence,[GAMEBOY] Dr.MARIO Fever Remix [LSDj],うみのひやけ,,,
https://www.youtube.com/watch?v=A2AlkUV5Po8,I wanna be the Online,City Trial,Jun Ishikawa,,,
https://www.youtube.com/watch?v=8-djr4oU30s,I Wanna Have a Good WiFi,Groovin' King,taqumi,,,
https://www.youtube.com/watch?v=4fVCg1Of-0U,I Wanna Be The GBC,Love Everything,Cynifree,,,
https://youtu.be/h8DqMcESX7I?t=217,I Wanna be the Penger,Penger,TheSuperMarioBros2,,,
https://www.youtube.com/watch?v=FCwytNPub5w,I wanna be the Fangame!;I wanna be the Boshy;I Wanna be the Fangame,Burning Heat! (Full Option Mix),Mr. T & Motoaki F.,,,
https://www.youtube.com/watch?v=k3EwGUey_Lc,I Wanna be the Phantom Needle IV,dead angle,zts,,,
https://www.youtube.com/watch?v=t0JdGy28P7s,I Wanna be the Phantom Needle IV,Pandemonic Planet,dBu,,,
https://www.youtube.com/watch?v=9wXet5_71uA,I wanna be the Crimson Needle,Stora Farliga Rymdprojektet Går åt Pipan,Slagsmålsklubben,,,
https://www.youtube.com/watch?v=vm8aEdY-rDM,I wanna be the Crimson Needle,USSR,Slagsmålsklubben,,,
https://www.youtube.com/watch?v=jcO437NDaMw,I wanna be the Crimson Needle,Late Nights Early Mornings,Reddz,,,
https://www.youtube.com/watch?v=4iNMMgPK2ok,I wanna be the Crimson Needle,Earth Heals Herself,Buckethead,,,
https://www.youtube.com/watch?v=AvfrNs3LmvM,I wanna be the Crimson Needle,A Pistol for Paddy Garcia,The Pogues,,,
https://youtu.be/YtMSyLdk0Q8?t=39,Christmas Deliveries,Homecoming Hijinx,David Wise; Kenji Yamamoto,,,
https://www.youtube.com/watch?v=_NQv1VRqakQ,I Wanna Eclipse,Frantic Fields (Rambi),David Wise; Kenji Yamamoto,,,
https://www.youtube.com/watch?v=Ju5gOGya68Y,I Want to Meet Miki,Bunnies and Bullets,GaMetal,,,
https://youtu.be/BQEOk_7RTQI?t=61,I Want to Meet Miki,Sylenth Warrior.,Carpainter,,,
https://www.youtube.com/watch?v=cM7N1ssyB-I,I Wanna Start from Here,An Empty Tome,FalKKonE,,,
https://www.youtube.com/watch?v=DO40ea4QqFI,Michael Wanted to be the Guy,Mario Minor,PowerGlove,,,
https://www.youtube.com/watch?v=0n-G-1895AQ,XIFT,Spiral Staircase (AFX Remix),Luke Vibert,,,
https://www.youtube.com/watch?v=lFWkb0xnYXI,Everhood Colonel,72 (feat. Lolita as Roxy) (Everhood Mix),KITCALIBER,,,
https://www.youtube.com/watch?v=sdA5fsur1bQ,I Wanna Decimate the Purple Taisa,Death Over Life (Instrumental),Piercing Lazer,,,
https://www.youtube.com/watch?v=w80MHRHz41E,I Wanna Leave This Hell,Neo Tokyo,Perturbator,,,
https://www.youtube.com/watch?v=LeCq5dLItXQ,I Wanna be the Emperor;I Wanna Challenge the Author's Skill,Illusionary Blue Flowers,Ryo Takeshita,,,
https://www.youtube.com/watch?v=cVSpwMpZ-Aw,I Wanna be the Emperor,Arrival Existence,Masanori Osaki,,,
https://www.youtube.com/watch?v=5ok9bzDzaS0,I Wanna be the Emperor,Fateful Confrontation,Takahiro Unisuga,,,
https://youtu.be/oRJE2SSldXY?t=49,I Wanna See the Moon;I Wanna be the Emperor,Miracle Matter,Jun Ishikawa,,,
https://www.youtube.com/watch?v=D1STiYPzyGI,I Wanna Be the Butterfly,The Place Where Souls Return,Saki Momiyama,,,
https://www.youtube.com/watch?v=9VlrzZK2FH0&t=1769s,I Wanna Appreciate Meteor Stream,Space Tours,Kazuyuki Sekiguchi; Takeshi Ike; Kazuaki Miyaji,,,
https://www.youtube.com/watch?v=8xWNTj9Qi_w,I wanna be the Destination;VoRoVo,Byakuya Gentou,Nekomata Master,,,
https://youtu.be/RDZukEEwJs8?t=67,I Wanna Series Mixture Relay 5,Satori Maiden & Hartmann's Youkai Girl,Gekisen Soul,,,
https://www.youtube.com/watch?v=VGGW446xFVM,I Wanna be the Pastel,Interval of Life and Death (Arranged),Shade,,,
https://www.youtube.com/watch?v=CEyxcKkyhbw,I wanna be the きゃうー;WannaFest 22,Monkey Mall,Hidenori Shoji,,,
https://www.youtube.com/watch?v=feoBHgyE2mg,I wanna 創世神 spike,Main Theme,Marisa and Alice's Cookie Kiss,,,
https://www.youtube.com/watch?v=5-cT3x2t8h4,I wanna DaDanDan,POINT OF NO RETURN [AREA 12-15],Yosuke Yasui,,,
https://www.youtube.com/watch?v=CrRktFXNkr0,I wanna Fa Trap;I wanna be THE iDOLM@STER,Town Theme,NAMCO Sound Team,,,
https://youtu.be/YpyhDSrxJhc?t=60,I wanna be THE iDOLM@STER,XEVIOUS hige mix,Hige Driver,,,
https://www.youtube.com/watch?v=2yipmn7ppw8,I wanna be THE iDOLM@STER;I wanna Rush Out !,ID:[OL],Koji Ueda,,,
https://www.youtube.com/watch?v=R16G-jDTM04,I wanna be THE iDOLM@STER,Joilant,Asuka Sakai,,,
https://youtu.be/s16oSPUBQ-c?t=161,I Wanna be the Music2;I wanna try a Collab 2,#Fairy_dancing_in_lake,uno,,,
https://www.youtube.com/watch?v=6eA8qi5H5BU,I Wanna be the TIS;The Farewell Medley,Presentiment,Yoshimo Kudo,,,
https://youtu.be/YeqkDWRoaOQ?t=5,I Wanna Steel Edge,Steel Edge,Maozon,,,
https://www.youtube.com/watch?v=-DISrXDtMBk,I Wanna Power,Marble Mountain,flashygoodness,,,
https://www.youtube.com/watch?v=jWeln4b0p2w,I Wanna be Wacky,MyonMyonMyonMyonMyonMyonMyonMyon!,ShibayanRecords,,,
https://www.youtube.com/watch?v=dPdMRoQ-LDA,I Wanna Kill the Michael,Blue (Da Ba Dee),Gummibär,,,
https://youtu.be/PAdgyqtMoJ8?t=392,I Wanna be Minimal,Dive,Tycho,,,
https://youtu.be/APXjAiWGe4s?t=109,I Wanna be Minimal,Awake,Tycho,,,
https://www.youtube.com/watch?v=_oom1DkjOYs,I Wanna be the Best Guy 2,Levi=Sense (Arrange),MintJam,,,
https://www.youtube.com/watch?v=astISOttCQ0,Oh I'm a Gummy Bear (yes) I'm a Gummy Bear Oh I'm a yummy chummy funny lucky Gummy Bear I'm a jelly bear Yes I'm a Gummy Bear Oh I'm a movin' g,The Gummy Bear Song,Gummibär,,,
https://www.youtube.com/watch?v=YFrimAIrU8I,I Wanna be the Lizardmanmaster 10,Clutterfunk Part 2,Waterflame,,,
https://www.youtube.com/watch?v=E8E8R1szUjk,I Wanna Kill the Genesis;Antipasto VVelcome!!,VVelcome!!,MisoilePunch♪,,,
https://www.youtube.com/watch?v=_u_-VvGH_uk,I Wanna Defeat the Legendary Burger,Staring at Star,MisoilePunch♪,,,
https://www.youtube.com/watch?v=B33TxsEQSgg,I Wanna Kill the Needer Games,Echoes,Nekomata Master,,,
https://www.youtube.com/watch?v=OyRsEOrOFGQ,Full Techno Jackass,Good To Know You'll Be There (Demo),Renard,,,
https://www.youtube.com/watch?v=JPGkVCevqME,I Wanna How Many Bottles of Coke Zero Can Badlands Chug in 3 Minutes? Watch & See!,Leisurely Drinking some Coke Zero in 3 Minutes Time,BadlandsChugs (feat. Manscaped),,,
https://www.youtube.com/watch?v=5-Wn1sO720k,I Wanna be the Lizardmanmaster 10,Heaven Rd. 2 (NG Mix),EnV,,,
https://www.youtube.com/watch?v=udMRb2W3pCs,I Wanna Maker;I Wanna be the Lizardmanmaster 10,Star Gate,F-777,,,
https://www.youtube.com/watch?v=ArKfkA-dH-E,I Wanna be the 512,Night Town,Minako Adachi,,,
https://www.youtube.com/watch?v=tOejDU4LP2E,I Wanna be the RO,Mighty Obstacle,Wataru Ishibashi,,,
https://www.youtube.com/watch?v=qD54sROmeIM,I Wanna Escape the Manor,Floral Fury,Kris Maddigan,,,
https://www.youtube.com/watch?v=XR2QQMfeJbg,I Wanna Escape the Manor;I Wanna Know My Retribution;I Wanna Escape Into My Mind,Attack of the Killer Queen,Toby Fox; Lena Raine & Marcy Nabors,,,
https://www.youtube.com/watch?v=KI93nWonug8,I Wanna Escape the Manor,Hope Searching,Masafumi Takada,,,
https://www.youtube.com/watch?v=pgSL_g5-8pc,I Wanna Escape the Manor,IMP,ISAO,,,
https://www.youtube.com/watch?v=L8tb7ffIsyg,Shiz Nits;I Wanna be Wacky,Kernkraft 400 (Sport Chant Stadium Remix),Zombie Nation,,,
https://www.youtube.com/watch?v=03jFmQ2ypv8,I Wanna Defeat the Second Family Members;Koppo Needle,perico el gitano awana wana king kong,El Perico,,,
https://www.youtube.com/watch?v=yDq9jVwSm9w,I Wanna be the 724-ish,Collection Room (Door Into Summer),Jun Senoue,,,
https://www.youtube.com/watch?v=EIwE_WSRbxM,I Wanna be the 724-ish,Cacti Area,Hirokazu Ando & Jun Ishikawa,,,
https://www.youtube.com/watch?v=OPPpQhSTK8c,I Wanna Lockpick,Forest of Dolls,ZUN,,,
https://www.youtube.com/watch?v=mTMLOO0gdNs,I Wanna Lockpick,harvest swing,mozell & kuhu,,,
https://www.youtube.com/watch?v=MDW36vBBgx4,I Wanna Lockpick,C,意味立て,,,
https://www.youtube.com/watch?v=Y9jmF0Vz8io,I Wanna Lockpick,Floating Island Ilvard,Takahiro Unisuga,,,
https://www.youtube.com/watch?v=8XOhGM8Maf0,I Wanna Lockpick,Urea Geller,Reed,,,
https://www.youtube.com/watch?v=0nlNyxTtz7w,I Wanna Escape Heavenly Host,Ray of Hope,Mao Hamamoto,,,
https://www.youtube.com/watch?v=h0ytFDJjKmg,I Wanna Escape Heavenly Host,Chapter 1 Main BGM,Mao Hamamoto,,,
https://www.youtube.com/watch?v=ZpnEPfvenw8,You give me butterflies and I take them away;100 Floor Medley,Everyday,The Field,,,
https://www.youtube.com/watch?v=dyMZnSfW8EI,untitled needle game,HORUS,Suimega,,,
https://www.youtube.com/watch?v=hewBOkOuSts,I Wanna be the Chair;Jingle Jam;I Wanna be the Lizardmanmaster 10;I wanna get Cultured;I wanna get cultured 2,Chaoz Fantasy (8-Bit),ParagonX9,,,
https://www.youtube.com/watch?v=5H-4EVz_m0Y,I Wanna Can't Stop,Break the Targets! (8-Bit),TaterTot Tunes,,,
https://www.youtube.com/watch?v=PecUcH-qIo0,I Wanna Can't Stop,The Crowded Dance,Mayuko Kageshita,,,
https://www.youtube.com/watch?v=PfWYlVQPY7Y,I Wanna Can't Stop,Night Survivor,Mitsuo Singa,,,
https://www.youtube.com/watch?v=aKwUd5lHcvE,I Wanna be the Metamorphosis,Lunatic Eyes ~ Invisible Full Moon,ZUN,,,
https://www.youtube.com/watch?v=XgCvnkg4ncY,I Wanna be the Metamorphosis,Camp Ichigaya,Ryota Kozuka,,,
https://www.youtube.com/watch?v=_hJEHiIoWCI,I Wanna Go Across the Rainbow,little planet,Wonder World,,,
https://www.youtube.com/watch?v=QWsWAuJRJuk,I Wanna be the GR,Choro-Q City,Luna Umegaki,,,
https://www.youtube.com/watch?v=MYAV21VIm7s,I Wanna be the PYF,Tropical Pirates (Southern Countries World),Yousuke Yasui,,,
https://www.youtube.com/watch?v=HghkZ4nFCrU,I Wanna be the PYF,Lost Wind (Ice Village World - 2nd Half),Yousuke Yasui,,,
https://youtu.be/OOG_s-KX7VQ?t=17,I Wanna be the Flower,トルコ行進曲 - オワタ＼ (^o^) ／,Owata-P,,,
https://www.youtube.com/watch?v=ODQ767-hixA,I Wanna Lockpick,Sky Tower,Keisuke Ito,,,
https://www.youtube.com/watch?v=XQhxPzLy74w,I Wanna Go Across the Rainbow,The Legend Will Never Die,MintJam,,,
https://www.youtube.com/watch?v=rFANfxOTb4s,I Wanna be the Red coin mania IIDX,Chaoz Fantasy (M.K. Remix),MorganKing,,,
https://www.youtube.com/watch?v=ImxsPtzV5gw,I wanna be the 終竜 1st,Vagrant Counting Song of Retrospection,Hirokazu Ando & Jun Ishikawa,,,
https://www.youtube.com/watch?v=5y5yRsR5HR4,I wanna be the 終竜 1st,Beep Block Skyway,Mahito Yokota,,,
https://www.youtube.com/watch?v=8F4hJ63rK28,I Wanna Avoid Being Trolled,Hog Wild,Josh Mancell,,,
https://www.youtube.com/watch?v=qdL4zkXajPU,I Wanna Heyan Trapventure,Fantastic Theme Park,ASTERIA,,,
https://www.youtube.com/watch?v=ZtkmPfiqj9g,Summer Feast Needle 2021,Frontier Town -Casnan-,Takahiro Unisuga,,,
https://www.youtube.com/watch?v=8wkb41RrVUg,Summer Feast Needle 2021,Lanx Borealis,BlackY,,,
https://www.youtube.com/watch?v=jBm9dSF53lY,Summer Feast Needle 2021,Autumn's Fall,Deniz Akbulut,,,
https://www.youtube.com/watch?v=GlryxhE7dgg,VoVoVo,飘韵 -Piaoyun-,DJ Okawari,,,
https://youtu.be/7awIdGqyr40?t=142,I Wanna Kardia,Suicide Parade,YurryCanon,,,
https://www.youtube.com/watch?v=hYxlqTpZ-24,I Wanna be the X;I wanna be like Brisulph,Ice Cap Zone,Michael Jackson,,,
https://www.youtube.com/watch?v=AJVr_NovW9o,I Wanna Go the DotKid!,Warp Room,Josh Mancell,,,
https://www.youtube.com/watch?v=qxAD77t3BKY,I Wanna be the Strongest Fairy,Cirno Stylish!,Sensitive Heart,,,
https://www.youtube.com/watch?v=tK1PWoWdUXY,I wanna make the Novelty,Battle! Uxie/Mesprit/Azelf,Junichi Masuda; Go Ichinose,,,
https://www.youtube.com/watch?v=CmYFQa8nC6Q,I wanna be the 8bit,Level 1,MC Kids,,,
https://www.youtube.com/watch?v=dLhkSn-K_kw,I Wanna be the Addiction,Battle (Deep Sea),Shinji Hosoe,,,
https://www.youtube.com/watch?v=HpP40YbSbQs,I wanna be the Animus,Nimbus Land (Let's Do The Fooka-Fooka!),Yoko Shimomura,,,
https://www.youtube.com/watch?v=xTBLCoE9ISs,I wanna beat the wannabes,Reconstructing Science,Alex Giudici,,,
https://www.youtube.com/watch?v=BtyWhHwCXIU,I wanna beat the wannabes;I Wanna Start a Party,Another Winter,Anamanaguchi,,,
https://www.youtube.com/watch?v=Zqa2mgjbOIM,I Wanna Go the Parallel World;I wanna Become the Vegetable;I Wanna Be the Butterfly;VoVoVo,Dire Dire Docks,Koji Kondo,,,
https://www.youtube.com/watch?v=gsJN-IMKk9g,I wanna Buy the Crayon,Butter Building,Jun Fukuda,,,
https://www.youtube.com/watch?v=WUuawkZR0s0,I wanna celebrate 100,Go Picnic,Henesys,,,
https://www.youtube.com/watch?v=TbXO-Fo3i5o,I wanna come to the conclusion,Tellur Town,Hiroki Hashimoto,,,
https://www.youtube.com/watch?v=2e0H6FDjtyg,I wanna come to the conclusion,Crash 2 - Snow,Josh Mancell,,,
https://www.youtube.com/watch?v=SxSkVp74LX0,Christmas Deliveries,Everfrost Peak,David Wise,,,
https://www.youtube.com/watch?v=v9XiSaJbgVA,Christmas Deliveries;I Wanna Kill the Guy,Fight Against an Armed Boss,Yoko Shimomura,,,
https://www.youtube.com/watch?v=Mks0pj96eAU,Christmas Deliveries,Dirt Devil,Zircon,,,
https://www.youtube.com/watch?v=ApcehxjOwu4,Christmas Deliveries,Crescent Island,David Wise,,,
https://www.youtube.com/watch?v=WdDBKMdx9Bg,I wanna be the Flash Game;I wanna be the Crysis;I wanna kill the Guy,Triple Gear,AXPN ,,,
https://www.youtube.com/watch?v=vN7gR_UO39g,I wanna get Cultured,Close Combat,ParagonX9,,,
https://www.youtube.com/watch?v=zn1-8us2Kqw,I wanna get Cultured,Chaos Angel,teckworks,,,
https://www.youtube.com/watch?v=6LbXujfutWk,I Wanna Defeat the Nader Makers: Chill Side,Forsaken City (Sever the Skyline Mix),Maxo ,,,
https://www.youtube.com/watch?v=qUevgUuKoYM,I wanna be Drawn,Thunderhorse (8-bit),MayleMusic,,,
https://www.youtube.com/watch?v=HVBWTC085uA,Float.;Schwarlitz's Requiem,Corridor of Time,Yasunori Mitsuda,,,
https://www.youtube.com/watch?v=tE1RDCT1vE8,Float.,Cloudy Park,Jun Ishikawa,,,
https://www.youtube.com/watch?v=zfDxSEc5mDw,I wanna be the GB,Duel,Ichiro Shimakura,,,
https://www.youtube.com/watch?v=tlZNPtjTZdg,I wanna be the Graverobber,Randomly True Administrator,typeMARS,,,
https://www.youtube.com/watch?v=P1Md2ODg-0M,Jingle Jam,Snowman,Shogo Sakai,,,
https://www.youtube.com/watch?v=KjLV72pUKjg,I Wanna Kill the Happil 2,Sanbika,Takanashi Yasuharu,,,
https://www.youtube.com/watch?v=2DBkkYXQEx0,I Wanna Kill the Needle Games 2;Irkara Needle,Oriens,Ginkiha,,,
https://www.youtube.com/watch?v=IQCQ01LdaVE,I wanna kill the Needle Games 2,Glow,Jake Kaufman,,,
https://www.youtube.com/watch?v=F6rWtXOj34Q,I wanna be the Mars,Unlimited Colours,Tetracase,,,
https://www.youtube.com/watch?v=uETeHU93uRw,I Wanna be the Matryoshka,Ocean,Konami Kukeiha Club,,,
https://www.youtube.com/watch?v=r6ka8gvV8ic,I Wanna be the Metamorphosis,Doopliss Battle,Yoshito Hirano; Yuka Tsujiyoko,,,
https://www.youtube.com/watch?v=Rhn2T2R0kRM,I Wanna See You Suffer;I wanna be the Boshy,Unbreakable Determination,Keiji Yamagishi,,,
https://www.youtube.com/watch?v=PpGI_7jbnz8,I wanna be the Only Level,Plok - Main Theme,Tim Follin & Geoff Follin,,,
https://www.youtube.com/watch?v=Wi2JEKWAeFY,I Wanna Save My Boy,Your Affection,Shoji Meguro,,,
https://www.youtube.com/watch?v=8fjRqs1D32M,I Wanna Scrape my Face,Rhythm Rally,Tsunku♂,,,
https://www.youtube.com/watch?v=CT_2JP-j0XU,I Wanna Scrape my Face,Remix 2,Tsunku♂,,,
https://www.youtube.com/watch?v=uiLE5sZuqC8,I Wanna Scrape my Face,Munchy Monk Circus,Tsunku♂,,,
https://www.youtube.com/watch?v=3xHttYIwocY,I wanna Series Mixture Relay 4,Forest Funk,Danny Baranowsky,,,
https://www.youtube.com/watch?v=Nfqrfy7VFqo,I Wanna be Soupreme,Rock n' Roll Dixie,Terry Scott Taylor,,,
https://www.youtube.com/watch?v=QRUFZcYRFDg,Crimson Needle 3,Unbreakable Determination (Rockestral),Pontus Hultgren,,,
https://www.youtube.com/watch?v=ncYEjxBw_7g,VoVoVo;I wanna be the Crimson Sun,Beautiful Lie,Masafumi Takada,,,
https://www.youtube.com/watch?v=401kBVODQmE,I Wanna Rewrite,Live For Hands Up!,Turk-Tech,,,
https://youtu.be/VhU799MuW4I?t=114,I Wanna Rewrite,Mozart On Crack,S3RL,,,
https://www.youtube.com/watch?v=ZuurdGpRCuU,I Wanna Rewrite,Tetris,Diavel,,,
https://www.youtube.com/watch?v=qBWnLBIr0Bw,I wanna be THE iDOLM@STER;I Wanna be the HeavenTrap,Kosmos Cosmos,Yukiho Hagiwara,,,
https://www.youtube.com/watch?v=TIwNJJ37LHk,I Wanna Defeat the Seven Colors,Flight of the Bamboo Cutter ~ Lunatic Princess,ZUN,,,
https://www.youtube.com/watch?v=HL6K-I6vXYA,I Wanna Beat the Spikes 3,Heian Alien,Gekisen Arrange,,,
https://www.youtube.com/watch?v=gNgMVs2E5Lk,I Wanna be the Shrine Maiden 2,Native Faith,MyonMyon,,,
https://youtu.be/tkEQyPMo58c?t=44,I Wanna be the Shrine Maiden 2,Kagome Kagome (Makina MIX),DJ Technetium,,,
https://youtu.be/jpIGJZrXxdc?t=106,I Wanna be the Shrine Maiden 2,Puppeteer of Bucuresti (Overnight Remix),Thanatos,,,
https://www.youtube.com/watch?v=OLAgTFUuMJ8,I Wanna Do the Funny Jump,Keisha,Sidewinder,,,
https://youtu.be/ASQdSYsbR1w?t=24,I Wanna be the Don Quixote,ミラクルショッピング ～ドン・キホーテのテーマ～,Maimi Tanaka,,,
https://www.youtube.com/watch?v=pKrKM9IpYRU,I Wanna be the あびゃ～。,Way of Katz,Motoi Sakuraba,,,
https://www.youtube.com/watch?v=cyjPR4tWf2c,I Wanna Rewrite the Past,Up Up Up!,Shoji Meguro,,,
https://www.youtube.com/watch?v=HvBla5NUlvk,I Wanna Rewrite the Past,Sunshine Coastline,Takahiro Unisuga,,,
https://www.youtube.com/watch?v=IhPGo04SUz0,I Wanna Power,Secrets of the Forest,Yasunori Mitsuda,,,
https://youtu.be/YScLxj4sPec?t=207,Mikey,Aeronaut (Arrange),Takahiro Eguchi,,,
https://youtu.be/s9MW27dmZkI?t=52,I Wanna be Pat's Secret Santa,Cave of Glimmer Moss,Kanako Kakino,,,
https://youtu.be/K4gGgpZoq7w?t=39,untitled needle game,Someday I'll Grow To Be As Tall As The Giant,Animal Collective,,,
https://youtu.be/dgcF_ywl4sU?t=7,I'm Bored 2: The Game;WannaFest 22,Fortress,Kazuhiko Uehara; Tomoya Tomita; Akena Nobuyuki,,,
https://youtu.be/8VanttjZDyI?t=72,Splatter Fate,Sado Mami Holic,beatMARIO,,,
https://www.youtube.com/watch?v=wHvnwxAg5ww,Minimetroidvania IV,Spiral of Erebos,Takahiro Unisuga,,,
https://youtu.be/6zCyE9Ek9lM?t=242,I Wanna Feed Your Escapism 2,Juggernaut,Kubbi,,,
https://youtu.be/luSe25YbkMI?t=297,I Wanna Feed Your Escapism 2,Astaroth,Hiroyuki ODA,,,
https://youtu.be/nuOit75gXKI?t=372,I wanna be the Ocean Princess,Vetelgyus,Galneryus,,,
https://www.youtube.com/watch?v=BlLV2iEO_1U,I Wanna How Many Bottles of Coke Zero Can Badlands Chug in 3 Minutes? Watch & See!,Roll with this Manscaped Guy,BadlandsChugs,,,
https://youtu.be/E2U5GoX4dew?t=34,I Wanna Draw Wolsk on Twitch.tv,Title Theme,Atsuko Atahi,,,
https://youtu.be/iFkySE8fd2c?t=56,I Wanna Draw Wolsk on Twitch.tv,Arc-en-ciel,Noriyuki Kamikura,,,
https://youtu.be/CbdqllxW1rk?t=88,I Wanna Draw Wolsk on Twitch.tv;The Farewell Medley,The Hermit's Garden,Takahiro Unisuga,,,
https://youtu.be/PhSQ12xoUt4?t=172,I Wanna Draw Wolsk on Twitch.tv,Old Yuanxian ~ Master and Servant,dBu,,,
https://www.youtube.com/watch?v=WDVK8lziLAU,I wanna be the Fangame!;I Wanna Draw Wolsk on Twitch.tv;I Wanna be the Fangame,Parade,zddn,,,
https://youtu.be/ct80BcjwGm8?t=9,I Wanna Danger 10 Makers,Fire Starter,Fadeliss,,,
https://youtu.be/7ZsReYKuWmY?t=64,I Wanna Know My Retribution,Crafted in Ice,Ekcle,,,
https://www.youtube.com/watch?v=bWUIWTkBiqE,I Wanna Know My Retribution,Power of NEO,Toby Fox,,,
https://www.youtube.com/watch?v=xombuoSt9L0,I Wanna Look Inside,Daydream,Tycho,,,
https://www.youtube.com/watch?v=-lOiV_PvmqQ,Nuclear Physicist,Navigation Lights,ilkae,,,
https://www.youtube.com/watch?v=D7bcp2EfB1Y,I Wanna be a Big Shot,Juggernaut (Boss Alt),Ridiculon,,,
https://www.youtube.com/watch?v=YLhbSo0tlls,I Wanna be a Big Shot,fire & ice 2,Radix,,,
https://www.youtube.com/watch?v=QLoFxOqPilA,I Wanna Catch the Clown,Popcorn,Galaxee,,,
https://www.youtube.com/watch?v=OfPW88vQMEQ,I Wanna Look Inside,FBI Special Agent,Takuya Kobayashi,,,
https://www.youtube.com/watch?v=UWAunlIs1L4,I Wanna Look Inside,Deputy Willie's One Tough Chap!,Takuya Kobayashi,,,
https://www.youtube.com/watch?v=wGuzCI1HKeI,I Wanna Look Inside,REIWA LABYRINTH,Hidenori Shoji,,,
https://youtu.be/qHX11lUW9pY?t=40,I Wanna be the V,Venomous Firefly,Camellia,,,
https://www.youtube.com/watch?v=DDT-y0-bexE,I Wanna Catch the Clown,Jasmine,Sidewinder,,,
https://youtu.be/8EYja8ukG_w?t=273,Ich möchte deine Flucht vor der Wirklichkeit nähren,Epoch,Tycho,,,
https://www.youtube.com/watch?v=SAQbW6AbYLg,Emperor Penguins,Let's Practice!,Tsunku♂,,,
https://www.youtube.com/watch?v=3CPDmbjA1P0,I Wanna Can't Stop,Bonneton;Cap Kingdom (8-BIT),Tater-Tot Tunes,,,
https://www.youtube.com/watch?v=GtS8LcNxtdk,I Wanna Can't Stop,Maple Treeway (8-Bit Remix),Tater-Tot Tunes,,,
https://www.youtube.com/watch?v=KC-XRLTaYrg,I Wanna Can't Stop,Zzz-8bit version[chiptune],yaplus,,,
https://www.youtube.com/watch?v=l4k7gMTjNW4,I Wanna Find Escapism in a Haystack,Bug Thief,Iglooghost,,,
https://youtu.be/_2hdlmg_4GE?t=151,Nebulous Thoughts,Now I Don't Hate California After All,Carly Rae Jepsen,,,
https://youtu.be/7fCfFhSZOoE?t=64,I wanna be the Justice Guy,Steel of Destiny,Hyakutaro Tsukumo,,,
https://www.youtube.com/watch?v=MYbztuII3iY,I Wanna be the Best Guy 2,Ruined Green,Tamayo Kawamoto,,,
https://www.youtube.com/watch?v=_Fl_LJBixfg,I Wanna be the Best Guy 3,Razormind,Simon Viklund,,,
https://www.youtube.com/watch?v=amHTP3A3I4E,I wanna be the Justice,Like Blossoms Dancing in the Moon and Snow,Nekomata Master,,,
https://www.youtube.com/watch?v=W41FDwaK-RA,I Wanna be the HeavenTrap2;I Wanna be THE iDOLM@STER,Kikyoku ~Seasons of Asia~,采風楽坊,,,
https://www.youtube.com/watch?v=jP7w-TMzQO4,I wanna be the Permanence;I Wanna be the Meat Goodbye,The Prince's Adventure -landscape mix-,simoyuki,,,
https://www.youtube.com/watch?v=4OnEPbwt8Ho,I Wanna Catch the Clown,Seasons,Sidewinder,,,
https://www.youtube.com/watch?v=fWKB8zdVM-U,I Wanna Keep My Roulette Streak,in the beninging,genesisi 1:1,,,
https://www.youtube.com/watch?v=0zUq5z3YBOI,I Wanna Keep My Roulette Streak,Furimukanaide,The Peanuts,,,
https://www.youtube.com/watch?v=QsfSEmVlqAg,I Wanna Keep My Roulette Streak,Dynasty,Yooh,,,
https://www.youtube.com/watch?v=6seHIRBFeaQ,I Wanna Keep My Roulette Streak,Professor Oaks Lab Hip Hop Remix,MelloFlowz,,,
https://www.youtube.com/watch?v=o8iLnNXu4hA&t=68s,I Wanna Keep My Roulette Streak,Meme Monstrosity,Wolfiexe,,,
https://youtu.be/aMkzyrS4s3g?t=59,I Wanna Catch the Clown,Bossay,eebrozgi,,,
https://www.youtube.com/watch?v=3CKJ0jDDO3E,I Wanna be the Pastel,The Engaged Fortune,Shade,,,
https://www.youtube.com/watch?v=J1lvEYFEYnI,I wanna be the Explorer2,夏の甲子園決勝,実況パワフルプロ野球2011,,,
https://youtu.be/5lspRzt9b0g?t=105,Minimetroidvania IV,After The End,Antti Martikainen,,,
https://youtu.be/FpU0FoPsaes?t=53,Minimetroidvania IV,Blizzard,Two Steps From Hell,,,
https://youtu.be/bOHV9p_a16o?t=136,Minimetroidvania IV,Architects of Life,Ivan Torrent,,,
https://www.youtube.com/watch?v=g6OH1gy08Rw,Minimetroidvania IV,Kalimera,State Azure,,,
https://www.youtube.com/watch?v=5HfVG7J4F9Y,I Wanna Develop an Appreciation for Music,Transitions,Kino,,,
https://www.youtube.com/watch?v=lKcpodt0YCU,I Wanna Develop an Appreciation for Music,Brand New Key,Melanie,,,
https://www.youtube.com/watch?v=jovKG_YNlVs,I Wanna Develop an Appreciation for Music,Doodah,Cartoons,,,
https://youtu.be/N58JvgtGFNY?t=87,I Wanna Develop an Appreciation for Music,Lambret Twist,Quartetto Cetra,,,
https://youtu.be/G6Tv8eFu7zA?t=28,I Wanna be the Cocktail,Lost [NCS10 Release],Tobu,,,
https://youtu.be/g3c-dHAI-ts?t=11,I Wanna be the Cocktail,Rapid4,Peritune,,,
https://www.youtube.com/watch?v=69O-4v0laTQ,I Wanna be the Cocktail,Crisis,Peritune,,,
https://youtu.be/IlqSIxqhJx0?t=83,Extreme Depths 2,Quazar,Funky Stars,,,
https://youtu.be/ZhIs6rUn7Pg?t=45,Chungo's Gauntlet,One Hell of a Time,Cuphead,,,
https://www.youtube.com/watch?v=8fVz_aTbyWY,Chungo's Gauntlet,Stage 3,Journey to Silius,,,
https://youtu.be/ExCUfW-T_Bc?t=32,Chungo's Gauntlet,Fleeting Dreams,The Caretaker,,,
https://youtu.be/dgW2BodBrq0?t=63,I Wanna be the Caretaker,Long Term Dusk Glimpses,The Caretaker,,,
https://youtu.be/XoGK2BIlXCc?t=48,I Wanna Gameover;I wanna be the Lord of time,Riches in Me,Daisuke Ishiwatari,,,
https://youtu.be/0cePQ_0A1yI&t=26,I Wanna Gameover,Jibaku,Utsu-P,,,
https://youtu.be/AF6mpBfIMEA?t=4,I wanna be the Takatata-!,朝日がのぼる,Yasuhiko Shigemura,,,
https://youtu.be/-kVdCaczLE8?t=188,The Farewell Medley,Daredevil,Ace Combat 7 OST,,,
https://youtu.be/wqPaQ6G4lnk?t=55,The Farewell Medley,Down to the Danger,Emil Chronicle Online,,,
https://youtu.be/uV8KY-70w9w?t=15,The Farewell Medley,Ascension,zircon,,,
https://youtu.be/M1Vy9QSlyQk?t=77,The Farewell Medley,Timeless,Andromida,,,
https://youtu.be/HuR72UplW6w?t=169,The Farewell Medley,Like Stars,zts,,,
https://www.youtube.com/watch?v=1GNWcJLEKYw,The Farewell Medley,Tower of the Shadow of Death,Ys I & II Chronicles,,,
https://www.youtube.com/watch?v=4l9h01VxjaI,The Farewell Medley,Voodoo; Roots 'n Grog,Diggi Dis,,,
https://youtu.be/5iYMoqQwukE?t=120,The Farewell Medley,Arsenal,zircon,,,
https://youtu.be/niFdU1sjqSY?t=45,The Farewell Medley,Tower of the Exorcists,Tales of Berseria OST,,,
https://youtu.be/niP6qfehOy0,The Farewell Medley,Sylvan Soundtrack,Heroes of Might and Magic V,,,
https://youtu.be/_vF_1PJK-fs?t=34,The Farewell Medley,81C1FF,koronba,,,
https://www.youtube.com/watch?v=cBxlKjjVQvo,The Farewell Medley,Cyberpunk,Gothic Storm,,,
https://www.youtube.com/watch?v=phax1j3F-ng,The Farewell Medley,Across the Sea,Kantai Collection,,,
https://youtu.be/xO9SYc5mc8A?t=73,The Farewell Medley,Make It,i☆Ris,,,
https://youtu.be/RKelBDsTae4?t=70,The Farewell Medley,Run Free,Two Steps From Hell,,,
https://www.youtube.com/watch?v=soW1VDanxKs,The Farewell Medley,Mollusque-Lanceur Battle,Super Mario Odyssey,,,
https://youtu.be/gDl-x-2BWlk?t=17,The Farewell Medley,The Arena,Jason Richardson,,,
https://youtu.be/VAbm7PPYHa4?t=43,The Farewell Medley,boot,The Algorithm,,,
https://youtu.be/OQlByoPdG6c,I Wanna Kill the Kermit;The Farewell Medley,The Lion Sleeps Tonight,The Tokens,,,
https://www.youtube.com/watch?v=AmmF5UxpvRU,The Farewell Medley,Prelude,Fire Emblem Awakening OST,,,
https://youtu.be/ts8Pu-LfQiI?t=59,The Farewell Medley,And Now We Run,Payday 2 OST,,,
https://youtu.be/XY1KkBSLeSI?t=150,The Farewell Medley,Andare,Ludovico Einaudi,,,
https://www.youtube.com/watch?v=Ov_WaGNNUCw,Chungo's Gauntlet,Blizzard Buffalo,Kinuyo Yamashita,,,
https://youtu.be/54Z-n7T7JPo?t=15,I Wanna Arcana of the Tarot,Universum,Laur,,,
https://youtu.be/2sy-12FQwXM?t=50,I Wanna Disconnect,Virbank City (Pokémon Black 2 & White 2 Remix),Mewmore,,,
https://youtu.be/Oud9Gzy89dw?t=4,I Wanna Disconnect,Olivine City (Pokémon Black 2 & White 2 Remix),Mewmore,,,
https://youtu.be/ATS92NB-XoI,I Wanna Disconnect,Question,Osanha,,,
https://youtu.be/JvUkNBgzzjU,I wanna be the Suitable,Schrecklicher Aufstand,Katzeohr & Spiegel,,,
https://www.youtube.com/watch?v=wTtG62G3ehw&t=55s,I Wanna Kill The K -Revival-,Welcome to Mirrors,naotyu-,,,
https://youtu.be/AJivz027gQc?t=45,I Wanna Kill The Kamilia 2;I Wanna Break the Series Z 2;I Wanna Be The 213,Hyper Magic,Memme,,,
https://www.youtube.com/watch?v=hIHFUnLqrF0,I Wanna Be The ONG2,Bite the Bullet,まんぼう二等兵,,,
https://www.youtube.com/watch?v=HVepPCuS6io&t=23s,I Wanna Fuck The Cat,風の憧憬 -Miku MIX-,Yasunori Mitsuda; ZION,,,
https://www.youtube.com/watch?v=B5fIvQts65I&t=15s,I Wanna Fuck The Cat,GAME OVER,八王子P,,,
https://youtu.be/NXNfMwUR-w4?t=60,I wanna be the Permanence 2,Cutie Panther,BiBi,,,
https://youtu.be/K5PoQMbchh0?t=41,I wanna be the Antimony,Flawless Wings of Yatagarasu,GLS,,,
https://www.youtube.com/watch?v=UgZFpO_Y6qo&t=97s,I wanna be the Newclear,Machine Gun Poem Doll,cosMo＠暴走p,,,
https://youtu.be/fLnchHAGi4I?t=50,I Wanna Soothe the Shroom,勇気はどこに?君の胸に!,Aqours,,,
https://youtu.be/-lq7taK_-1U?t=74,Twenty-Seven,Icarus,Trash80,,,
https://youtu.be/eYYRrDa7UZ0?t=30,I wanna be the Tencho's pictures,Valkyrie dimension,Spriggan,,,
https://www.youtube.com/watch?v=3LaiMY2PPSo&t=26s,I Wanna Be The Yes Cancel;I Wanna Be The GBC,渡ル者ガ途絶エタ橋,ZUN;dBu,,,
https://www.youtube.com/watch?v=7-nGeppVvfU&t=229s,I wanna be the Device;I wanna meet the suwako,∞,cosMo＠暴走P,,,
https://www.youtube.com/watch?v=R2OC0MHDgO0,I wanna be the 128,Excavation Site,Tomoya Ohtani; Mariko Nanba,,,
https://youtu.be/1fqspb0gBpo?t=21,I wanna defeat the spike dynasty,ワヴル魔法図書館,wobble magic library,,,
https://youtu.be/sUQPiV0LSjY?t=111,I Wanna Be The SK 1;I Wanna Kill the Shadowlink;I Wanna Kill The K -Revival-,Chameleon Love,PolyphonicBranch,,,
https://www.youtube.com/watch?v=eLhJj5aQ4zg&t=48s,I Wanna Be The Spirit;I Wanna Be The Best Guy;I Wanna Kill the Happil,함정카드 리믹스,Shinkichi Mitsumune; BeTick,,,
https://www.youtube.com/watch?v=S0JfwiHjVIg,I Wanna Be The Blue Coin Mania Saucer Fulfill;I Wanna Be The GBC,Insane Techniques,kors k,,,
https://youtu.be/-JSTRLO6hDo,I Wanna Be The GBC,Sakamoto-san no nyaa to Iu to demo Omotta ka (Instrumental),Hyadain,,,
https://www.youtube.com/watch?v=zhsS_CTz9tE,Panasonic Bluray,The Artist's House,Calum Bowen,,,
https://youtu.be/YhNhgDWkrOE?t=77,I Wanna be the Density;I Wanna be Time Characters;I Wanna Kill the Bric,Music Revolver,Zeami,,,
https://youtu.be/71RLx0qwDlc?t=47,I Wanna Defeat The VK Makers,Iris,kyou1110,,,
https://www.youtube.com/watch?v=c6w2zadN_lY&t=1415s,I Wanna Be The HeavenTrap2,FFⅠ～Ⅵノンストップバトルアレンジメドレー,Nobuo Uematsu,,,
https://www.youtube.com/watch?v=p46DVb2jPrg,I Wanna Make It Breaking Out;I Wanna Kill The Kamilia 2;I Wanna Kill The Kamilia 3,平成のインベーダー,ZUN; mocchie,,,
https://youtu.be/zDfTD35K1Ww?t=63,I Wanna be the PSG,D City Rock,TeddyLoid feat. Debra Zeer,,,
https://youtu.be/C1JS0fQLGlU?t=55,I Wanna XV Spike,to sleep forever would be my dream,i shouldn't be here,,,
https://www.youtube.com/watch?v=ziubPl820DA,I Wanna Respond Andromeda,Andromeda Andromeda,NayutalieN,,,
https://youtu.be/AJIYOeAdlcQ?t=60,I Wanna Defeat the Discord Makers NA Side,Hoppe Ga Ochiru,Frenssu,,,
https://www.youtube.com/watch?v=dn06kQxjIfM,I Wanna Be The Dancer,ゴチャゴチャうるせー！,Owata-P,,,
https://youtu.be/pDyqY5NT_6A?t=22,I wanna beat the Highest Jump,双頭の零 (kyou1110 Remix),廻転楕円体,,,
https://www.youtube.com/watch?v=AJO8uo3UMko&t=1s,I Wanna be the TC;I Wanna be the Dancer,Rave On,Masafumi Takada,,,
https://youtu.be/gd2TMxWpTqA,I Wanna Defeat the Discord Makers NA Side,Zedoary,Flughand,,,
https://youtu.be/Fg5z4-nqN5E?t=1636,I wanna be the Mars;Irkara Needle;Find My Answer,Beautiful Voyage,IZMIZM,,,
https://www.youtube.com/watch?v=SeIJmciN8mo&t=40s,I Wanna Be The Dancer,Starships,Nicki Minaj,,,
https://www.youtube.com/watch?v=auxzUFLJ32s&t=9s,I Wanna Be The Dancer;I Wanna Be The Fantasy,I=Fantasy,"""hitman"" bang",,,
https://www.youtube.com/watch?v=UMEQ_bsJ8hw,I Wanna Soothe the Shroom,未体験HORIZON (off vocal),Aqours,,,
https://youtu.be/ZPea2e4uTM8?t=80,I wanna defeat the Discord Makers,Trance Turnabout,NemesisTheory,,,
https://youtu.be/oh9UGmqtdMg?t=17,I Wanna Be The Dancer;Avoidance Ability Test,チルドレンレコード,自然の敵P,,,
https://youtu.be/CNYXH5LjW3E?t=254,I Wanna Turn the Lights On,Crystals,Professor Kliq,,,
https://youtu.be/iMPcoRHwhaQ?t=76,I wanna be the Acid,Acid Burst,Memme,,,
https://www.youtube.com/watch?v=-83wtSkN5kQ,I wanna try a Collab;I Wanna Maker,Elemelons,DJVI,,,
https://youtu.be/sJdKGBYDl5s?t=61,Twenty-Eight,Mental Oxide,Hawawa,,,
https://youtu.be/EZJs9YfVDus?t=31,I Wanna Fucking PARTY HARD!,Mmm Yeah,Austin Mahone ft. Pitbull,,,
https://youtu.be/H9K8-3PHZOU?t=17,これは怪しい針ゲームです。;I Wanna Go the Twourney;I Wanna Traverse the Seven Aspects,The HampsterDance Song,Hampton the Hamster,,,
https://youtu.be/gDopVUgiJ4Y?t=2,I wanna be the Nightmare,Nightmare Paradise,2X,,,
https://www.youtube.com/watch?v=R8F8xpkffB8,I Wanna Be The Dancer,Lover's Suicide Oblivion,Asaki No'9; OPA,,,
https://youtu.be/HLTLl13yQVc?t=41,I Wanna Be the Butterfly,Battle,門倉聡,,,
https://youtu.be/KZ-8RzQlGo4?t=164,I wanna be the Butterfly Nova,History of the Moon (Liverne Remix),Liverne,,,
https://www.youtube.com/watch?v=9bZkp7q19f0&t=18s,I Wanna Be The Rockman;I Wanna Kill the Happil,Gangnam Style,Psy,,,
https://youtu.be/KNF_5d38DhI?t=50,I Wanna Get The OOPARTS,Fantazindy,RYO,,,
https://youtu.be/lRERY8Suo50?t=60,I Wanna ×≧〇※◇●% The Francium;I Wanna Visit Hawaii,Francium,チータン,,,
https://youtu.be/5amsqQslEp8?t=76,I Wanna Kill the Needer Games,Paradox,Bethas,,,
https://www.youtube.com/watch?v=DvrBTDQPxBo&t=106s,I Wanna Defeat The Four Horsemen Of Hardcore Gaming;The Farewell Medley,Searchlights,Simon Viklund,,,
https://youtu.be/C6HEP_jb6jc?t=19,I wanna Gnol2,Everybody bounce,Waterflame,,,
https://www.youtube.com/watch?v=zpvpwSczIA0&t=58s,I Wanna Ascend The Christmas Tree,All I Want for Christmas Is You,Mariah Carey;Tax,,,
https://youtu.be/u9xSFk1ZDgw?t=106,I Wanna Graze The Roof,Graze The Roof,Laura Shigihara,,,
https://www.youtube.com/watch?v=eYB-oRGN-hw&t=112s,I Wanna Be The Avis,ロミオとシンデレラ (Zekk Remix),doriko; Zekk,,,
https://youtu.be/z-kGxK-qnmA?t=81,I Wanna Be The 基地guy,Pika Girl,S3RL,,,
https://youtu.be/xQT9KcAGiCk?t=16,I Wanna T.R.A.P.,日本ブレイクコア工廠,kyou1110,,,
https://youtu.be/CJYIBWoQCwY?t=101,I Wanna Be The Mood Breaker,Mood Breaker,t+pazolite,,,
https://www.youtube.com/watch?v=ytWYjoqGdVE,I Wanna be the AAI,Wonder of Wonder,daniwell,,,
https://www.youtube.com/watch?v=ZLmhDZBtnzE,I Wanna Defeat the Discord Makers JP Side;I wanna Mornin!!;I Wanna Destroy the Maelstrom,The Melody of Water Will Lead the Way,Motoi Sakuraba,,,
https://www.youtube.com/watch?v=OKRcsis3pCA,I Wanna Rush Out!,Ending ~ A Hero Returns,Makoto Tomozawa,,,
https://www.youtube.com/watch?v=CG6sN1QP8ik&t=21s,I Don't Wanna Be The Gay;I Wanna Be The Just Trap,ArchLord main theme,The London Symphony Orchestra,,,
https://www.youtube.com/watch?v=OU7YFePj3jM&t=31s,I Wanna Melt The Snow;Nacreous Snowmelt,Nacreous Snowmelt,Camellia,,,
https://www.youtube.com/watch?v=tXCbRloR7oU,冰淇淋,Red Sun In The Sky,中国唱片集团,,,
https://www.youtube.com/watch?v=uMEU2Jpj0Y4,冰淇淋,If You Feel My Love (Chaow Mix),Blaxy Girls,,,
https://youtu.be/K-xQz9FEVx8?t=18,I Wanna Kill The Kamilia 3;I Wanna Kakachick;I Wanna Control The Space,498 Tokio,Hige Driver,,,
https://youtu.be/9v_K7YRhRUM?t=1,I Wanna Be The Insanity Ultimate,決戦～a fight to the finish～,カトウリン,,,
https://www.youtube.com/watch?v=BhApkAtsDks,I Wanna Be The Senor;I Wanna Be The Another Zero - Zero Mode,Over Drive,Ryo Takeshita,,,
https://www.youtube.com/watch?v=qAx3hTZeyBw&t=29s,I Wanna Kill The Needle SGGK,Solaris Phase 2,Tomoya Ohtani,,,
https://www.youtube.com/watch?v=6Trk_34r1vE,I Wanna Be The Retro!;I Wanna be the Retro,Armored Armadillo,Setsuo Yamamoto,,,
https://youtu.be/P2wIZX8FMnU?t=96,I wanna ezileG;I wanna paint to Stage,Xiorc,Team Grimoire + あま猫,,,
https://www.youtube.com/watch?v=dAXiLVHMxmY&t=30s,I Wanna Sxx In Hellgate,Sex Doll with Life,Utsu-P,,,
https://www.youtube.com/watch?v=nBTIZHihEH0,I Wanna Break The Series Z,Electric Romeo,Immediate Music,,,
https://youtu.be/1LsNmHNQSWY?t=75,I Wanna Defeat The VK Makers,Dance Of Swords,Aivi & Surasshu,,,
https://youtu.be/3kexEvsTw8Y?t=16,I Wanna Touch The Ripper;I Wanna Celebrate The RETSU,Jack-the-Ripper◆,sasakure.UK,,,
https://youtu.be/ZLXmF95zYA0?t=10,I Wanna Escape The Mysterious House;I Wanna Kill the Kamilia;I Wanna Kill The Kamilia 2,Blackjack,ゆちゃP,,,
https://www.youtube.com/watch?v=7_QydNXI_ok&t=86s,I Wanna Star Adventure;One Save Four Screens;One Person Four Tomodati,Lonely Rolling Star,Yoshihito Yano; Saki Kabata,,,
https://youtu.be/8Od6q2DVXWA?t=28,I Wanna Be The Hero-Again;I Wanna Be The CRWJ;The Avoidance Complex,Rock My Emotions,Kitsune²,,,
https://www.youtube.com/watch?v=VJFNcHgQ4HM&t=178s,Galaxy Collapse,Galaxy Collapse,Kurokotei,,,
https://www.youtube.com/watch?v=c-pSpUK93tQ&t=231s,Scattered Faith,Scattered Faith,Kurokotei,,,
https://www.youtube.com/watch?v=kCNeNQeVF_o,I Wanna be the Boshy;dinosaur needle,Monster (Requested by Anuj071),Fabrice Paumier & Francis Fournier,,,
https://youtu.be/bNp1xmDkt7A?t=84,I wanna be the T,Rave up 2 Uk,Rin,,,
https://youtu.be/ajEZ46btOs4?t=153,I wanna be the GreenMan,Trans Boulogne Express,Birdy Nam Nam,,,
https://youtu.be/VdChDzcA_zI?t=32,I Wanna Masochist,Egypt Nature - Desert Sunrise,The Mystic Sound Orchestra,,,
https://www.youtube.com/watch?v=LbSeT7uFAhw&t=90s,I Wanna Nonamed Spike 2,Circus!,PLUTONIUM,,,
https://youtu.be/9AbIySvN3gU?t=81,I wanna Anticlimax,Labyrinth,Lapix,,,
https://youtu.be/zKaoDdNZhJE?t=11,Not Another Needle Contest 2;Chungo's Gauntlet,GOD RACE,METAROOM,,,
https://www.youtube.com/watch?v=puQfWQZZPl4,I Wanna be the Jerma,The Yoinky Sploinky,japanesecoffee,,,
https://youtu.be/fE4ypgID8sY?t=35,Flames Needle,Satori Maiden ~ Innumerable Eyes,Demetori,,,
https://www.youtube.com/watch?v=dtyUqHEUK38,I Wanna Thank You Mauricio Juega IWBT,Seph,Plaid,,,
https://www.youtube.com/watch?v=Gyb_mATtnDw,I Wanna be the Kukulu,The Dance of Leaves,HanStone,,,
https://www.youtube.com/watch?v=LUgQ3CToNIs,I Wanna be the Kukulu,Counterattack of Shadowy Requiem,HanStone,,,
https://www.youtube.com/watch?v=BVGMjwhQdo8,I Wanna be the Kukulu,An Old Story from Grandma (TA Mix),HanStone,,,
https://www.youtube.com/watch?v=gyHji2lQoP4,I Wanna be the Kukulu,Slash!,HanStone,,,
https://www.youtube.com/watch?v=vnaGnSyHsTM,I Wanna be the Kukulu,Shadow of Early Dawn ~ Ouroboros,HanStone,,,
https://www.youtube.com/watch?v=crSLo1_Eftg,I Wanna be the Kukulu,Fleta,HanStone,,,
https://youtu.be/GYlpoFWPbcc?t=172,I Wanna be the Volatile Presence,Recoiled,Flying Lotus,,,
https://youtu.be/JJ80CrYxrLE?t=159,Phonotransmitter,Madoromi,Daisuke Ohnuma,,,
https://youtu.be/vMynq2uxkj4?t=130,Phonotaxis,Greyfield,xarva,,,
https://youtu.be/1-KI2RUE59I?t=98,I Wanna Seek the Miracle;I Wanna be the Name,Evangelize,syatten,,,
https://youtu.be/faVWQlA-KP0?t=35,I Wanna Guy Cosmo,Steamworks,The Presets,,,
https://www.youtube.com/watch?v=kpi3tCU2Clc&t=41s,Summer Feast Needle Bliss,Fable,Mili,,,
https://youtu.be/mVdSAWWOvSw?t=33,I Wanna be the Krypton,Reprise,Feint,,,
https://youtu.be/R7JO4pX2MhE?t=104,I Wanna be the Immaculate Scumble,Yellow Calx,Aphex Twin,,,
https://www.youtube.com/watch?v=fg4i73UhSmo&t=93s,I Wanna Break the Series Z 3;I Wanna Kill The Lくん ,The Direction to the Heart of the Forest,Manabu Namiki,,,
https://www.youtube.com/watch?v=w9p4Q0a8g5I&t=11s,I wanna try a Collab 2,Old School Knuckles,BotanicSage,,,
https://www.youtube.com/watch?v=L0WU0OJtt38&t=94s,I Wanna Break the Series Z 2;I Wanna Break the Last Z,UltraHardAttacks of OddMusiK(cosmobsp-style),Yuuyu; cosMo＠暴走P,,,
https://www.youtube.com/watch?v=atY7ymXAcRQ,I Wanna Defeat The VK Makers;I Don't Wanna Be Pu,Sunshine Lollipops And Rainbows,Lesley Gore,,,
https://www.youtube.com/watch?v=8Iu0H2BNzlk,I Wanna Be Like Zoop;I Wanna Play The Game;I Wanna Revenge To Creeper;I Wanna Be The Just Trap,New Beginnings (Techno),smelin,,,
https://www.youtube.com/watch?v=RMvCsuWNtCY,I Wanna Kill the 2sweepor;I Wanna Keep My Roulette Streak,Bãtutã din Moldova,Fanfare Vagabontu,,,
https://www.youtube.com/watch?v=BGORm3P0F1w,I Dun Wanna be Anything 2,Battle B1,Ryota Kozuka,,,
https://www.youtube.com/watch?v=1AEv9jtPjz8&t=57s,I Wanna Play The Catastrophe,Catastrophe,キョーヘイ; Marina; 音坂キョーヘイ; 石橋 健太郎; 山口 友也; 3110,,,
https://www.youtube.com/watch?v=RWppAwvLa_0&t=191s,I Wanna ToTo Needle,LEVEL5-judgelight- (Instrumental),fripSide,,,
https://www.youtube.com/watch?v=ppum72Zqxq8&t=4s,I wanna Be The Boshy,Bill O'Reilly Flips Out —DANCE REMIX,Revolucion,,,
https://www.youtube.com/watch?v=I9MiYP5mS9g,I Wanna Kill The Kamilia 2 WARPED,Buttville The Descent (CPS2 Extended Remix),TheLegendofRenegade,,,
https://www.youtube.com/watch?v=_xRCbdFrSSc&t=4s,I Wanna Burnmind;I wanna be the Sublime,They're Coming to Take Me Away Ha-Haaa!,Napoleon XIV,,,
https://youtu.be/3dGFRLz7QoQ?t=80,I Wanna Be Unhappy;I Wanna Be The Easy 耐久;I Wanna Thank The Wowaka;I Wanna be a Happy Refrain,Unhappy Refrain,wowaka,,,
https://www.youtube.com/watch?v=5XnsrJ8l_1M&t=136s,I Wanna Be The White & Black;I Wanna Kill The Kamilia 3;I Wanna Be The Interval;I Wanna Keep My Miku;I Wanna Conquer The Reverse Gravity;I Wanna End The W & B Miku;I Wanna Clear The Crime & Punishment,Crime And Punishment,DECO*27,,,
https://www.youtube.com/watch?v=grd-K33tOSM&t=10s,I Wanna Get Some Drip;I Wanna Be The GBC,Among Us Trap Remix,Leonz,,,
https://www.youtube.com/watch?v=lcdPz6kE71I&t=166s,I Wanna Nonamed Spike 2;I Wanna be the Volatile Presence,Credits EX,Frums,,,
https://www.youtube.com/watch?v=ZGM5BqLtf_4&t=75s,I Wanna Nonamed Spike 2,Adventure's End,GaMetal,,,
https://www.youtube.com/watch?v=JhKyKEDxo8Q&t=73s,I Wanna Masochist;I wanna get Cultured;I Wanna be the Geometry Dash,Stereo Madness,Forever Bound,,,
https://www.youtube.com/watch?v=joY-V3oQy_s&t=42s,I Wanna Masochist,Jomanda (saqwz Hardcore Remix),DJ YOSHITAKA; saqwz,,,
https://www.youtube.com/watch?v=Kn066hDKjx4&t=205s,I Wanna Be The Beginner Hololive,Shiny Smily Story,COVER Corp.,,,
https://www.youtube.com/watch?v=-A3KIYjzIY4,I Wanna Break The Five Wanna;I Wanna Be The Best Guy,DEFENSIVE LINE - Lurk in the Darkness,Manabu Namiki,,,
https://www.youtube.com/watch?v=bFSZFua9KUM&t=74s,I Wanna Be The Player Killer;I Wanna Rost The Car,Wanna Die,梨本うい,,,
https://www.youtube.com/watch?v=P7HPwi60-Mw&t=39s,I Wanna Be The HeavenTrap;I Wanna De The Room Trap;I Wanna Be The Zwolle Trap,ロックマン２（オープニング）の曲に音を重ねてアレンジしてみた。,おげれつくん; 化マ,,,
https://youtu.be/v_OJi82p-aw?t=18,I Wanna Be The Barrage;I Wanna WTIS;I Wanna Be The Perfection AAA,蟹飯を炊く時間はサービス残業に含まれますか？,長月 明,,,
https://www.youtube.com/watch?v=qy7Sj20raRA&t=22s,I Wanna Be The Snow!;I Wanna Be The Knit;I Wanna Be The Copious;I Wanna Be The Foot,Snow Goose,Mutsuhiko Izumi,,,
https://www.youtube.com/watch?v=8Z3TbMBfDM0&t=139s,I Wanna Kill The Kamilia 3;I Wanna Revenge The Doruppi;I Wanna Be The Common World;Kei Wanna Conquer The World,Common World Domination,Pinocchio-P,,,
https://www.youtube.com/watch?v=b8PfM1HdwqA&t=77s,I Wanna Kill The Kamilia 3;I Wanna Beat The Random Numbers;I Wanna Kill The Needle SGGK;I Wanna Kill the Blue Mage,NEXT STAGE,Muryoku-P,,,
https://www.youtube.com/watch?v=GsLVOWUP45Y&t=9s,I Wanna Brynhildr Survival;I Wanna NPM,BRYNHILDR IN THE DARKNESS,Nao Tokisawa,,,
https://www.youtube.com/watch?v=CGVDLxa_3rI&t=98s,I Wanna Escape The Grave;Happy Birthday Cherry,Lavender Town - Solkrieg's Dream Eater Dubstep Remix,Junichi Masuda; Solkrieg,,,
https://www.youtube.com/watch?v=Qskm9MTz2V4&t=60s,I Wanna Rush E,RUSH E,Sheet Music Boss,,,
https://youtu.be/mtc3L7_f9Nk?t=71,I wanna Be The Justice Guy,The Ancient Dragon,Motoi Sakuraba,,,
https://www.youtube.com/watch?v=l2a_R7MXK9s&t=47s,I Wanna Kill the Minesweepor,STEVIE L'S,TrippyThaKid; Sihk,,,
https://www.youtube.com/watch?v=avaSdC0QOUM&t=105s,I Wanna Kill The Weston Douglas Jones,I'm On A Boat,The Lonely Island; T-Pain,,,
https://www.youtube.com/watch?v=_DApopm7NWQ&t=216s,I Wanna Be The Esperanto,Sky Tower Rising,Yamajet,,,
https://www.youtube.com/watch?v=oclMbobZef8,I Wanna Be The Fail,Metallic Mario,Koji Kondo,,,
https://www.youtube.com/watch?v=AfLLzxYROF4&t=74s,Vodka Makers,Let Me Hit It (Audiostalkers Remix),Sporty-O; Audiostalkers,,,
https://www.youtube.com/watch?v=SrEHyYlJjVA,I Wanna be the Best Guy 4;Vodka Makers 2;I Wanna be the MSR;I Wanna eXceed,Intersect Thunderbolt,S.S.H.,,,
https://www.youtube.com/watch?v=H3SwtCjdHyM&t=70s,I Wanna Be The R.E.D Moon,Providence,S.S.H.,,,
https://www.youtube.com/watch?v=ha_AavMVGrc&t=43s,I Wanna Kill The K -Revival-,White Beelzebub,S.S.H.,,,
https://www.youtube.com/watch?v=gpi6xUuDNQg&t=55s,I Wanna Take The Timemachine;I Wanna Kill the Happil;I Wanna Be The Gamer 2;I Wanna Kill The Medley;I Wanna Kill The Sankaku,Technoboss,S.S.H.,,,
https://www.youtube.com/watch?v=ifs4zmWD3ms&t=72s,I Wanna Be The Get☆Dan;I Wanna Be The Serious;I Wanna Be The GDN,promise,Kohmi Hirose,,,
https://www.youtube.com/watch?v=CqVEfCisiuM&t=26s,I Wanna Be The Breather,Last Battle -T260G-,Kenji Ito,,,
https://www.youtube.com/watch?v=xxFkW3PCT5M&t=180s,I Wanna Keep My Mental;I Wanna Be The Pierrot,Clockwork Clown,40mP,,,
https://www.youtube.com/watch?v=YtznPVqaGz0,I Wanna Be The Guy;I Wanna Be The NES;I'm Bored 2: The Game;I Wanna Stop the Simulation,Butsutekkai,Hiroshi Iuchi,,,
https://youtu.be/GjXWtEqs8I4?t=281,I Wanna Be The GBC,Knights of Cydonia,Muse,,,
https://www.youtube.com/watch?v=Fljy9OHZ3Ps&t=263s,I Wanna Be The GBC,AQUAMARINE,Asami Imai,,,
https://www.youtube.com/watch?v=a-nTCawDhII&t=50s,I Wanna Make The Various Avoidances,ぽっかんカラー,Kikuo,,,
https://www.youtube.com/watch?v=MYb0uomzcBQ,I Wanna Revive The Guy,Giant Bowser,New Super Mario Bros. Wii,,,
https://www.youtube.com/watch?v=L_jWHffIx5E&t=37s,I Wanna T.R.A.P.,All Star,Smash Mouth,,,
https://www.youtube.com/watch?v=LO3f-A9460Q&t=17s,I Wanna Be The Distant;I Wanna Musiclock;I Wanna Be The Music Clock;I Wanna Get Better with Avoidances,musiClock,lumo,,,
https://www.youtube.com/watch?v=3kXwv2uiaYQ,I Wanna Lick The やよいたん！！,ζ*'ヮ')ζζ*'ヮ')ζζ*'ヮ')ζζ*'ヮ')ζζ*'ヮ')ζ !!!!,ヒトコト,,,
https://youtu.be/EwTZ2xpQwpA?t=77,I wanna Be The Boshy;I Wanna Be Like Brisulph,Chocolate Rain,Tay Zonday,,,
https://youtu.be/48pKo829RRM?t=72,I Wanna Challenge 100 Trials!!,Dirty and Beauty,Jun Ishikawa,,,
https://www.youtube.com/watch?v=lSK8bNDmF6c&t=27s,I Wanna Be The PuyoPlayer,繰り返し一粒 (Rin ver.),Nekomushi-P,,,
https://www.youtube.com/watch?v=vXSpdipuiFs&t=47s,I Wanna Be Invisible;Endurance Medley Party!,インビジブル,kemu,,,
https://youtu.be/9DD6JvY06Ok?t=48,I Wanna Kill The Kamilia 3;I Wanna Streaming Your Heart;I Wanna Be The Love-Lost,ストリーミングハート,DECO*27,,,
https://www.youtube.com/watch?v=LGxLbCQQkjI&t=273s,I Wanna Be The DIVA -Extend-;I Wanna Be The Rainbow World;アイワナ制作のいいネタ思いつかなさ過ぎてつらい;I Wanna Saber5;I Wanna Kill The KingTheSlendyKiller2;I Wanna Be The Iwanero 2;I Wanna YS,炉心融解,iroha,,,
https://www.youtube.com/watch?v=hSlb1ezRqfA&t=70s,I Wanna Be The Jake Paul,It's Everyday Bro,Jake Paul; Team 10,,,
https://www.youtube.com/watch?v=2_AuoTDQjvQ,I Wanna Be The Dancer,立ち向かえ！君はカッコイイ！,了; ミっちゃん,,,
https://www.youtube.com/watch?v=AHA9BnXrPSE&t=78s,Evoltex;I Wanna Be The TTJ,Evoltex,Arch,,,
https://www.youtube.com/watch?v=AonyS8x8r6I&t=50s,I Wanna Be The Blue & White;I Wanna Break the Series Z 2,Happy fruit!,azuma,,,
https://www.youtube.com/watch?v=d1EveeIbSNE&t=40s,I Wanna Be The Unknown,天空のグリニッジ,Jun. A,,,
https://youtu.be/G9YX0pO9qfM?t=191,I Wanna Reach The Steins Gate,Gate OF STEINER,Eri Sasaki,,,
https://youtu.be/dmmnx4VQmPU?t=77,I Wanna Relax With Needle 3,Itsumo Kono Basho de,Ayane,,,
https://www.youtube.com/watch?v=rQiHzcdUPAU&t=227s,I Wanna Close The World;I Wanna Close The Tomodati,Komm süsser Tod,Shiro Sagisu,,,
https://youtu.be/Qt4bIqWo9qI?t=83,I Wanna Be the Maze,Go Beyond!!,Ryu☆ & Sota Fujimori ,,,
https://www.youtube.com/watch?v=OzGVz1ClxIc&t=51s,I Wanna Snow Halation;I Wanna Play The SIF 2,Snow Halation,μ's,,,
https://youtu.be/B3_ckwP18Sk?t=66,I Wanna Be The Burst,Bangin' Burst,Camellia,,,
https://youtu.be/0RMnjL6X2gg?t=35,I Wanna Kill the Happil 2,My Innermost Apocalypse,Danny Baranowsky,,,
https://www.youtube.com/watch?v=vfkn9FvjH90&t=128s,I Wanna Be The Flower;I Wanna Be The Contrary;I Wanna Kill The Kamilia 3;I Wanna Kill the Happil 2;I Wanna Break the Series Z 2;I Wanna Kill the Bric,Antichlorobenzene,Owata-P,,,
https://www.youtube.com/watch?v=jDtETOzFaKY,I Wanna Tomodati,おやすみオルゴール,まんぼう二等兵,,,
https://www.youtube.com/watch?v=tZ8Et3qDsgA,I Wanna Are These The World's Most Crispy Fries,Crispy Fries,BenDeen,,,
https://www.youtube.com/watch?v=Kjwlzs1OJcY,I Wanna Be The MAo Trap,Still Waiting,Sum 41,,,
https://youtu.be/TnpXuh6g1C4?t=21,I Wanna Fill in the Blanks 2,Titanium Sky,Antti Martikainen,,,
https://youtu.be/sN3wSjDiHkk?t=18,I Wanna Fill in the Blanks 2,Rulers of the Wildspire,Monster Hunter World OST,,,
https://www.youtube.com/watch?v=i1H6SEvXd2k&t=17s,I Wanna Fill in the Blanks 2,Treehouse,Oli Wood,,,
https://youtu.be/fIka5DRtNp8?t=9,I Wanna Fill in the Blanks 2,Ow you shot me you a-hole,Dr Evil,,,
https://www.youtube.com/watch?v=GBBYwQ5YYXY,I Wanna Remember the Reitengo,Freedom,durn,,,
https://www.youtube.com/watch?v=ZVodie-xAgc,I Wanna Remember the Reitengo,Lunatic Eyes Amane Remix,Touhou Tracks RMX,,,
https://www.youtube.com/watch?v=qpB4K2iSWCI,Not Another Needle Game;I Wanna Kill the Nogard,Before Mydnite,F-777,,,
https://www.youtube.com/watch?v=BsYXbnGv2Gg,I Wanna Explore Space,Cryptic Relics,Ape Escape,,,
https://youtu.be/4xZe6XU9Ebk?t=73,I Wanna Kill the Last Boss 1.5,4 Round,Forgotten Worlds,,,
https://youtu.be/I070npGFHRQ?t=22,I Wanna Kill the Last Boss 1.5,Boss Theme,Ghostbusters,,,
https://youtube.com/watch?v=ycA0AciOsng,I Wanna Kill the Last Boss,Stage 5 Boss,Soreyuke! Burunyanman OST,,,
https://youtu.be/pKv_wua6kFE,I Wanna Kill the Last Boss,Dragon Rider,Two Steps From Hell,,,
https://youtu.be/YeZwY4IV-Zs?t=7,I Wanna Kill the Last Boss,Great Thing,Darius Twin,,,
https://youtu.be/yXI1dw6eg9s,I Wanna Kill the Last Boss,Carrotus,Jazz Jackrabbit 2,,,
https://youtu.be/LeW1XLqLcsw?t=7,I Wanna Kill the Last Boss,Floor Theme,Kung Fu,,,
https://www.youtube.com/watch?v=5qFRgygF70o,I Wanna IWD Spike,Theme of Chester,Ys: Oath in Felghana,,,
https://www.youtube.com/watch?v=B8UpCQsCYDU,I Wanna be the Chloris,Boss Battle BGM,Kirby: Labyrinth of Mirrors,,,
https://youtu.be/NhfUqp4MvME?t=47,I Wanna be the Windy Quiz,Among the Souls,Snayk,,,
https://youtu.be/RiLqC-sFl6U?t=53,I Wanna be the Blizzard,Collapse of the Labyrinth,Ucchii0,,,
https://youtu.be/2xI8Nm7XK1I?t=81,I Wanna be the Blizzard,Despair,Ucchii0,,,
https://youtu.be/pjjRRUCbJs8?t=75,I Wanna be the Blizzard,Grand Final,Ucchii0,,,
https://youtu.be/mXowOXTiGvQ,I Wanna Blink,Another World,Super Mario Odyssey,,,
https://youtu.be/ekzoK3vhw70,The Cardinal House,Desperate Situation,Corpse Party - Blood Drive,,,
https://www.youtube.com/watch?v=gZn0EgZ9jWs,The Cardinal House,Volucer Warden of the Cosmos,Night of the Hunt,,,
https://youtu.be/Eg2vKZ8aNMo,The Cardinal House,Succubus Queen,Vindictus Season 1,,,
https://youtu.be/lqCnBx6QTP8?t=31,I Wanna Be The Pendulum,Sweet Sweet Cendrillon Drug,巡音ルカ / uzP,,,
https://youtu.be/Nft7tiy5E-w?t=42,I Wanna be the Rain,Clair de Lune,Claude Debussy,,,
https://www.youtube.com/watch?v=8AQ_1wua68A,I Wanna be the Boshy;I Wanna Kill the Guy;I Wanna be the Diverse;I Wanna be the Dancer;I Wanna Kill the Happil,Lol U Died,Diabolo-ical,,,
https://www.youtube.com/watch?v=AjI0SRfyOTQ,SlimePark,Forest Fairy Pippi,Witch's Heart OST,,,
https://www.youtube.com/watch?v=fXeabDKoatE,game,song,duncan,,,
https://youtu.be/yXhYyH1bYOI?t=74,I Wanna be the Shiny Spark!!,Furufuru Future☆,Miki Hoshii,,,
https://www.youtube.com/watch?v=7N28NckaBkQ,I Wanna be the Scenery,To Fight a Spell by Dancing,Komiku,,,
https://youtu.be/OBov-WDE5sg?t=18,I Wanna be the Scenery,It feels good to be alive too,Loyalty Music Freak,,,
https://www.youtube.com/watch?v=Q-dLcRpqtfs,WannaFest 22,Elevator,Cédric Joder,,,
https://youtu.be/1Ptm_mAVL5k?t=50,WannaFest 22,Cubic Void,plustek,,,
https://youtu.be/cYsXqa2YDmE?t=68,WannaFest 22,Title Theme (Home World Run),plustek,,,
https://youtu.be/i6hhCdF7Azk?t=43,WannaFest 22,Dice Dance Days,Norio Hanzawa,,,
https://youtu.be/VxEChrSHzC0?t=103,WannaFest 22,Crescent Moon Village,Ryoji Yoshitomi,,,
https://youtu.be/G6KxNNH10FY?t=42,I Wanna See the Moon;WannaFest 22,Mine of Lights,Junko Ozawa,,,
https://youtu.be/muN_BdSYbWU?t=71,WannaFest 22,Beats from Above,Tetsukazu Nakanishi,,,
https://youtu.be/q-IEkvOCNd8?t=15,WannaFest 22,Menu (Namachuukei 68),Yuji Takenouchi,,,
https://youtu.be/Z8xmH3KvAlE?t=43,WannaFest 22,Metallic Madness (Bad Future ~ JP Version),Naofumi Hataya; Masafumi Ogata ,,,
https://youtu.be/bYc9-2StzXI?t=219,BONK: An Interactive Exposition,Enormous Inner Strength,Yukihiro Jundo,,,
https://www.youtube.com/watch?v=Ozo_oTjHWh0,Crusher's Curse,DBD File No08,MusMus,,,
https://youtu.be/bOG5Qo_EPrE?t=3,BONK: An Interactive Exposition;I Wanna Kill The Kamilia 2,Speed Highway (Classic),Sonic Generations,,,
https://www.youtube.com/watch?v=L7kFlkW-qN8,BONK: An Interactive Exposition,National Aerobic Championship Theme,Ty Parr,,,
https://youtu.be/qE6mruRB1PA?t=60,enchanted love;I wanna be the Accurate,enchanted love,linear ring,,,
https://www.youtube.com/watch?v=E8dqji78TmY,BONK: An Interactive Exposition,Level 3,Eversion,,,
https://www.youtube.com/watch?v=0krU1dfhqB0,BONK: An Interactive Exposition,Elevator,Divekick,,,
https://www.youtube.com/watch?v=-K9EEaNv8xU&t=62s,Vodka Makers,BOSHY TIME,NOMI,,,
https://www.youtube.com/watch?v=hpu9cMJSoaA&t=12s,I Wanna Be The Shape;RNG Dungeon,Under My Control,Hirokazu Ando; Jun Ishikawa,,,
https://youtu.be/rJ6XqPgWX0Q?t=32,I wanna be the dancer,Tú eres mi canción con letra,Lucia Gil,,,
https://www.youtube.com/watch?v=fawHhjZEx8g,BONK: An Interactive Exposition,Beyond Stage Select,DemonCrawl,,,
https://www.youtube.com/watch?v=hOrTU2NNDVQ,BONK: An Interactive Exposition,Big Brother,Susumu Hirasawa,,,
https://youtu.be/Z-s9wms8Pkw?t=4,I wanna be the Lizardmanmaster2,Final Maiden's Master Capriccio Spark,dBu,,,
https://www.youtube.com/watch?v=PFF14JBtmu8,I wanna be the Flash;I Wanna be the FA,All I Want,The Offspring,,,
https://youtu.be/N_x72hA7_SY?t=62,I Wanna Be The Spirit;I wanna be the Flash;I wanna be the Japanese sword,Dragostea Din Tei,O-Zone,,,
https://youtu.be/7yGaw_Dhxvo?t=246,RNG Dungeon,Born in a Tropical Swamp,Secede,,,
https://youtu.be/eiMjf3shVF0?t=25,Chippy,EPHMR,aran,,,
https://www.youtube.com/watch?v=q7uTnxYFDSw,RNG Dungeon,Pink Soldiers,Squid Games,,,
https://youtu.be/6ZO5oeK3RMw?t=80,RNG Dungeon,The Direction to the Heart of the Forest,Yoshimi Kudo,,,
https://www.youtube.com/watch?v=JWkhyi6Bjjs&t=130s,RNG Dungeon,Please Don't Remember,The Flashbulb,,,
https://youtu.be/RwFw9-ze6K4?t=97,RNG Dungeon,玩具狂奏曲 -終焉-,Kikuo,,,
https://youtu.be/fziXeHBPxtQ?t=97,I Wanna Freezemind,Laughcry Dubtron,Pilotredsky,,,
https://youtu.be/OWtkP5ahOgc?t=40,I Wanna Freezemind,Spitting Glass,YOU LOVE HER,,,
https://youtu.be/BbuqTFLvd6s?t=30,I Wanna Freezemind,Stadium,One Must Fall 2097,,,
https://youtu.be/DunI4rFcQ1w?t=29,I Wanna Freezemind,Desert,Castle Cat 3,,,
https://youtu.be/jsbVtNa5-hg?t=47,I Wanna Freezemind,Quadratische Funktionen,DorFuchs,,,
https://youtu.be/_J0wkwgTbvc?t=38,Chungo's Gauntlet,666 Kill Chop Deluxe,Widdly 2 Diddly,,,
https://youtu.be/5M8cgA5C17I?t=23,I Wanna Go the Spookventure,Happy Birthday to you MIDI REMIX,TheHartcor,,,
https://youtu.be/-qrBqzhs3lY?t=107,I Wanna Catch the Clown,Pierrot of the Star-Spangled Banner,plustek,,,
https://youtu.be/hbfW5VEGztg?t=49,I Wanna Veah,ウ”ィ”エ”,Kakeru,,,
https://youtu.be/cmlCuzn_mqI?t=36,I Wanna be the Bad Boy,Bad Boy (Nightcore),Cascada,,,
https://youtu.be/4EhqQVsmNng?t=31,I Wanna Kill the Crazy Frog,Copa Banana,Crazy Frog,,,
https://youtu.be/b4RqkrKm23I?t=8,I Wanna Eat the Worm,Insert Title Here,Wilidacious,,,
https://youtu.be/KefTFv6XqjU?t=35,I Wanna Take the Timemachine;I Wanna Eat the Worm,Mario,S.S.H.,,,
https://youtu.be/QTY4fopHxtQ?t=18,I Wanna Change a Lightbulb,Yoshi's Island - Final Boss (Genesis Remix),coatlesscarl,,,
https://www.youtube.com/watch?v=10yw5Q0mPPw,Google,Cyber Battle (Solo),Toby Fox,,,
https://youtu.be/yxBi8PAx0B4?t=6,Google,Delfino Plaza (Trap Remix),DaGameBoy,,,
https://youtu.be/TeA2ujn8_vU?t=127,Crusher's Curse,keygen,Kosu & South,,,
https://youtu.be/sm8UYLTbGWg?t=429,I Want to Fit In,Black Hole Bird,World's End Girlfriend,,,
https://youtu.be/UDUXIQ9vQYA?t=50,I Wanna be the Scapegoat,Lost Colors,Yume Nikki Gensou,,,
https://youtu.be/pdS1_ZSj_jk?t=22,I Wanna be the Scapegoat,Lady's Rhapsody,MiyocoMusic,,,
https://www.youtube.com/watch?v=rajrboXJqXY,I Wanna Go Shopping,Kalo Ngana Rindu Coba Dengar Ni Lagu,Adit Sparky,,,
https://youtu.be/8wKWwUzgCE8?t=10,Chungo's Gauntlet,It Means Everything.,Pedro Silva,,,
https://youtu.be/t0nxKPBiceo?t=77,I Wanna Kill the Crazy Frog,Axel F,Crazy Frog,,,
https://www.youtube.com/watch?v=YO6yKQ07aAA,I Wanna be the Ultimate Hero;Kid Tales - The Legend of Brom,Psyenergy Training Grounds,Motoi Sakuraba,,,
https://youtu.be/2ELG3ahkh74?t=28,Kid Tales - The Legend of Brom,An Adept's New Home,Motoi Sakuraba,,,
https://youtu.be/cKyQL9xSUng?t=55,Kid Tales - The Legend of Brom,Battle! (Before Eclipse 1),Motoi Sakuraba,,,
https://youtu.be/opADNvgeZYY?t=55,I Wanna be the Vardoc;I Wanna Kill the 2sweepor,Airman Ga Taosenai,Team Canned Catfood,,,
https://youtu.be/6y1oEy1e1KA?t=100,WannaFest 22,BGM 2,Tetris: The Grand Master,,,
https://www.youtube.com/watch?v=SCw7vDR_K2o,WannaFest 22,Credits,Tetris: The Grand Master,,,
https://youtu.be/Hy_QRi1aqDs,I Wanna Kill Stink Terios,Jungle,Cat Planet,,,
https://www.youtube.com/watch?v=iZv4obDw-F8,I Wanna Kill Stink Terios,Mineirinho Ultra Adventures,Mineirinho Ultra Adventures,,,
https://www.youtube.com/watch?v=j-PuSkFx-rA,I Wanna be the Easy,Trap Tower,SEGASonic,,,
https://youtu.be/beE8nIgcNJ4?t=68,I Wanna be the LemonTrap,Nanairo Button,Ryuuguu Komachi,,,
https://youtu.be/4SiiRx7GDzI?t=63,I Still Watched Annoying Orange In 2019,2019 Guy,The Gentle Men,,,
https://youtu.be/AfYYp-oqxwM?t=9,New I Wanna be the Weegee,Forest Maze (Remix),Psyschock,,,
https://youtu.be/0mzCFsEIqUI?t=73,New I Wanna be the Weegee,Intoxica,Radiowar,,,
https://youtu.be/GDnvsrrYFAs?t=135,New I Wanna be the Weegee,Corneria (Synthwave),Elezeid,,,
https://www.youtube.com/watch?v=P1dcLvDlbCw,I Wanna be the Brothers,Ending Theme,Koji Kondo,,,
https://youtu.be/jGp-BYU23wo?t=43,WannaFest 22,Stardust Speedway JP/EU (B Mix),Sonic CD,,,
https://youtu.be/B8kPKJLW_LY?t=33,dinosaurs needle;dinosaur needle 2,Walk the Dinosaur,Queen Latifah,,,
https://youtu.be/uxGP_sVjAvo?t=4,I Wanna Anger the Bird,Angry Birds,Angry Birds,,,
https://youtu.be/jgbySGd7Cs0?t=148,I Wanna be the Desolation;I Wanna Know What's In My Desktop,Karakuri Spirits (Meikai Katsugeki Ver.),Ayako Saso,,,
https://www.youtube.com/watch?v=ts4axsSHlpA,Chungo's Gauntlet,347 Midnight Demons,Carpenter Brut,,,
https://youtu.be/wUVNpgW6e7Y?t=7,I Wanna Debut,Enth,Crystal Castles,,,
https://youtu.be/YTsCbgoyNPU?t=120,I Wanna Debut,Onslaught,Tim Haywood,,,
https://youtu.be/DhUdOO9UNwY?t=44,I Want to Fit In;New Mini Kongkongi's Adventure,Raindrop Flower,Maplestory,,,
https://youtu.be/j5qGa59gk8w?t=124,StrathGaze,mlt,kanoukaoru,,,
https://youtu.be/f9AK5ooQNDQ?t=123,StrathGaze,Quickpig,Kettel,,,
https://youtu.be/8sYx4WCGolg?t=154,StrathGaze,Black Lake (Emancipator Remix),Emancipator,,,
https://youtu.be/M2O4hKCOZAo?t=182,StrathGaze,Dieu Reconnaitra Les Siens ,DJ Cam,,,
https://youtu.be/SkvIHa7Q3lg?t=41,I Wanna be the Orbit;On Transience,Yo-Yo-Yoshi,Kazumi Totaka,,,
https://youtu.be/XrXqKoCPvE0?t=53,On Transience,Montanita,Ratatat,,,
https://youtu.be/Y2AcGmy772g?t=234,On Transience,Su-Bo's Mental Meltdown,Portico Quartet,,,
https://youtu.be/esRAdBdox3E?t=84,On Transience,Violent Dreams,Crystal Castles,,,
https://youtu.be/FseYuqzoLSQ?t=208,Yuletide Derange,To All the Dancers of the World A Round Form of Fantasy ,Sweet Trip,,,
https://www.youtube.com/watch?v=5m5_GoFzu_g,I Wanna be the Color,robin,S-C-U,,,
https://youtu.be/cyLmFbHdJeo?t=32,I Wanna be the Color;I Wanna be the Music2,yellow head joe,S-C-U,,,
https://youtu.be/cY2GGfHy9sY?t=55,I Wanna be the Color,Red Goose,Mutsuhiko Izumi,,,
https://youtu.be/FCbxuG0oaNk?t=5,I Wanna be the Color,The Sky of Sadness,Nekomata Master,,,
https://youtu.be/VSBwjYd4XpI?t=49,I Wanna be the Color,Theory of Eternity,TAG,,,
https://youtu.be/EcF9k-v5Mng?t=69,I Wanna be the Color,冥,Amuro vs. Killer,,,
https://www.youtube.com/watch?v=EsRm78ZSOgc,I Wanna be the Music,Aisatsu no Mahou,AC Japan,,,
https://youtu.be/_pJTtzMWuKc?t=83,I Wanna Be Like Beautiful Starlight,Starlight,Laura Les,,,
https://www.youtube.com/watch?v=wyg24ggx9TI,I Wanna Be Like Beautiful Starlight,Balance,Earl Sweatshirt feat. Knxwledge,,,
https://youtu.be/w97FQ6vKYu8?t=109,I Wanna Be Like Beautiful Starlight,u x me,Laura Les,,,
https://youtu.be/JuP9DFKNfio?t=6,I Wanna Be Like Beautiful Starlight,Month of Mayhem,GFOTY,,,
https://youtu.be/eFWDFqzk1gQ?t=163,I Wanna Fly the UFO;Unidentified Flying Object,UFO,Kikuo,,,
https://youtu.be/qwSb3XtbPlE?t=27,I Wanna be the Block,Yuuki wo Dashi Dashi,Popira 2,,,
https://youtu.be/BkPbo29SKrw?t=25,I Wanna be the Block;Wannafest 22,Storm,Hidenori Shoji,,,
https://youtu.be/Nz5Btcc-3gQ?t=5,dinosaur needle 2,Yellow Stream,Manabu Namiki,,,
https://youtu.be/1hryH8z7M4E?t=61,dinosaur needle,Feel the Pain,Dinosaur Jr.,,,
https://www.youtube.com/watch?v=hwHgvu7AUIM,I Wanna be the Iconoclast;I Wanna Kill the 3sweepor,The Pursuit 2,Chopin,,,
https://youtu.be/pLlLWdwuzYM?t=10,I Wanna be the Name;I wanna be the Baguette,Poppin' Shower,P*Light,,,
https://youtu.be/0Ys_oDuQ3GM?t=6,I Wanna be the Dancer,Flight of the Bumblebee,Nikolai Rimsky-Korsakov,,,
https://www.youtube.com/watch?v=znN66HhZCDI,I Wanna Defeat the Robot,Snake Eater (Instrumental),Metal Gear Solid 3,,,
https://www.youtube.com/watch?v=k8tMiVq3nFQ,I Wanna Kill the Last Boss,Stage 4,Soreyuke! Burunyanman Portable OST,,,
https://youtu.be/lwbIxv8l2NY?t=91,I Want to Meet Miki,Kirlian Shores,The Flashbulb,,,
https://youtu.be/UTPRlWvtUNU?t=68,I Wanna be the Sorrow,All Your Power,Rance 5D,,,
https://www.youtube.com/watch?v=UDJtsfR51To,I Wanna Kill the JUN-G;I Wanna Try a Collab 2,Gaur Plains,ACE+,,,
https://www.youtube.com/watch?v=T9ipAxXAI7Y,I Wanna Kill the JUN-G,Wicked Flight,Revo,,,
https://youtu.be/8QYsW5nzm-c?t=263,I Wanna End Your Life,Interstellar Retribution,Rock Candy,,,
https://www.youtube.com/watch?v=pDN7YSTe-3M,I accidentally a fanGame,???,???,,,
https://youtu.be/jKwmaB6A8KY?t=125,I Wanna P or D,Yee,Deorro,,,
https://youtu.be/Tu1zXJfT48Y&t=93,I Wanna be the Purple Trap,Satori Maiden ~ 3rd Eye,ZUN,,,
https://youtu.be/8yz9FOI1YFc?t=83,I Wanna be the FA,Super Brothers,Guitar Vader,,,
https://youtu.be/BHfXhiUgnQ0?t=4,I Wanna be the FA,Pump It,The Black Eyed Peas,,,
https://youtu.be/hkcuNwqmCmQ?t=111,I Wanna be the FA,Freestyler,Bomfunk MC's,,,
https://www.youtube.com/watch?v=MDTsaz3p9hY,I Wanna See the Jonny,Alright! Heartcatch Precure!,Aya Ikeda,,,
https://youtu.be/TinlV7V0-hk?t=24,I Wanna be the FA,Long Vacation,ESTi,,,
https://youtu.be/dbGtwoHw6Pg?t=85,I Wanna Kill the 3sweepor,Discode,Kanae Sakura,,,
https://www.youtube.com/watch?v=0tAV4FDgQ_4,I Wanna Thank to Daburyu,Onigo,Hommarju,,,
https://youtu.be/y88M1eaM538?t=39,The Farewell Medley,BACK ON THE ROCKS,MEGA NRG MAN,,,
https://www.youtube.com/watch?v=5-04QwKe2Ws,I Wanna Start a Party,Lorule Field,Ryo Nagamatsu,,,
https://www.youtube.com/watch?v=gmpCJnMfMR4,I Wanna be the Accurate,Tiny Stars,Liella!,,,
https://www.youtube.com/watch?v=gzZKgyqf3XE&t=24s,I Wanna be the Accurate;I wanna Idealization,I,黒魔,,,
https://youtu.be/JBSxPJ_pT2A?t=55,Shiz Nits,This Must Be A Dream,Basic Element,,,
https://youtu.be/GUobXV2SAxo?t=31,I Wanna Can't Stop,Exciting Walk,Aya Tanaka,,,
https://youtu.be/VgoaiCOepMM?t=55,I Wanna be the FA,Sweet Blue Flag,Masafumi Takada,,,
https://youtu.be/XFirF_bFHVg,Goofy Ahh Sounds,Goofy Ahh Sounds,cartoons,,,
https://www.youtube.com/watch?v=Ihhito6V6HQ,I Wanna be the MIX!,【MIDI】Blinded by Light,Samba,,,
https://www.youtube.com/watch?v=sp9srCc6ky0,I Wanna be the MIX!,Kishin Taisen Gigantic Formula (Main Theme ver. 0),Hiroyuki Sawano,,,
https://youtu.be/2YZhk2NJNzM?t=54,Hellfire,Hellfire,Memme,,,
https://youtu.be/X-Ywd7QYAFw?t=129,I Wanna Freezemind,Scarlatti 2.0,Igorrr,,,
https://www.youtube.com/watch?v=idRIbNeYhOM,I Wanna Freezemind,Brother Sport,Animal Collective,,,
https://youtu.be/XOhXfZJa338?t=52,I Wanna Swim With The Stream,종로의 뜻대로,고길동,,,
https://www.youtube.com/watch?v=NZ99ddZJFTM,I Wanna Start A Party,Big Bob-Omb's Mad!,Toshiki Aida; Ryosuke Asami,,,
https://www.youtube.com/watch?v=FtS-TAVeUy0,I Wanna Hear the Yee,Super Yee Bros. 2,Ukr Jesus,,,
https://youtu.be/oKonHO5p_6Q?t=48,I Wanna Capture the Labyrinth,Woof Meow World,Takafumi Satoh,,,
https://youtu.be/PvuYSybooLg?t=54,Not Another Needle Contest,"Lights, Camera, Action! (Studiopolis Zone - Act 1)",Tee Lopes,,,
https://youtu.be/TnIpR7fA7vo,I Wanna Kami2Kami2Kami2,Techno Hill Zone,Rodri117,,,
https://youtu.be/3gPBmDptqlQ,I Wanna Buy The Crayon,Live and Learn,Crush 40,,,
https://youtu.be/lAkcJFP0Tf0,I Wanna be the Baguette,Eternal Soldier,Ryuichi Yabuki,,,
https://youtu.be/_Qr2T1az1Ck,Pickory,Song Of Unhealing,Koji Kondo,,,
https://youtu.be/80T4zKU_tpQ?t=60,Pickory;I Wanna Find My Destiny,Rocket Rider,Danny Baranowsky,,,
https://youtu.be/SUw7R1gBWR4,I Wanna Find Kirino!,Motekke! Sailor Fuku,Kosaki Satoru,,,
https://youtu.be/MUE8U0rn0cI?t=42,I Wanna Find My Destiny,Awe of She,Daisuke Ishiwatari,,,
https://youtu.be/8Selo-P1Ovc?t=52,I Wanna be the Forget,Never Forget,Kessoku Band,,,
https://youtu.be/mW95YC3Vam8?t=34,I Wanna be the Apprentice,The First Layer,Kevin Penkin,,,
https://youtu.be/-g0QkYz-GBk?t=60,I Wanna Sunspike;I Wanna Blue Star,Ocarina of Time - End Credits,Kreepman,,,
https://www.youtube.com/watch?v=C5fZ5VnqNUs,I Wanna be the Gun Fighter,BSPower Explosion,Memme,,,
https://www.youtube.com/watch?v=-Mm9acwjbms,I Wanna be the Gun Fighter,Prison Planet Thantos (2nd Mix),Yasunori Mitsuda,,,
https://youtu.be/yEPwnvphKl4?t=28,I Wanna be the Daburyu;I Wanna Conquer the Blow Game 3,perditus†paradisus,dj TAKA,,,
https://youtu.be/gZFPZ0xxnIU?t=42,I Wanna be the Phantom,perditus†paradisus (8bit mix),A4用紙,,,
https://youtu.be/r7hdhATmi2o?t=27,I Wanna be the Sublime;I Wanna be Spooked,Grisly Reminder,Midnight Syndicate,,,
https://youtu.be/lJfhsgsVaTo?t=38,I Wanna be the Sublime,Imbroglio,Yoshitaka Hirota; Yasunori Mitsuda,,,
https://www.youtube.com/watch?v=zTqMO-XfPBY,I Wanna be the Sublime,Welcome to a Kick in the Pants in Good Old Hillville,Bobby Prince,,,
https://youtu.be/ar0ycxbHNsI?t=9,I Wanna Break the Music;I Wanna Kill the Shadowlink,音楽 -壊音楽 mix-,LeaF,,,
https://youtu.be/HHe0CdwXfVc?t=45,I Wanna be the Lunatic;I Wanna Invariant;I Wanna Embarassed,初音ミクの戸惑,cosMo＠暴走P,,,
https://www.youtube.com/watch?v=QFZOT0_yUJ4,I Wanna Fine-House,Free Training Room,KimWooJik,,,
https://youtu.be/rDBQRDqt9V4?t=50,I Wanna Fine-House,Walk (Interlude),Snail's House,,,
https://www.youtube.com/watch?v=ulcHfG7w9Yw,I Wanna Arrive the Ambitious,青を駆け抜ける,Umeboshi Chazuke,,,
https://www.youtube.com/watch?v=190P3uD5cvg,I Wanna Arrive the Ambitious,ガラバルガ -獣人達の宴は朝5時まで終わらないRemix- ,naccle,,,
https://youtu.be/74DrE_PQRCM?t=51,I Wanna Stop the Heart Beats,Long Live the New Fresh (JSAB Mix),Danimal Cannon,,,
https://youtu.be/N9vDTYZpqXM?t=34,I Wanna Ruma,Back On Track,DJVI,,,
https://youtu.be/XfUao0_54yM?t=97,I Wanna Ruma,Luma,Kairiki Bear,,,
https://youtu.be/gP8M3ZDTKfc?t=48,I Wanna be the Good Hentai EX,Gachi Lez,ひと☆ごみ,,,
https://youtu.be/JBSS31ecCi4?t=24,I Wanna Kill the Blue Mage,Press Play Walk Away,S3RL,,,
https://youtu.be/QzcvRDWgRIE?t=80,I Wanna be the Samurai,Butterfly,Smile,,,
https://youtu.be/7gwvBrlUiww?t=14,I Wanna Chatte,Cat Rubbing,Kashii Moimi,,,
https://youtu.be/S5oLt1wbwlM?t=71,I Wanna be the FA,Universal Bunny (8-bit),ごいし,,,
https://youtu.be/rWKfBYTfw4w?t=59,I Wanna be the FA,Obelisk,May'n,,,
https://youtu.be/q0I42R0pcoI?t=60,I Wanna be the FA,Blackburn,Masafumi Takada,,,
https://youtu.be/W7Xpx0Evfh8?t=66,The Farewell Medley,Rasputin (Nightcore),idk anyone can make nightcore,,,
https://youtu.be/ffkvqALT6KM?t=93,Crimson Needle 3,Lit from Underneath,Andrew Bird,,,
https://youtu.be/s78vmQRGoVE?t=127,I Wanna Eat the Winter King ,Sunday After the War,Harold Budd,,,
https://www.youtube.com/watch?v=okJDWCmH8J4,I Wanna be the Apprentice,Boss Theme,Ronald Pieket‑Weeserik; Tsukasa Tawada,,,
https://youtu.be/31Z2wmb_ejw,I Wanna Find The Lost Resource,旅の始まり,Akihiro Honda,,,
https://youtu.be/TFM4rdVrV4Q?t=34,the pusspatchening,Sweet Sweet Alice (InstVer.),Famishin,,,
https://youtu.be/YK2ZyjDsRAs?t=307,Glob,Glob,Kenny Larkin,,,
https://youtu.be/lTGjFpjOIP8?t=147,Glob,Weather Storm,massiveattack,,,
https://youtu.be/upkZEA_NpuQ?t=3,I Wanna be the Flash,ゴノレゴシリーズ,ポエ山,,,
https://www.youtube.com/watch?v=aH0O4ONcte8,I Wanna be the Flash,Doraemon's Drawing Song,Milano-Killer,,,
https://youtu.be/DKFgvOKhSXw?t=1,I Wanna be the Flash,wasabi,Milano-Killer,,,
https://youtu.be/82s95sg7uQo?t=22,I Wanna be the Flash,Dorami-chan's Drawing Song,Milano-Killer,,,
https://www.youtube.com/watch?v=_sGFlcguZDw,I Wanna be the Flash,Bald Song,Brief & Trunks,,,
https://youtu.be/97-KRHLSMpI?t=36,I Wanna be the SIT,Ongeki,Shinji Hosoe,,,
https://youtu.be/AsdzrBmD670?t=54,I Wanna be the SIT,Xenocide,Rin,,,
https://youtu.be/nJLX2cb_8G8?t=30,I Wanna be the Knight in Shining Armor,Nostalgic Song,Yoko Shimomura,,,
https://youtu.be/TTs4LGh6Y4g,I Wanna be the Emperor,Tales of Symphonia,Motoi Sakuraba; Shinji Tamura,,,
https://youtu.be/bBdhJ2Gkoe4?t=45,I Wanna be the Pinacol,Charisma Rengoku Tenshin,Shinra-Bansho,,,
https://youtu.be/eW620xcBnVE?t=37,I Wanna In The Backroom,In the Back Room,syudou,,,
https://youtu.be/fbMxLRqZh_E?t=53,I Wanna Dear Remaining Days,Dear Moon,Jehwi ft. IU,,,
https://youtu.be/C0i7iHKy28U?t=12,I Wanna OMAKENO Stroke,OMAKENO Stroke,t+pazolite,,,
https://youtu.be/wLNTAMY1NZA?t=30,I Wanna be the Yubi Yubi!,Doggy God's Street,FAKE TYPE. ft. Inugami Korone,,,
https://www.youtube.com/watch?v=CzRRtvsIYIE,I Wanna be the Capacity;I Wanna Outline,Frozen Labyrinth,DINY,,,
https://youtu.be/LPEJK9omkww?t=29,I Wanna be the Forever,Bowser's Galaxy Generator,Koji Kondo;Mahito Yokota;Ryo Nagamatsu,,,
https://www.youtube.com/watch?v=S_mwTIwHonQ,I Wanna Get the Baile del Troleo,EL RAVE DEL TROLEO,EXT4NT,,,
https://youtu.be/LRd75lxH2Ig?t=31,I Wanna Go Back to Basics;The Majestic Kid,Deserted ~ Younger Brother and Elder Sister and...,Manabu Namiki,,,
https://youtu.be/YAnuGCGKbN4?t=62,The Majestic Kid,Armament class.B,Manabu Namiki,,,
https://www.youtube.com/watch?v=tz9XjV-sJVg,I Wanna be the Cursor,少女さとり ～satori crisis～,sawawa,,,
https://youtu.be/jiwsAEy-_0Y?t=124,I Wanna be the Pepper,SKY HIGH (HAPPY HARDCORE MIX),HIRA,,,
https://youtu.be/y9XG8bTdzl8?t=64,I Wanna Graduate from Beginners,クロートーと星の観測者,CK,,,
https://youtu.be/V3PMm3BSYkk?t=20,I Wanna Graduate from Beginners,Jump!!,Rasmus Faber,,,
https://youtu.be/wxR0Vii_ZAg?t=85,I Wanna Kill the Guy,Shogun,MasterJace,,,
https://youtu.be/XeRqJ7DO-vM?t=124,I Wanna Kill the Guy,Nightclub,Graeme Norgate,,,
https://youtu.be/Yd8l7XlR0Bs?t=80,I Wanna Kill the Guy,Jetstream!,Dimrain47,,,
https://youtu.be/lBfuiNdaLUI?t=66,Not Another Needle Game,Eternal Dreams,T-Free,,,
https://www.youtube.com/watch?v=CCM4GIzkT-k,Vibe Excerpts: Too Much Trouble,N3-KtO,Yume 2kki,,,
https://youtu.be/_wYtG7aQTHA?t=153,I Wanna Money,Steven Spielberg vs. Alfred Hitchcock,Epic Rap Battles of History,,,
https://youtu.be/N22W1OI3TLQ?t=81,Panasonic Bluray,ex_oxytocin,OVXX & metaroom,,,
https://youtu.be/enBMmvB9xDA?t=48,Panasonic Bluray,Rock Club,Anamanaguchi,,,
https://youtu.be/hx14FGRURi0?t=107,I Wanna Defeat Remilia,Septette for a Dead Princess,ZUN,,,
https://www.youtube.com/watch?v=V6LB3rKAItE,I Wanna Defeat The Second Family Members,Bowser's Warped Orbit,Yoshihiro Tsukahara,,,
https://youtu.be/FVcMhgVnaVM?t=70,I don't wanna play a trick on you,Valsqotch,owl*tree & chi*tree,,,
https://youtu.be/hGEjiA7iqyE?t=30,I Wanna Find My Destiny;I Wanna Ragnarok,Wrath of the Ice Demon,Elsword Sound Team,,,
https://youtu.be/Rf69pkXhpXw?t=85,I Wanna Get the Coins,Rivers in the Desert (8-bit),bran,,,
https://youtu.be/eqjFmsZGBSc?t=49,I Wanna Get The Coins,Chikatto Chika Chika,Konomi Kohara,,,
https://youtu.be/L4rJPHUCu_4?t=54,I Wanna Be The Onelife,自傷無色,HaNaTan,,,
https://youtu.be/NgEJ9gMxP90?t=65,Chile Game,Tren Al Sur,Los Prisioneros,,,
https://youtu.be/R_N7ilk-bm4?t=120,Chile Game,No me hables de sufrir,Los Bunkers,,,
https://youtu.be/5OuFnuhXUBc?t=58,Chile Game,Llueve sobre la ciudad,Los Bunkers,,,
https://youtu.be/-W-2tXkSwqg?t=53,I Wanna Pointillism,Impromptu Op. 90 No. 2 in E♭ Major,Franz Schubert,,,
https://youtu.be/TOlwqasilSA?t=62,I Wanna Cocogoat,Ganyu: Radiant Dreams,Vetrom,,,
https://youtu.be/HNIypYrVlkA?t=24,I don't wanna give the game title because koishi is really cute,MONSTER,KIRA,,,
https://youtu.be/ynhpOSUrat8?t=89,I Wanna Variety 100,Wizdomiot,LeaF,,,
https://youtu.be/y808S-awM2E,I Wanna Go the Heaven,天国へ行こう,Kikuo,,,
https://youtu.be/nl_fBSYY8e8?t=39,I Wanna Call Voice,What Color Is Your Attribute?,ave;new,,,
https://youtu.be/b6lEwdUjuK8?t=60,onomatopoeia,オノマトペメガネ,sasanomaly,,,
https://youtu.be/CtIJ6J9i4A0?t=66,I Wanna Happiness Rabbit,Happiness Egoist,Shinra-Bansho,,,
https://youtu.be/mJq9i_ehW4g?t=49,I Wanna be the Good Hentai EX,Miku,LeetStreet Boys,,,
https://youtu.be/YeNcet0cAl4?t=138,Chile Game,Dejando Libre el Amor,Chancho En Piedra,,,
https://youtu.be/o6OAF8BiIm8?t=59,Chile Game,Jefe,Sinergia,,,
https://youtu.be/WJ16v-hD1mw?t=85,Chile Game,Nightcore - Senbonzakura (CLAWZ Remix),CLAWZ,,,
https://youtu.be/gtQSmZnur7s?t=69,The Majestic Kid,Armament class.C,Manabu Namiki,,,
https://www.youtube.com/watch?v=LhKlCp5Sh9I,I Wanna be the MSR;I Wanna Kami2Kami2Kami2,Music Box (Freddy's Music),Scott Cawthon,,,
https://www.youtube.com/watch?v=q_9SsX7HJhE&t=0s,I Wanna Kill The Genesis,PEPSI ☆ MAN,MowtenDoo,,,
https://youtu.be/-vfJ2yfdy70?t=19,Chile Game;I Wanna Thank You Mauricio Juega IWBT,Mateo,Tronic,,,
https://youtu.be/grLZHDFKTBY?t=63,I Wanna be the NNN,Meshimase!! Nyan-Nyan Nightmare,katagiri,,,
https://www.youtube.com/watch?v=mPqkedvlzdQ,Chile Game,Álvaro Chupa Pico,YL DVID,,,
https://youtu.be/XR6seXiT4WY?t=28,I wanna skibidi bop bop bop bop yes yes yes skibidi bip skibidi bop skibidi w w w,Bloody Mary x Skibidi Bop Yes Yes Yes,Biser King,,,
https://youtu.be/3VHm-phdUzQ?t=94,I Wanna Break the Orchestra Entrance,Entrance【オーケストラアレンジ】,Crawk,,,
https://youtu.be/ULvwVJEs_Cg?t=188,I Wanna Take A Walk In The Sun,Dayvan Cowboy,Boards of Canada,,,
https://youtu.be/GO0vvngQjX4?t=2,I Wanna Be The GBC,Dr Wily Stage 1 but it's recorded on a Nokia 3210 phone,aNobodi,,,
https://youtu.be/YQ42Wk7jOO0?t=105,I Wanna Kill the Lovegood,Game Over (Original Mix),Starkillers & Inpetto,,,
https://youtu.be/2OXQ4AWwVLc?t=42,I Wanna Try a Collab,Mama,Valesca Popozuda & Mr. Catra,,,
https://youtu.be/7aqyiDgeHCA?t=217,I Wanna be the MP,Reincarnation,Aina Ougi,,,
https://www.youtube.com/watch?v=0cWb4DN44WU,I Wanna Ride the Desert Bus;I wanna be the Planet Doku,Mario Circuit,Soyo Oka,,,
https://www.youtube.com/watch?v=8OzZxjqKG10,I wanna be the as7h69dj8ewfhce93,Cut to Black (Instrumental),Lemaitre,,,
https://youtu.be/NMxpw43kPls?t=34,［ΞΞΞΞ］,Orpheus in the Underworld (Classic Piano),CANACANA,,,
https://youtu.be/pvy9km7g6fw?t=122,I Wanna MedlMedlMedl,Bury the Light,Casey Edwards,,,
https://youtu.be/11hJDgSBeMg?t=33,Not Another Hentai Game,Bass Slut,S3RL,,,
https://youtu.be/wG9ACKndJ_I?t=99,I Wanna Kill the Kermit 3,Movements (Chapter III),Leon Vynehall,,,
https://www.youtube.com/watch?v=2LXJlctGXt8,Not Another Magic Tower Game;I Wanna be the RUKIMIN!7,Boss 07,Maou Damashii,,,
https://youtu.be/zrUCucBlK_Q?t=11,I Wanna be the Pretty,Tomadoi Recipe,Mikakuning!,,,
https://youtu.be/bVcWSkzfsEA?t=22,I wanna improve my eyesight.,Home Sweet Grave (Sparxe Remix),Sparxe,,,
https://youtu.be/A-dmv7cqsT8?t=40,I Wanna Afflict the Mashikaku,lastboss02,Maou Damashii,,,
https://youtu.be/rVhTHZgkmp0?t=110,I Wanna be the Lunatic Princess,Lunatic Princess (Raigon Mix),Raigon50,,,
https://www.youtube.com/watch?v=I9TFZbC27aw,I Wanna be a Charr;I Wanna be the FC;I Wanna Run the Marathon;I Wanna Get the Coins,Castle Theme,Kōji Kondō,,,
https://youtu.be/DZGfFJlxHvQ?t=64,I Wanna Afflict the Mashikaku,battle27,Maou Damashii,,,
https://www.youtube.com/watch?v=-IryDQ_GqMQ,I Wanna Kill the Blue Mage 2,Full-On Combat,3R2,,,
https://youtu.be/_6v_IYxae5g?t=26,I Wanna be the FC,Evans [8-bit mix],RetroB,,,
https://youtu.be/T4pIzE1N7io?t=122,I Wanna be the Onelife,Palace of Salmon,Yukihiro Jindo,,,
https://youtu.be/4jaIUlz-wNU?t=29,I Wanna be the Onelife,Unbreakable Determination,Masato Koike;Miki Fujii,,,
https://youtu.be/3vDuv9pzc80?t=11,I Wanna be the Onelife,Dungeon (Lost Cane of the King),Falcom Sound Team jdk,,,
https://youtu.be/VJ0hRu2CAwg?t=63,Chile Game,Mi banderita chilena (Kaito & Luka Cover),0xxmiochanxx0,,,
https://youtu.be/kAZNlD4yjOA?t=60,I Wanna Celebrate 100,Libera Me,Cranky,,,
https://youtu.be/mPahQSc1mCo?t=27,I Wanna Conquer the Blow Game;I Wanna be the Justice,Session 1 -Genesis-,PRASTIK DANCEFLOOR,,,
https://www.youtube.com/watch?v=oS_FA7PnZLw,I Wanna Conquer the Blow Game 2,Session 9 -Chronicles-,PRASTIK DANCEFLOOR,,,
https://www.youtube.com/watch?v=qI_g-fGLT7c,I Wanna Defeat the Second Family Members,Phantom,Shoji Meguro,,,
https://youtu.be/OmkzBgimKbk?t=8,I Wanna Defeat the Second Family Members,Mementos (Upper Layer),Shoji Meguro,,,
https://youtu.be/adKLdw2_b-g?t=71,I Wanna Defeat the Second Family Members,Every Day is Night,pedipanol,,,
https://www.youtube.com/watch?v=7NS1nLErW9A,I Wanna Defeat the Second Family Members,Enoch Drebber ~ The Link Between Science and Magic,Yasumasa Kitagawa,,,
https://www.youtube.com/watch?v=Jd0GWcbiMDc,I Wanna be the Needle Hell,electro peaceful,Mr.T,,,
https://youtu.be/TFoJa7xCUH4?t=58,I Wanna Try a Collab 2,SEED (DJ Noriken Remix),DJ Noriken,,,
https://youtu.be/0980o6DBYIU?t=12,I Wanna Roll Around,The Rules,SuperSweep,,,
https://youtu.be/M6zcyZDPERM?t=13,I Wanna Escape Heavenly Host,AOI Traveler (Instrumental),Gin,,,
https://youtu.be/U4sUD-Ih4tY?t=129,I Wanna Defeat The Second Family Members,Neverland (MitiS Remix),MitiS,,,
https://youtu.be/ndCHBX5SePo?t=50,I Wanna Rebirth Needle 2,Golden Nocturne,Luck Ganriki,,,
https://youtu.be/MBbbirTrJqM?t=19,I Wanna Run the Hell Relay,Volcanic,Norio Hanzawa,,,
https://youtu.be/GDiiRlFPz28?t=35,I Wanna be the Farewell,寒空の下、彼らは,Gray Sky Pray,,,
https://youtu.be/N2SW_MWBa6w?t=138,I Wanna Thank You Thenewgeezer,Decay,HOME,,,
https://youtu.be/-Ilr1AY41AA?t=108,I Wanna Thank You Patrickgh3,By Fire,Hiatus Kaiyote,,,
https://youtu.be/QGGot4xC5nY?t=50,I Wanna be a Big Man!,"Hm? Ah, yes",Chouchou-P,,,
https://youtu.be/Sw0QJ0CFGUw?t=70,I Wanna be the 2006,light and soft,出前,,,
https://youtu.be/155POG4_b3E?t=24,I Wanna Try a Collab 2,Night Walk (Dreams of Our Generation),Tsunku♂,,,
https://youtu.be/CbedN11OwoA?t=187,I Wanna be the Sugar,The Undertaker's Daughter (Instrumental),SteamPianist,,,
https://youtu.be/MH4cZ5ZKlfI?t=93,I Wanna Thank You Patrickgh3,Wide Eyed,Animal Collective,,,
https://youtu.be/_0PQicdTfO8?t=168,I Wanna be the Immaculate Scumble,Warsaw,pilotredsun,,,
https://youtu.be/0WbqMBjY30o?t=124,I Wanna be the Red Coin Mania IIDX,Enigma,Flashburn,,,
https://youtu.be/4Rb4FGLS5os,I Wanna Defeat the Second Family Members,bathroom-tomb,petscop,,,
https://youtu.be/wsFVQJolzYs?t=35,I Wanna Defeat the Second Family Members,SUPER-REFLEX,Sound Sepher,,,
https://www.youtube.com/watch?v=C8D_tsp3gzs,I Wanna be the Fangame!,Jenka 2,Daisuke Amaya,,,
https://youtu.be/sYziVPycahw?t=39,I Wanna Try a Collab 2,Swisha,Ratatat,,,
https://youtu.be/xNvbPzSTpPI?t=13,I Wanna be the A minimum game,Falcon☆Punch (イ゛ェアアアアアMIX),ppp21,,,
https://www.youtube.com/watch?v=vlUPAzGUMuk,I Wanna be the Double Dragon,Kagemusha,2CELLOS,,,
https://youtu.be/RnN50rX_1_E?t=8,I Wanna be the Distrust;I Wanna be THE iDOLM@STER,白鳥の湖 ～still a duckling～,BNEI(神前 暁),,,
https://youtu.be/Yc_wcDAvd_o?t=37,I Wanted to be Here,Speicher Galerie,Triodust,,,
https://youtu.be/sj8D1Zi3A5Y?t=135,I Wanna Revive the Mana Tree,Song of MANA ~Ending Theme~,Yoko Shimomura & Annika Ljungberg,,,
https://youtu.be/yzxIqfimCFs?t=44,I Wanna Escape from Nightmare,Black Lair,Sakuzyo,,,
https://youtu.be/VT0jwrJQkTo?t=77,I Wanna Make the Future!!2,arcadia,Asami Imai,,,
https://youtu.be/0N2Vg6b8ELE?t=75,I Wanna be a Good Guy,Be My Friend,Rinjin-bu,,,
https://youtu.be/Ys7Z-K_qNww?t=65,I Wanna Break the Series Z 2,Tree of El (Boss),Elsword Sound Team,,,
https://youtu.be/XXHP8m3e4ww?t=73,I Wanna Break the Series Z 2;I Wanna Break the Series Z 3,Reach for the Moon ~ Immortal Smoke,ZUN,,,
https://youtu.be/loGUvw6s4KA?t=35,I Wanna be the Pendulum,Squid Adler,Naoto Tanaka,,,
https://youtu.be/6LL_LIV_5Tg?t=68,I Wanna be the Pendulum,Shine!! (8-bit MIX),good_tune,,,
https://www.youtube.com/watch?v=WlImEqPm4qw,I Wanna Puppuka;I Wanna be the Pendulum,Puppuka Dance,ワラブキP,,,
https://youtu.be/XP6POaeTPNM&t=98,I Wanna be the Pendulum,Witch,maritumix,,,
https://youtu.be/69cpFzYEh_Y?t=37,I Wanna be the Pendulum,LONELIEST BABY,μ's,,,
https://youtu.be/sskF4bKvtQ4?t=24,I Wanna be the OW,Bambini,Satoru Kousaki; Hiroshi Okubo,,,
https://youtu.be/drxsLqevCok?t=22,I Wanna Kill the Shadowlink,モモンが門番ばんっ☆,ねこみりん feat.みゆ,,,
https://youtu.be/YbvLHWRVkyY?t=50,I Wanna be the New,Aggressor,S.S.H.,,,
https://youtu.be/fendcJqYNno?t=90,I Wanna be the New,Mighty Obstacle,S.S.H.,,,
https://youtu.be/NyVgNVET2S8?t=38,I Wanna be the Star!,Freezeezy Peak,midi idk,,,
https://youtu.be/69YakPKHMvs?t=67,I Wanna be the Star!,One Winged Angel,Yoko Shimomura,,,
https://youtu.be/chS1-JOGx94?t=17,I Wanna be the Star!,Blizzeta Battle (Second Half),midi idk,,,
https://youtu.be/XI12BK9VC3U?t=73,I Wanna be the Star!;I Wanna Save the Ship,Staff Roll,Koji Kondo,,,
https://youtu.be/9ldBYI8lAUo?t=70,I Wanna be the Preference,GO MY WAY!! (Hibiki Mix),Hibiki Ganaha,,,
https://www.youtube.com/watch?v=kzFB6LHEs2o,I Wanna be the Preference,Energy (Remix),THE iDOLM@STER 2,,,
https://youtu.be/JmPoVQ34VWw?t=60,I Wanna be the Preference,Do-Dai (Hibiki Mix),Hibiki Ganaha,,,
https://youtu.be/8OoB_PpV-uI?t=57,I Wanna be the Preference,Kyun! Vampire Girl (Hibiki Mix),Hibiki Ganaha,,,
https://youtu.be/GRJ_LoFLO78?t=23,I Wanna be the Preference,Song of Tundra,Hitoshi Sakimoto; Masaharu Iwata,,,
https://youtu.be/qK1Tj0Iv7JI?t=104,Christmas Deliveries;The Farewell Medley,Shaolin Warrior,F-777,,,
https://www.youtube.com/watch?v=uKE4_HnYrL4,I Wanna be the Butterfly;I Wanna Enjoy the Panic Festival,Battle 3,Kenichi Hirata,,,
https://youtu.be/F2R1oYLZMeA?t=116,I Wanna be the Unknown;I Wanna Solitus,孤独≒エゴイズム,ろひ,,,
https://youtu.be/9E8XEXeMFQY?t=43,I Wanna be the Music2;I Wanna Enjoy the Panic Festival,ごりらがいるんだ,Pinocchio-P,,,
https://youtu.be/G5q2mFM0gbs?t=33,I Wanna be the Music2,The Dirty of Loudness,Tatsh Assault X,,,
https://youtu.be/haASREOMJIg?t=65,I Wanna be the FEX,Dividing Road of Fate,Kohta Takahashi,,,
https://youtu.be/m6wbfQkUI7I?t=95,I Wanna be the FEX,"The Battle Was Just ""To Continue That Future""",Manabu Namiki,,,
https://youtu.be/_pN9Dg19pJQ?t=27,I Wanna be the Music;I Wanna Congratulate the Commemoration;Like a full blown flower,凛として咲く花の如く,紅色リトマス,,,
https://youtu.be/CEdX8QN2HUs?t=38,I Wanna Avoid the Anxious,黒髪乱れし修羅となりて,村正クオリア,,,
https://youtu.be/65Smh8rwdJI?t=76,TAKE,竹,立秋 feat.ちょこ,,,
https://www.youtube.com/watch?v=V-8JaIRECzY,I Wanna Congratulate the Commemoration,GOLD RUSH,DJ YOSHITAKA-G feat.Michael a la mode,,,
https://www.youtube.com/watch?v=0pqadlojEyU,Pickory,Still Night,Ian Taylor,,,
https://www.youtube.com/watch?v=4Qdq5jOy0Yo,I Wanna Spook Jam,Scape Scared,Ian Taylor,,,
https://youtu.be/TKO4Sox0o9Q?t=155,I Wanna Avoid the Anxious;I Wanna Go the DotKid!;I Wanna be the Devious;I Wanna be the LemonTrap,0,cosMo＠暴走P,,,
https://youtu.be/1a8OirsKVbc?t=33,I Wanna be the Big Bridge,Clash on the Big Bridge,Nobuo Uematsu,,,
https://youtu.be/o2COT90oOsM?t=5,I Wanna be the GuruKaming,Chimera,Banya,,,
https://youtu.be/yarCP79fUts?t=102,I Wanna Defeat the Discord Makers JP Side,Nyan Cat EX [self remix],daniwell,,,
https://youtu.be/5IOVkstxkdE?t=90,I Wanna Defeat the Discord Makers JP Side,Energy Drink,Virtual Riot,,,
https://youtu.be/4Le0qG3pI7o?t=64,I Wanna Night Circus,夜のサーカス,Liz Triangle,,,
https://youtu.be/tUE86Nic72I?t=151,I Wanna Helltake,Vitality (t+pazolite Remix),t+pazolite,,,
https://youtu.be/u6lHwB3e-z8?t=54,I Wanna Nectar,イドラのサーカス,Neru,,,
https://youtu.be/TplfKJaGAAY?t=5,I Wanna Territory Spike,A Sardine Comes to Life,SakiZ,,,
https://youtu.be/rFKKSQ8GgHk?t=76,I Wanna be the LoveTrap,Dango Daikazoku,Chata,,,
https://youtu.be/UYX98I-APNA?t=62,I Wanna be the Fafnir,Fáfnir,Aoi Sumito a.k.a. あおいひと,,,
https://youtu.be/l89n9HsU9Rc?t=51,I Wanna be Egorock!,エゴロック,すりぃ,,,
https://youtu.be/NL09W4ZdRX0?t=14,I Wanna be the Sugar,BISCARSH,Yuji Masubuchi,,,
https://www.youtube.com/watch?v=aCzJaUhQSmM,I Wanna be the Sugar,Devil in Wonderland,Vila,,,
https://youtu.be/Fv2OhXuJBpk?t=17,I Wanna Make the Novelty,Superior (DW S2H Mix),Toru Hasabe; Masayoshi Sasaki,,,
https://youtu.be/8vYA2XRLx64?t=31,I Wanna Make the Novelty,MONEY CONNECTION,Dave Hammond,,,
https://youtu.be/Qxn0T7Orne4?t=52,I Wanna Make the Novelty,VR Training,Toshiyuki Kakuta,,,
https://youtu.be/w6rBG1kGa8g?t=19,I Wanna be the Shiny Spark!!,CAT SONG ~ Theme of UPA,UPA & NORA,,,
https://youtu.be/KCy2Ykb_M-k?t=47,I Wanna be the Shiny Spark!!,Miracle Moon,Togo Project feat. Sana,,,
https://youtu.be/-_Tam9lv1KQ?t=75,I Wanna be the Tempest,Space Harrier Theme,Hiroshi Kawaguchi,,,
https://youtu.be/vNQxIwbFDM4?t=96,I Wanna be the SAN,最後の闘い ～揺るぎなき想い胸に～,Wingless Seraph,,,
https://youtu.be/WxPOSrrWjJY?t=26,I Wanna Relax with Needle,Emotion,Shota Kageyama,,,
https://youtu.be/0Jzx25X80oA?t=3591,I Wanna 1 Hour Of Silence Occasionally Broken By 21st Century Humor Sound Effects,1 hour of silence occasionally broken by 21st century humor sound effects,21st century humor sound effects,,,
https://youtu.be/H_13BVmiANU?t=32,I Wanna See the Meteor Shower,Amazing Magician,Mitchie M,,,
https://www.youtube.com/watch?v=O608g3yE6uE,Car Signaling,Car alarm sound effect,Augustus Russel Pope,,,
https://www.youtube.com/watch?v=VOhcrT6hTIg,I Wanna Kill the Blue Mage,六十年目の東方裁判 〜 Fate of Sixty Years,Liverne,,,
https://youtu.be/AptYkapmoUk?t=27,I Wanna be the Gives the Blessing,SKY HIGH,Lucyfer,,,
https://youtu.be/AiOs7nNbPWU?t=11,I Wanna be the TC;I Wanna Kill the Regr3t,Emerald Sword,Rhapsody of Fire,,,
https://youtu.be/mkwwAaQEZ38?t=16,I Wanna be the Gives the Blessing;I Wanna be the Marvelous,Lost Paintings,Michiru Yamane,,,
https://youtu.be/P2NmZQwdQ4c?t=30,I Wanna Reach the Moon,Marble Gallery,Michiru Yamane,,,
https://youtu.be/eJda2rKCVbw?t=91,I Wanna be the Orbit,Silver Fluch,Mezame-P,,,
https://youtu.be/lkk6m14htzw?t=83,A Superplanet Called KG,The Lamp is Low,Laurindo Almeida,,,
https://youtu.be/p00v9ZFhWJM?t=80,A Superplanet Called KG,On Melancholy Hill,Gorillaz,,,
https://youtu.be/-j8-9p9jdp8?t=150,A Superplanet Called KG,wading season,Kaho Matsui,,,
https://youtu.be/L2mfKjY0fGo?t=49,A Superplanet Called KG,Battlecry,Nujabes feat. Shing02,,,
https://youtu.be/7pY2y3ABo_Y?t=44,I Wanna Conquer This Winter!;I Wanna Defeat the Munimson K62 Edition,Quo Vadis,M2U,,,
https://youtu.be/ARfJ55bUAw0?t=127,A Superplanet Called KG,Around the World,Daft Punk,,,
https://youtu.be/5mKLzEzkysk?t=20,I Wanna be the HeavenTrap,Final Destination,Motoi Sakuraba,,,
https://youtu.be/hnJIRPiCqRw?t=60,I Wanna be the Chloris,My Story,Snail's House,,,
https://youtu.be/74Iv8sHDJuk?t=49,I Wanna Gorilla the Afoth;I Wanna Kill The Chaos Colonel,ErAseRmoToR maXimUM,L.E.D.-G vs GUHROOVY,,,
https://youtu.be/Rl0KQMmPmXI?t=40,I Wanna be the SIT,BURST PROTOCOL,DEBUG MODE,,,
https://youtu.be/Eon9jJDK2q8?t=24,I Wanna Go Frantic,Konga Conga Kappa,Danny Baranowsky,,,
https://www.youtube.com/watch?v=l9eRbCoCNH8,I Wanna be the Nosieesi,Lovely Otohime,Mayuko Kageshita,,,
https://youtu.be/_RpTORneOEA?t=26,I Wanna be the Nosieesi,Diao Ye Zong ~ Withered Leaf,ZUN,,,
https://youtu.be/MPF6IXAE_1k?t=10,I Wanna be the Nosieesi,Cirno's Perfect Math Class! (Piano Cover),marasy8,,,
https://youtu.be/OKahDb2Yk-s?t=2,I Wanna be the Nosieesi,Kero Destiny,Silver Forest,,,
https://www.youtube.com/watch?v=qESMvA1Y7Hw,I Wanna be the Marvelous,Boomer Kuwanger,Yuko Takehara,,,
https://www.youtube.com/watch?v=uaoUDvqZqDk,I Wanna be the Marvelous,Arctic Reserve,Yuki Iwai,,,
https://www.youtube.com/watch?v=b7pzTtrnUyc,I Wanna be the Shobon,Yobikomi-kun BGM,Gunma Denki,,,
https://youtu.be/XkFz_hi2tWY?t=202,I Wanna be the Syoram!!,Through the Fire and Flames,Dragonforce,,,
https://www.youtube.com/watch?v=dO-Uh6oPx1k,I Wanna be the Groovy,Cursed Overworld,Koji Kondo,,,
https://youtu.be/fL9lHzeNDgs?t=10,I Wanna be the Pendulum,Submerged Castle,Hajime Wakai,,,
https://youtu.be/Y_zr7yELtjs?t=42,I Wanna be the Co-op,Petal Meadows,PivotalTuxedo,,,
https://youtu.be/0xj-CxbOoqc?t=77,I Wanna be the PS,Water World (cover),Social Ghost,,,
https://youtu.be/H-kYxM6d2nk?t=33,I wanna combine the 2 forces,Cute Magic,Kobat,,,
https://youtu.be/58RovRGzJ08?t=191,The Farewell Medley,Snow Halation,The Farewell Medley Team,,,
https://www.youtube.com/watch?v=54nBE97RM8Y&t=247s,I Wanna Be The やよいたん; I Wanna Be THE iDOLM@STER,I'll Cast You A Spell Remix,hapi⇒; Yayoi Takatsuki,,,
https://youtu.be/wA6hSq0cARc?t=65,I Wanna Be The Diagonal Jump,RONALDINHO SOCCER!!,Cubiick,,,
https://youtu.be/WvMMZHETG4s?t=52,I Wanna Be The Diagonal Jump,Konga Conga Kappa (Rey Conga) (Chipzel Remix),SilvaLatinaGunner,,,
https://youtu.be/cwyTleTL06Y?t=48,I Wanna Be The Diagonal Jump,meow,lvusm,,,
https://youtu.be/_6R6-uPMi8E?t=63,I Wanna Be The Diagonal Jump,Under the Stars (Canción de Alicia),Richardvox,,,
https://youtu.be/VfRByK8yxbo?t=44,I Wanna Soothe the Shroom,Wind God Girl,あきやまうに,,,
https://youtu.be/26g8atIoG1A?t=3,I Wanna Kill The BLB 2: Nemesis Tamatou,Keep Your Head Up!,MilkCan,,,
https://youtu.be/xZRzosMSurI?t=128,I Wanna Escape Into My Mind,Spiral to Me,The i.l.y's,,,
https://youtu.be/iXG8ttP1IPk?t=55,I Wanna Escape Into My Mind,Windmill Hut,SiIvaGunner,,,
https://www.youtube.com/watch?v=gX5H39sPaio,I Wanna be the Weird Game - Demo;I Wanna Escape Into My Mind,Boss Battle,Mega Man 7,,,
https://youtu.be/q9ZCfSbJ2Z8&t=86,I Wanna Escape Into My Mind,Soft Breeze,Alias Conrad Coldwood,,,
https://youtu.be/HBgmE-vXjSI&t=99,I Wanna Escape Into My Mind,Cousin Joule,Pilotredsun,,,
https://youtu.be/cqn6CWXcjjQ?t=97,I Wanna Escape Into My Mind,Post Void Single,Karl Flodin & Ycjy,,,
https://youtu.be/TMJ2b9By0xE&t=45,I Wanna Escape Into My Mind,Lost in Bonerland,Nero's Day at Disneyland,,,
https://youtu.be/BzVGX5nPpjM?t=126,I Wanna Escape Into My Mind,Avalon Sliding Down the Cliff,Lauren Bousfield,,,
https://youtu.be/Mifdwh7w9fA?t=30,I Wanna Escape Into My Mind,Athoth a Go!! Go!!,Machine Girl,,,
https://youtu.be/hG55eDG7xIg?t=43,I Wanna Escape Into My Mind,Necro Culture Vulture,Machine Girl,,,
https://youtu.be/Il_51tSLadg?t=147,I Wanna Escape Into My Mind,Mchngrl vs Wlfgrl,Machine Girl,,,
https://youtu.be/fhHjGwrquDg?t=61,I Wanna Escape Into My Mind,Frenesi (Machine Girl GabberTrap Mix),Machine Girl,,,
https://youtu.be/vJSE3ZOS7fc&t=120,I Wanna Escape Into My Mind,We All Fall Down,STOMACH BOOK,,,
https://www.youtube.com/watch?v=Bo0MgvtygtU&t=43s,I Wanna Buy the Crayon,おてんば恋娘 ～ the Foolish Girl,dBu,,,
https://www.youtube.com/watch?v=0h8sqfo3QJ4&t=193s,I Wanna Enjoy the Music,kokoro,Toraboruta,,,
https://youtu.be/eKZtM8Ek28s?si=9l3YkJhfvdSmVfnr,I Wanna Go The Twourney,Where Angels Play,Masafumi Takada,,,
https://youtu.be/7wkpoZ_B1Wk?si=2IR7hpDvvfHasVLk&t=54,I Wanna Go The Twourney,"Guitar, Loneliness and Blue Planet [8 Bit Chiptune Arrange]",Waik0,,,
https://youtu.be/J-mgUwM3dg0?si=vqSzEI0SAOoda3je&t=10,I Wanna Go The Twourney,In The Groove,Keitaro Hanada,,,
https://youtu.be/1ermkj5ukA0?si=HDAllwimdgSFi1O2&t=87,I Wanna Go The Twourney,Northeast Frost Street,"Yuuta Ogasawara, Hirokazu Ando, Jun Ishikawa, Yuki Shimooka",,,
https://youtube.com/shorts/qAsHMbV7vn8?si=EcJ2rxLxhHejxOha,I Wanna Go The Twourney,Throwing a DUMBBELL in the air!,Voros Twins,,,
https://youtu.be/cHY_402rDP0?si=oe6Q__ztzwfALGxk&t=55,I Wanna be the Procrastination,Unbelievable Wonderful Destiny,DIVELA,,,
https://youtu.be/8XnKufRx0EM?si=vHxKIjIyuC4Oqtg4&t=85,I Wanna Traverse The Seven Aspects,Welcome to VR World,"Saori Yoshida, KOTO",,,
https://youtu.be/PygQV_rGwPo?si=g1WoagXDTyVYqF_7&t=60,I Wanna Traverse The Seven Aspects,Let's Dance,Yuri Fukuda,,,
https://youtu.be/yvSWRg_oPyw?si=5Kl8fgRLPEnvB1-M,I Wanna Traverse The Seven Aspects,Ascension Point,Chihiro Aoki,,,
https://youtu.be/J9mzuVwan4k?si=s8nLC3kwyN4-7NTp&t=72,I Wanna Traverse The Seven Aspects,Dark Road,Lenk64,,,
https://youtu.be/fx_CuNLsbgo?si=U2_0azv99qmYSF9g&t=56,I Wanna Traverse The Seven Aspects,The Qitana Ravel (Unwound),Square,,,
https://youtu.be/XJsy5jJ7Dp0?si=GxsqONU6Dl-tOIw3,I Wanna Traverse The Seven Aspects,Gentle Breeze,"Manabu Namiki, Noriyuki Kamikura",,,
https://youtu.be/1QNoygm8bEY?si=lRatAfURFjhF7syW&t=68,I Wanna Traverse The Seven Aspects,Life On The Line,2 Mello,,,
https://youtu.be/8sebqe3sbKM?si=v3In0jJZEbBdg4GB,I Wanna Traverse The Seven Aspects,Rainy Season,2 Mello,,,
https://youtu.be/H5CeWjODsmE?si=06ESbF1gvzSUL09i&t=13,I Wanna Traverse The Seven Aspects,[ 8bit Chiptune Arrange ] 乙女よ大志を抱け!!,Waik0 [8bit],,,
https://youtu.be/hmx9PDgvL6k?si=W5QR8nGyu5JAY-5B,I Wanna Traverse The Seven Aspects,POSSESSION,TAG underground,,,
https://youtu.be/iRThyHhhTdg?si=T64wZ2vyHGfYtbKF&t=67,The Kid's Whimsical Adventure!,My New Microphone!,Chex Maniac,,,
https://youtu.be/5rCuHf4cfkM?si=-yZLG1BSqKfNSdBq&t=3,I Wanna Burnmind,Final Space,Pong: The Next Level,,,
https://youtu.be/DVo-AQCqbd4,I Wanna be the ニードルポーン,track04,コンテナ【Ａ】 & 大塚 愛,,,
https://www.youtube.com/watch?v=b4Zp86zENR8&t=107s,The Majestic Kid,Hatred ~ I've Waited A Long Time For This Moment,Manabu Namiki,,,
https://www.youtube.com/watch?v=toPWvdaC84w&t=11s,Terrible Needle Fourinone;I Wanna be the Desert Paradise,Usagi Flap,Nor,,,
https://www.youtube.com/watch?v=Bk8b96Vd77w&t=85s,I Wanna Get Cultured 2,Metempsychosis,Hiroshi Iuchi,,,
https://youtu.be/CDPOUZWfwsA?t=43,I Wanna Visit the Rainbow Carnival,Colorful Dreams! Colorful Smiles!,Nijigasaki High School Idol Club,,,
https://youtu.be/bz3PJWkKLdM&t=27,I Wanna Reach for the Stars,Nirvana's Gate,Ryu Umemoto,,,
https://youtu.be/jkk6f817nNU?t=107,I Wanna Reach for the Stars,Colony 9,Yoko Shimomura,,,
https://youtu.be/FNGyfkCnr04?t=64,I Wanna Reach for the Stars,Namida no Hurricane,Miki Hoshii,,,
https://youtu.be/jpvnUW94WAs?t=54,I Wanna Reach for the Stars,Frozen Party,Manabu Namiki,,,
https://youtu.be/2CnvZOs8TWM?t=143,I Wanna Reach for the Stars,Seikan Hikou,Yoko Kanno feat. Megumi Nakajima,,,
https://youtu.be/G3J24BeGVTw?t=90,I Wanna Reach for the Stars,Arcueid's Theme,werk,,,
https://youtu.be/re1IjZsUGtU?t=202,I Wanna Reach for the Stars,Move Me,Kohta Takahashi,,,
https://youtu.be/ZqLGS9FfRkE?t=22,I Wanna Kill the Troll King,Kline's Dream,Kohei Tanaka,,,
https://youtu.be/RBFqTU6fgBs?t=55,I Wanna Gain the Ability,Pizza Engineer,Mr. Sauceman,,,
https://youtu.be/ssxqHorFMGk?t=90,I Wanna Gain the Ability,Pretty Cvnt (Astrophysics Remix),Astrophysics,,,
https://youtu.be/_F9IO9Plldc?t=9,I Wanna Gain the Ability,Browser History,Graham Kartna,,,
https://youtu.be/6_vtekO_1Lc?t=82,I Wanna Eat the Slop,Punch Card Derby,Pilotredsun,,,
https://youtu.be/NbkAdwgPCwo?t=29,I Wanna Eat the Slop,Devil Speak,Machine Girl,,,
https://youtu.be/17lxryIFn1Y?t=70,I Wanna Eat the Slop,Mind Control Corral,Pilotredsun,,,
https://youtu.be/Xxegys0fRqM?t=135,I wanna collapse the Versum,Dungeon Freakshow,ClascyJitto,,,
https://youtu.be/GHooySzFkHI?t=119,I wanna collapse the Versum,Extraterrestrial Wahwahs,Mr. Sauceman,,,
https://www.youtube.com/watch?v=vnL0IfxxXRk,Random Games from my Desktop,The Carbon Menace,Kaizo Slumber,,,
https://youtu.be/_dROGkrbMKU?t=81,I Wanna be the Desert Paradise,Sunset Road,Mr. Asyu,,,
https://youtu.be/gbioL1-g-S4?t=105,I Wanna Slowly Go Quickly,The Brave Decision,Takuma Satou,,,
https://youtu.be/qzSzylSGuiM?t=57,I Wanna be Randomly Generated,! PARTY SIRENS !,Tanger,,,
https://youtu.be/neH2JDMt3E0?t=32,I Wanna be Randomly Generated,Kirby Boss Theme Medley (8 Bit Remix),Bulby,,,
https://youtu.be/0DQIJRMnKag?t=45,I Wanna CashCashCash,Dive. Diver. Divest.,Raito,,,
https://youtu.be/1O3RJxLektk?t=36,I Wanna Recap the Twourney,Maze Walker -Remastering-,Raito,,,
https://youtu.be/h1XlQw84G74?t=17,I Wanna Recap the Twourney,whiskers.,Tanger,,,
https://youtu.be/cW1RzpwQ2rg?t=243,Ance Tournament Collection,12 Little Fragments of Silence,Betwixt & Between,,,
https://www.youtube.com/watch?v=2yVq9YdJSB4,I Wanna Traverse the Harvest,cutie ♀ BOIN'G,Yasuhisa Watanabe,,,
https://www.youtube.com/watch?v=bnpjWHOypaM,I Wanna Traverse the Harvest,B-in,Ryu Takami,,,
https://www.youtube.com/watch?v=afpt2tkbgro,Avoidance Ability Test,Eternal Transient Reign,ZUN,,,
https://youtu.be/opdo2_1_y7k?t=14,The Farewell Medley,Shirokuma Shrine,しゃーろ,,,
https://www.youtube.com/watch?v=ymgNWEEDW58,I Wanna Birthday to Alejo Old,Wonder Duel,ZIADARA,,,
https://youtu.be/m1ilXQbtizc?t=57,I Wanna Recap the Twourney,"NEO SKY, NEO MAP!",Nijigasaki High School Idol Club,,,
https://www.youtube.com/watch?v=4pS7yQ9M63M&t=35s,I Wanna Try A Collab 2;I Wanna Escape The Minecraft;I Wanna Be The Timeattacker!,Frozen Caves of Camanis,winKoneR,,,
https://www.youtube.com/watch?v=diaOXP23u7U,I Wanna be the Best Guy 3,Twisted Rosalia,Atsushi Kitajoh,,,
https://www.youtube.com/watch?v=gmh4Qs20DZA,I Wanna be the Pharaoh,Megalomania,Yoko Shimomura,,,
https://youtu.be/2Ax_EIb1zks?t=50,I Wanna See the Star,Xenogenesis,TheFatRat,,,
https://www.youtube.com/watch?v=A2hnGE53iNE,Terrible Needle Fourinone,"Sea, Forest, Mountain Breeze",AliceSoft,,,
https://youtu.be/SwLH2vftBLw?t=187,I Wanna be THE iDOLM@STER;I Wanna Clever Maiden,乙女よ大志を抱け！！,天海春香,,,
https://www.youtube.com/watch?v=N_SWfKjvlvw,I Wanna Elder Hymn,Elder Hymn,Helblinde,,,
https://youtu.be/_B0CyOAO8y0,I Wanna Escape the Poolrooms,Entry of the Gladiators,Julius Fucik,,,
https://www.youtube.com/watch?v=wcibw-m8tRk,I Wanna Save Peach,"Schnappi, das Kleine Krokodil",Joy Gruttmann,,,
https://www.youtube.com/watch?v=IAGD2J0KEr0,I Wanna be the クリスマス ,きのこもんちゃく,PANICPUMPKIN,,,
https://www.youtube.com/watch?v=TqZ_4SkYAGw&t=56s,I Wanna be the Chair 2;I Wanna Conceptualize the Omnitruncated Tesseract,Can't Stop Us,Chipzel,,,
https://youtu.be/uF8CwVRwQ4I?t=187,I Wanna be the Galaxy Friend Remix,Galaxy Friends (tpz Overheat Remix),t+pazolite,,,
https://youtu.be/zzDNwKzwVTY?t=34,The Avoidance Complex,Sakura Ravers,Ryu☆,,,
https://youtu.be/Qi9koVOLWUw?t=64,The Avoidance Complex,POWER ATTACK,EBIMAYO,,,
https://youtu.be/lI1WS0mC8BI?t=83,The Avoidance Complex,Octane,Creo,,,
https://youtu.be/w4dLTLW6dJ0?t=41,The Avoidance Complex,Peer Gynt,cYsmix,,,
https://youtu.be/tJfqCyecoCY?t=154,SHOOT: Taming the Ruins,drowned,midxna,,,
https://youtu.be/e3eZam7WcWI?t=65,SHOOT: Taming the Ruins,Subversive Awareness,Manabu Namiki,,,
https://youtu.be/UWeA2WSZJwI?t=69,I Wanna Destroy the Maelstrom;Extreme Depths 2,No Remorse,3R2,,,
https://www.youtube.com/watch?v=MR3uP7IYz44,spong,Lady (Hear Me Tonight),Modjo,,,
https://www.youtube.com/watch?v=mbzy-4YuvIg&t=39s,I HATE Double Turn Team!,Wrapped Around The Pole,Nero's Day At Disneyland,,,
https://www.youtube.com/watch?v=jqK-zpuAFEg&t=52s,RNG Dungeon,Test Me,Superior Cornrows,,,
https://www.youtube.com/watch?v=zPptp5GY9bA,I Wanna Hope the End Of;I Wanna be the Quarzia,The Massacre,FantomenK,,,
https://www.youtube.com/watch?v=6b_c_99GGcw&t=8s,I Wanna Gain the Ability,DesktopBuddy,NANORAY,,,
https://youtu.be/oir8-1FoS-I?t=84,I Wanna Challenge 100 Trials!!;100 Floor Medley,Bramble Blast,Michiko Naruke,,,
https://www.youtube.com/watch?v=gd9DZyn3IiQ,I Wanna Walpurgis;I Wanna Can't Stop,Floro Sapien Caverns,"Yasuhisa Baba, Chika Sekigawa, & Naoko Mitome",,,
https://youtu.be/XNK_jwU1piE?t=64,I Wanna be the Computer 2,The Clubbing of Isaac,Big Giant Circles,,,
https://youtu.be/4rcChQySGkA?t=50,I Wanna Start from Here,Beginning (Dracula X),Konami Kukeiha Club,,,
https://www.youtube.com/watch?v=22QCtBsjO6I,I Wanna Rescue the World 3,Venerable Ancient Battlefield ~ Suwa Foughten Field,ZUN,,,
https://youtu.be/kTpMbvBT68M?si=7BnbN5kYn1E53QhI&t=69,I Had The First Instance,The First Instance,Lyfer!,,,
https://www.youtube.com/watch?v=BjP2hLxUaKs,I wanna be the Planet Doku,Fun House,Fletcher Beasley,,,
https://www.youtube.com/watch?v=KrOmwuaRmbQ,The Farewell Medley,Persevere,Andromida feat. Icaro Paiva,,,45
https://www.youtube.com/watch?v=N1IWNKxz_vQ,I wanna be the Planet Doku,Intro (official instrumental),Michael Tavera,,,
https://www.youtube.com/watch?v=2VYucM6kTSk,I wanna be the Planet Doku,Intro Music,Sonic Adventure 8,,,
https://www.youtube.com/watch?v=l2EYeyYfAyo,I wanna be the Planet Doku,Find Pou / Memory,Pou,,,
https://www.youtube.com/watch?v=Yzivg8gmrCE,I wanna be the Planet Doku,Squilliam shawty like a melody but it's looped,Squilliam,,,
https://youtu.be/O07SX0BliAQ?si=U15LAsJDgH220Gkc&t=159,I wanna be the Planet Doku,Isolation,NightHawk22,,,
https://www.youtube.com/watch?v=suwfJMiXauU,I wanna be the Planet Doku,Clavar La Espada,Shiro Sagisu,,,
https://youtu.be/-vJ0NMOH2vA?si=ebLByXkwpdcUBCjB&t=27,Another Bad Barrage;Another Bad Barrage 2,demonic little grey cat theme song,vivivivivi,,,
https://www.youtube.com/watch?v=TgjPUL7XLeQ&t=303s,Another Bad Barrage 2,Demonic Little Grey Cat Theme Phase 2,Xhitest,,,
https://youtu.be/vbtZaqXKLGU?si=CHo_AOGQE5lDkPbw&t=191,I Wanna KamiKamiKami,Nova Sidus (Chiptune Mix),NeXsard,,,
https://www.youtube.com/watch?v=bMobpo9LHtM,I Wanna KamiKamiKami,Let the bodies hit the floor - repotente ver.,Mauricio Juega IWBT,,,
https://www.youtube.com/watch?v=mTLbTp9nogE,I Wanna Look Tomodati,Coast 1,TrackMania Wii,,,
https://youtu.be/NBaudy5ck0Y?si=VcExPq-vmuBv2dMT&t=3,I wanna be the MIL,Mr Incredible Becoming Canny,Mr Incredible,,,
https://www.youtube.com/watch?v=2SppruC0G5k,I wanna be the MIL,Sneaky Adventure,Kevin MacLeod,,,
https://youtu.be/EcSe_9qEoUI?si=lxnzSSJtSXp-PonY&t=113,I Wanna Be The Mesmerizer (AU),メズマライザー (ALTERNATIVE UNIVERSE),Reroy_.,,,
https://www.youtube.com/watch?v=byTldJdeg3M,I Wanna Conquer The Multi-Avoidance,Freedom and Security,ATLUS Sound Team,,,
https://www.youtube.com/watch?v=6nQ5SaXJJAE,I wanna be the Schroedinger,シュレーディンガーの猫,Cait Sith,,,
https://www.youtube.com/watch?v=vL3ATJ9AlAM,I Wanna be the Baguette,Avarice,Titan Souls,,,
https://www.youtube.com/watch?v=QRpMT56Tdps,I Had The First Instance,Life Lost,Godzilla - Monster of Monsters! (NES),,,
https://youtu.be/uD6Qzt1vjGM?t=163,I Wanna Be The PlayerDashNeedle,Wildfire,Fatal Force & Crusher P,,,
https://youtu.be/6D9TR7W9z9I?t=35,The Quirky Floor Game,Overdose Casino,Alex Peipman,,,
https://www.youtube.com/watch?v=uhlUbikVqB8,The Quirky Floor Game,Big Beat Radio,SiIvaGunner,,,
https://youtu.be/_EbsVkiVKs4?t=43,The Quirky Floor Game,3y3s,SiIvaGunner,,,
https://youtu.be/QJs455z5b4o?t=85,The Quirky Floor Game,Battle Against an Otherworldly Prince,SiIvaGunner,,,
https://www.youtube.com/watch?v=IGH2g_l3wog,I wanna kill the Colonel Whatsapp,whatsapp drip,whatsapp,,,
https://youtu.be/71ZkhO44NIo?t=230,I Wanna Kill The Kamilia 3,Signal,Rejection,,,
https://youtu.be/TvURxL9qWCA?t=41,I wanna be the Repotente,Home Sweet Grave,Mauricio Juega IWBT,,,
https://youtu.be/73-HvpWShHg?t=42,I wanna be the Repotente,Never Gonna Give You Up,Mauricio Juega IWBT,,,
https://youtu.be/W5A2YvPkYmY?t=48,I wanna be the Repotente,Guess What?,Mauricio Juega IWBT,,,
https://youtu.be/RWcLO5LCQ7o?t=71,I Wanna Relax With Needle 3,Door,エミリア（CV：高橋李依）,,,
https://youtu.be/b0PpsQ3wcUc?t=46,The Farewell Medley,Gitchee Gitchee Goo,Disney,,,
https://youtu.be/ouV8SKl4WgY?si=zbdb3At3n1n56ebT&t=88,I wanna kill the Kamilia 2 WARPED,『Planet RATIS』『Thunderbolt』,Shigure TOWA,,,
https://youtu.be/2Fot8ORbzOw?si=Ffv8HWkOmtlg5wcZ&t=40,I wanna kill the Kamilia 2 WARPED,The Foggy Cave in the Dark (Remix),Desfrank,,,
https://www.youtube.com/watch?v=7_zP8dJQDSc,I wanna be the Planet Doku,Girl World (Beta Mix),SiIvaGunner,,,
https://youtu.be/tFOttUKWT50?t=190,I wanna thank you Garrettp375,THRESHOLD,Sungazer,,,
https://youtu.be/Wgw6tJ8yz9M?t=90,I wanna thank you Garrettp375,Honeypie,JAWNY,,,
https://www.youtube.com/watch?v=w6xQ8-Fv_LA,I wanna take the Timemachine 2,Advanced On (v2),ALICESOFT,,,
https://www.youtube.com/watch?v=5L6ZW28ti2o,I Wanna Get the Baile del Troleo,A con razón,chair,,,
https://youtu.be/M2HhkAyKAGA?t=41,I Wanna Be The Erebus,Event Horizon,xKore,,,
https://youtu.be/f1DWIjlAKQk?si=65sY1U4uSwLx0_VC&t=70,A Drop In The Ocean;I wanna be the dooooooooooooooon,量子の海のリントヴルム,黒猫ダンジョン,,,
https://youtu.be/9NcPvmk4vfo?t=40,I Wanna KamiKamiKami,Never Gonna Give You Up (8 Bit Remix Cover Version),8 Bit Universe,,,
https://youtu.be/cXLjkrfw-58?t=14,I Wanna KamiKamiKami,Setting sun,Lamb,,,
https://www.youtube.com/watch?v=U3m4HRL4emY,Seven Night At Series Z,Snowman,Aqua MIDI,,,
https://youtu.be/OSbWjG2p4e8?t=14,Seven Night At Series Z,Fnaf 1 Night 1 Call,Phone Guy,,,
https://www.youtube.com/watch?v=tBgsRE8Se3k,Seven Night At Series Z,Mushroom Run,Kirby's Epic Yarn,,,
https://www.youtube.com/watch?v=vyG6S7hncDw,Seven Night At Series Z,Skibidi Toilet (Hatsune Miku Cover),Blooby,,,
https://www.youtube.com/watch?v=Yz9LmS24Rrw&t=135s,Seven Night At Series Z,CROWNED Medley,Kirby Star Allies,,,
https://www.youtube.com/watch?v=YqMpdti1dvg,Seven Night At Series Z,Wha Wha Wha Cat Full Song,TurbiMark,,,
https://youtu.be/hWhgrA2dhrk?t=29,I wanna memento-mori,Full Moon Full Life,Azumi Takahashi,,,
https://www.youtube.com/watch?v=8sgycukafqQ,ChatGPT Needle,What I've Done,Linkin Park,,,
https://youtu.be/e8_Fr97JRzg?t=94,Not Another Hentai Game,The War Still Rages Within,Jamie Christopherson,,,
https://www.youtube.com/watch?v=2kp8B3x28pM,ChatGPT Needle,"Candyland, But it is low quality",Tobu,,,
https://www.youtube.com/watch?v=pMNnZIz6YYM,Mage of Violet,メイジ・オブ・ヴァイオレット,Shion,,,
https://youtu.be/XRzXKK0O9_0?t=136,I wanna Dodge Everything!,Usatei 2011,COOL&CREATE ,,,
https://www.youtube.com/watch?v=IPFiKEm-oNI,I Wanna Go Gambling,gamblecore,raxdflipnote,,,
https://youtu.be/IeyVsRCfGHg?t=22,I Wanna Kill The Kamilia 3+,Vertex (Stage 1),Manabu Namiki,,,
https://youtu.be/tmlfcu7xuPU?t=91,I Wanna Kill The Kamilia 3+;I Wanna Heyan Trapventure,ヴァンパイア†キス,IOSYS,,,
https://youtu.be/-gxtje6PTiE?t=211,I Wanna Kill The Kamilia 3+,Black or White,Yunosuke,,,
https://youtu.be/GuOkSRHfNIs?t=39,I Wanna Kill The Kamilia 3+,Xanadu (Stage 2-A),Azusa Chiba,,,
https://www.youtube.com/watch?v=EsXJ05Kx4YI,I Wanna Kill The Kamilia 3+,ケイブラブ - Show Time under Leaden Skies,COOL&CREATE,,,
https://youtu.be/1WJFWOsMNio?si=VsXj8QAbzXWgQde5&t=90,I Wanna Kill The Kamilia 3+,Galacta Knight Remix,Light MetaS,,,
https://youtu.be/3nSO6Ad_Na4?t=35,I Wanna Kill The Kamilia 3+,モノクロボイス,cosMo@暴走P,,,
https://www.youtube.com/watch?v=YtoQJL7LzLo,I Wanna Kill The Kamilia 3+;I Wanna Kill The Needle Games,Flotage (Stage 3-B),Noriyuki Kamikura,,,
https://youtu.be/F87qVNX-n5g?t=51,I wanna break the Series Z 2 Remake;I wanna be the Resonance,やがて女はきれいになるだろう,みんなのリズム天国 ,,,
https://youtu.be/IGi84X4HEG0?t=119,I wanna break the Series Z 2 Remake,Blood Drain -Again- (Eltnum's Theme),Raito / Masaru Kuba,,,
https://www.youtube.com/watch?v=5jxsUlxlTFI,I wanna break the Series Z 2 Remake,Tetanus Light World,Ridiculon,,,
https://www.youtube.com/watch?v=GKbNMzUFWsE,I wanna break the Series Z 2 Remake,Final Boss Battle,Jake Kaufman,,,
https://www.youtube.com/watch?v=6aCKNpfkd2U,I wanna break the Series Z 2 Remake,Shockalypse,FamilyJules,,,
https://youtu.be/HPA3Y-acjb0?t=52,I wanna break the Series Z 2 Remake,Still in the Dark,Daisuke Ishiwatare,,,
https://www.youtube.com/watch?v=0GeQVtZ6Rd4,I Wanna Heyan Trapventure 2,Super Idol,super idol guy,,,
https://youtu.be/YYht-8vzSWo?t=66,I Wanna Be The PlayerDashNeedle,Senbonzakura |Yochi Remix|,Yochi,,,
https://youtu.be/80rgjdWXFcM?t=116,I Wanna Be The PlayerDashNeedle,Light Song [Remix],HanasoumenP/ Hiroyuki ODA/ HSP,,,
https://www.youtube.com/watch?v=YgfGC1CjNfI,I Wanna Be The PlayerDashNeedle,Senbonzakura (Suzumu Remix) (Hanatan Ver.),Suzumu,,,
https://www.youtube.com/watch?v=EK7Vn6_j8zY,I Wanna Be The PlayerDashNeedle,Música de Piano Relajante,Giordano Trivellato,,,
https://youtu.be/A38Wu0KoFzs?t=75,I Wanna Be The PlayerDashNeedle,Bad Apple!! (Nardis Remix),Nardis,,,
https://www.youtube.com/watch?v=HcizSP_wGTg,Crimson Needle 2.5,Old Dog Blue,Jim Jackson,,,
https://www.youtube.com/watch?v=TVRReBACGks,Crimson Needle 2.5,Solitary Grace,Machine Girl,,,
https://www.youtube.com/watch?v=re4h-JkyAYI,Crimson Needle 2.5,Ink,il:lo,,,
https://www.youtube.com/watch?v=U-W6Xw59l-U,Crimson Needle 2.5,Whirlwind (Metal Version),Sebdoom,,,
https://youtu.be/FEp99DhntDA?t=47,Crimson Needle 2.5,Le voyage de Pénélope,AIR,,,
https://www.youtube.com/watch?v=K2roEwgWdLE,Crimson Needle 2.5,The Slipping Beauty,Vangelis Katsoulis,,,
https://www.youtube.com/watch?v=mB6YotDQ_ow,100 Floor Medley,theme of a shop that sells things you dont want,AZALI,,,
https://www.youtube.com/watch?v=LnKUD_OztRE,100 Floor Medley,Elephant,Tame Impala,,,
https://www.youtube.com/watch?v=l3epjSbcXkY,100 Floor Medley,†:OLPHEUX:†,Juggernaut.,,,
https://youtu.be/VuMRTxwEpLM?t=18,100 Floor Medley,Books Of War (instrumental),DOOM & RZA,,,
https://youtu.be/SMGMbru_30M?t=30,100 Floor Medley,Hidden World,Sonic Lost World,,,
https://www.youtube.com/watch?v=Qx-ogfjejwA,100 Floor Medley,X (エックス) (FamiTracker N163),Tunnel Scene,,,
https://youtu.be/1ZSM2L5o0JI?t=100,100 Floor Medley,Lexapro Delirium,Sewerslvt,,,
https://youtu.be/Z3L5M7GHAkw?t=56,100 Floor Medley,Persiana Americana,Soda Stereo,,,
https://youtu.be/slH9CGBK6Gw?t=57,100 Floor Medley;Crimson Needle 2.5,Aquarium Park (Act 3) ,Sonic Colors [OST],,,
https://youtu.be/JsmTN7gS0w4?t=80,100 Floor Medley,Azures ~ Incarnation of Life,Espgaluda II OST,,,
https://youtu.be/VdZGtDHmCOo?si=SYoxWmPuIBGqArKp&t=21,100 Floor Medley,Mini-Game 1,Tim Follin,,,
https://www.youtube.com/watch?v=t3S6gfpJ_Qo,100 Floor Medley,Robotnik II.wmv (Instrumental),diskkunt,,,
https://youtu.be/lmSqBC4MW24?t=18,100 Floor Medley,Tintin on the Moon (Remix),Panch,,,
https://youtu.be/vuPyz-V1y4Q?t=74,100 Floor Medley,redo,paranoid void,,,
https://youtu.be/NqThf-MpCjs?t=59,100 Floor Medley,Gypsy Woman (She's Homeless),Crystal Waters,,,
https://youtu.be/0lR1tt24mo4?t=195,100 Floor Medley,Altitudes,Jason Becker,,,
https://youtu.be/F8dKVbP1Nzo?t=84,100 Floor Medley,Something Stupid (Better Call Saul version),Lola Marsh,,,
https://youtu.be/cRk7K6ONcNs?t=61,100 Floor Medley,Summer Lights,TAM,,,
https://youtu.be/CVba6cNIs9w?t=124,100 Floor Medley,Olympic Flame (Original Mix),Tiesto,,,
https://youtu.be/lCjkVdIi9bE?t=78,100 Floor Medley,Muskokan Dusk,durn,,,
https://www.youtube.com/watch?v=-82zrgOnK50,100 Floor Medley,Power of NEO (Remix),Nathsil,,,
https://youtu.be/YwoiIi5dsHg?t=86,I wanna touch the Entrance,Clockwork Clown (off vocal),40mP,,,
https://youtu.be/cokfGDmtIcw?t=68,I Wanna One of Repetition,繰り返し一粒 (Akane ver.),Nekomushi-P,,,
https://www.youtube.com/watch?v=Mm26K5vaf00,I wanna be the Onelife,Paper plane theme,idk,,,
https://www.youtube.com/watch?v=dOPrN6aJ7TI,I Wanna Be The GBC,M.I.L.F,Kawai Sprite,,,
https://www.youtube.com/watch?v=-G-AuLXhTN4,I wanna Avoid being Trolled,Kirby screaming and falling,Kirby,,,
https://www.youtube.com/watch?v=FT91CrPPAqc,I wanna be the Pos,Positive☆Dance Time,キノシタ/kinoshita,,,
https://youtu.be/IR3cJ_yYzhA?t=121,I wanna Dodge Everything!,Yukkuri Shiteitte ne!!! (Take It Easy!!!),Hatsune Miku,,,
https://youtu.be/lAaU7EO_8AA?t=5,I wanna be the Anime character,もってけ!セーラーふく (TV Size),Konata Izumi,,,
https://www.youtube.com/watch?v=mSBZ19bc-sE,I Wanna Anatasama,アナタサマ,かいりきベア,,,
https://www.youtube.com/watch?v=9bRVnm6pUD8,I wanna be the Studio Engine YoYoYo Edition; I Wanna be Wacky,NINA,Pinocchio-P,,,
https://youtu.be/wbcuHPX3dv4?t=34,I wanna go to the Lake Oman,Lake Oman,Otsu-P,,,
https://youtu.be/SR_6aEhCnmk?t=181,I Wanna Be The Payment,VOiCE,LovelyP,,,
https://youtu.be/USGs17fK3w0?t=95,I Wanna Be the Picture,人間失格,押入れP,,,
https://youtu.be/XsDnEXOzxzg?t=532,I wanna GNU;I Wanna Kill The Kamilia 2,I Wanna Be The Medley,hapi⇒,,,
https://www.youtube.com/watch?v=FsZjnYoUUKs&t=59s,I wanna be the Lord of time,Kill DOG as a Sacrifice to DOG,Daisuke Ishiwatare,,,
https://youtu.be/BylfI8Kw7d4?t=5,I wanna be the Lord of time,The Irony of Chaste,Daisuke Ishiwatare,,,
https://youtu.be/k5UbHCXTTV4?t=11,I wanna be the Lord of time,"Sheep Will Sleep (,if you become fatigued)",Daisuke Ishiwatare,,,
https://youtu.be/Zkcf79-wuAo?t=108,I wanna beat the Hurtful pain tower,A Question of Fate...,Dimrain47,,,
https://www.youtube.com/watch?v=8Z8kr9gmVHA,I Wanna Break the Last Z,Yo-Kai Disco,simoyuki,,,
https://youtu.be/EYSYLt14miM?t=84,I Wanna Make the Random Rooms,Waves,DJ Satomi,,,
https://www.youtube.com/watch?v=bnZ4Pp0wq8I,I wanna be the NAS;I Wanna Can't Stop,サントリー 燃焼系アミノ式CM 上昇サラリーマン篇,japanese commercial,,,
https://youtu.be/Yjj6t79SN4I?t=56,I wanna break the Series Z 2,The Luna,Triple Spade,,,
https://youtu.be/jrgO_9ey53M?t=89,Not Another Needle Game;I Wanna be the Churatch,Ievan Polkka,Hatsune Miku,,,
https://www.youtube.com/watch?v=6Rmipy3prSs,I wanna Summer Feast!!,Split clock tower,qurter / AD:PIANO,,,
https://youtu.be/BAmGE4n8mdI?si=sg8Z6-WGMi8ZvwVT&t=25,I Wanna Defeat the Real Life Makers - ESA Side,[Five More Hours] Instrumental Remix,Deorro,,,
https://youtu.be/4HDYzq9OGfY?si=na6VgRE6RfBQAHm8&t=170,I Wanna Conquer The Reverse Gravity,-ERROR,Yuzuki Yukari,,,
https://www.youtube.com/watch?v=Sl9_wcOLass,I wanna Know the Apocalypse,Hell Is Preferable to Nihility,HOYO-MiX,,,
https://youtu.be/izi39dYfKMw?si=m8tZP1VYn89rdHO0&t=1,I wanna Know the Apocalypse,Latent Kingdom,Laur vs 大国奏音,,,
https://youtu.be/QmXGcOIHuWY?t=74,I Wanna Be the Picture,Beware the Umbrella Left There Forever,ZUN,,,
https://youtu.be/EzBFoKQA_Fo?t=136,I wanna be the Destination,Beware the Umbrella Left There Forever [GAMEBOY],ajiponn,,,
https://www.youtube.com/watch?v=4zW7Dmx9WYQ,I Wanna Be the Picture,Last Battle,Daisuke Amaya,,,
https://youtu.be/PaSg-4nZTbk?t=45,I Wanna Be the Picture,Yoshi's Tale,Kazumi Totaka,,,
https://www.youtube.com/watch?v=VmuuzwL6IXA,I Wanna Angel Halo,天使光輪,REDALiCE & cosMo＠暴走P,,,
https://youtu.be/jAX7tKZ-3lg?t=210,I Wanna Defeat the Real Life Makers - ESA Side,Pat Stains,Mogwai,,,
https://youtu.be/e6kozw4WwRs?t=205,I Wanna Be The Append,分裂→破壊,cosMo@暴走P,,,
https://youtu.be/9_FsWYbeP0E?t=56,I wanna be the Anthem,幻想リフレクト,イルカブ,,,
https://youtu.be/myEsj-qf73A?t=60,I wanna be the Anthem,Fire◎Flower feat. 鏡音レン,halyosy,,,
https://youtu.be/j9DsY3xJP4M?t=43,I wanna be the AC,アルカリレットウセイ (まらしぃ Remix),marasy8,,,
https://youtu.be/ufbOHl1mmYk?t=56,I wanna be the happy cat,My Happy Song,Super Simple Songs,,,
https://www.youtube.com/watch?v=qflJJO3V6aE,I wanna love the kid,Still Alive,Aperture Science Psychoacoustic Laboratories,,,
https://youtu.be/DnJKaUzFfRs?t=89,I wanna Love Rag,Love Rag,rusino,,,
https://www.youtube.com/watch?v=WKeVcDFtTjU,i wanna be the 狐じゃい！,Happy Tree Friends FUBUKI,Shirakami Fubuki,,,
https://youtu.be/KspZvWby1Jc?t=49,I Wanna Be The NCE3,Subliminal,Yoshinori Sunahara,,,
https://youtu.be/fvFO4eLp7oc?t=119,I Wanna Be The NCE3,Kami-sama no Iu Tōri,Junji Ishiwatari & Yoshinori Sunahara + Etsuko Yakushimaru,,,
https://youtu.be/wybMpWkVA8U?t=54,I wanna avoid a cherry,Kyukyoku Yakiniku Restaurant Orin no Jigokutei!,IOSYS,,,
https://youtu.be/DCTggKrpMWs?t=27,I Wanna Go Gambling,Luigi's Casino,"Asuka Ōta, Hajime Wakai, Koji Kondo",,,
https://www.youtube.com/watch?v=ltDU4vbOtrY,I wanna be the Best Guy 3,Gargoyle Perfect,"Tsukumo Hyakutaro, Yamanishi Toshiharu",,,
https://www.youtube.com/watch?v=5rzhZYeKH5Q,I wanna be the Best Guy 3,Tsubazeriai (鍔競合) (boss),Ryu Umemoto,,,
https://www.youtube.com/watch?v=97G5Qnb1P9o,I wanna be the Best Guy 2;I wanna be the Best Guy 3,Theme of Saiki,Shinsekai Gakkyoku Zatsugidan,,,
https://youtu.be/3rn6bQUTSGU?si=4SIs4R1RdMTCEshY&t=178,I wanna collapse the Versum,Thousand March DOUBLE MASH,"RichaadEB, General Jaydonius",,,
https://youtu.be/19dZab1inas?t=15,I wanna be the Boshy,Ryu Theme - metal cover,Ryashon,,,
https://youtu.be/SMWi7CLoZ2Q?t=2,I wanna be the Boshy,Nom Nom Nom Nom Nom Nom Nom,Parry Gripp,,,
https://youtu.be/pwFjLAZCyWE?si=Xv-EPOQKgI-WZ9qC&t=43,I wanna Arcana of the Tarot,Tomorrow Never Comes,Datascape,,,
https://www.youtube.com/watch?v=mVyEw2Rh0wM,I wanna be the Guy;The Farewell Medley,Fatal K.O.,Kennosuke Suemura,,,
https://youtu.be/zXvvV1pbNWM?t=55,I wanna be the Guy;I Wanna Start a Party,Last Boss,Contra 3: The Alien Wars,,,
https://youtu.be/zkj_8qwSWR8?t=46,I wanna be the Boshy,Credits Theme,Viktor Cepeda,,,
https://www.youtube.com/watch?v=yyjUmv1gJEg,I Wanna Be The Guy Remastered,Wii Shop Channel Main Theme,Kazumi Totaka,,,
https://www.youtube.com/watch?v=r8HW3c6BGwA,The Farewell Medley,Options,Asuka Hayazaki & Ryo Nagamatsu,,,
https://youtu.be/PL0DplW_I7Q?t=18,I wanna be the Engine yuuutu edition;I wanna be a little teacher;I wanna Love the Afoth,Θ (Capsule),CosMo-P,,,
https://youtu.be/zrphErXWW80?t=156,I Wanna Wane,Euthanasia Rollercoaster,KM_EXP,,,
https://www.youtube.com/watch?v=U0-pjmLyW_Y,I wanna be the Planet Doku,NINTENDO POWER,AVGN,,,
https://www.youtube.com/watch?v=RgIzjvXRc-U,I wanna be the Planet Doku,over the Horizon,Samsung,,,
https://youtu.be/E2oRrLUxWKo?t=47,I wanna Upapa!,愛の詩（V3）-初音ミク,LamazeP,,,
https://www.youtube.com/watch?v=EWP9Nr7IxUU,I wanna read the readme,Dogsong,Toby Fox,,,
https://youtu.be/zo37K7NdnIw?t=10,I wanna one,1,LamazeP,,,
https://youtu.be/iVN1BBFyciI?t=24,I wanna leave an extra umbrella 2,モリヤ一家のお料理教室,IOSYS,,,
https://www.youtube.com/watch?v=-8I9Ly9dDT8,I wanna Hallucination,Hallucination XXX,t+pazolite,,,
https://youtu.be/_IneeB-UDFA?t=60,I Wanna Have a Good WiFi,IndiHome Paket Phoenix,IndiHome,,,
https://youtu.be/-lRPEny5jug?t=66,I Wanna WAVE The TAPPER,Wavetapper,Frums,,,
https://youtu.be/Jf8NkWK-8sQ?t=53,I Wanna Find The 7 Readme,The Annual New England Xylophone Symposium,DoKashiteru (ft. Spinning Merkaba),,,
https://www.youtube.com/watch?v=um0ETkJABmI,I Wanna Find The 7 Readme,Go Kitty Go!,Dancing Cats,,,
https://youtu.be/Mc05pzuA9KQ?t=97,I Wanna Find The 7 Readme,Gate Openerz,Dj Sharpnel,,,
https://youtu.be/5n_IYWrBQuc?t=44,I Wanna Find The 7 Readme,A DARK ZONE,SomeBoyWhoMusics,,,
https://youtu.be/Ah-b87JKhNE?t=138,I Wanna Find The 7 Readme,After The Rain,Yoirone,,,
https://youtu.be/AKLVmfF92F8?t=127,I Wanna Find The 7 Readme,doze into purgatory,milksatan,,,
https://youtu.be/_-fsUQLVloI?t=229,I Wanna Find The 7 Readme,Rock Solid,Robin Beanland,,,
https://youtu.be/4ENJCHE4Feg?t=42,I Wanna Start a Party,Die Letzte Revolution,ISAo,,,
https://youtu.be/iI3WLGGo36I?t=20,I Wanna Start a Party,Black Sacred Storm,ISAo,,,
https://youtu.be/NP4sPRIyHKM?t=37,I Wanna be the Pendulum;I Wanna Start a Party,Another Medium,Toby Fox,,,
https://youtu.be/4L6KyOyHCmY?t=103,I Wanna Wane,Pinned My Dreams On A Shooting Star,Worthikids,,,
https://youtu.be/PGr610k7JJc?t=40,I Wanna be the NNN,Track 40 2018,katagiri,,,
https://www.youtube.com/watch?v=r20S4RSpfVc,ChatGPT Needle,so retro...,Xploshi,,,